00:52:13:372  INFO 20300 --- [main] com.hmall.item.ItemApplication           : Starting ItemApplication using Java 11.0.27 on GYL with PID 20300 (D:\hmsc\code\hmall\item-service\target\classes started by 郭译隆 in D:\hmsc\code\hmall)
00:52:13:377 DEBUG 20300 --- [main] com.hmall.item.ItemApplication           : Running with Spring Boot v2.7.12, Spring v5.3.27
00:52:13:377  INFO 20300 --- [main] com.hmall.item.ItemApplication           : The following 1 profile is active: "local"
00:52:14:192  INFO 20300 --- [main] o.s.cloud.context.scope.GenericScope     : BeanFactory id=34af7032-8c77-341e-ba46-07b62f1fe288
00:52:14:480  INFO 20300 --- [main] o.s.b.w.embedded.tomcat.TomcatWebServer  : Tomcat initialized with port(s): 8081 (http)
00:52:14:489  INFO 20300 --- [main] o.apache.catalina.core.StandardService   : Starting service [Tomcat]
00:52:14:489  INFO 20300 --- [main] org.apache.catalina.core.StandardEngine  : Starting Servlet engine: [Apache Tomcat/9.0.75]
00:52:14:596  INFO 20300 --- [main] o.a.c.c.C.[Tomcat].[localhost].[/]       : Initializing Spring embedded WebApplicationContext
00:52:14:596  INFO 20300 --- [main] w.s.c.ServletWebServerApplicationContext : Root WebApplicationContext: initialization completed in 1186 ms
00:52:16:517  INFO 18920 --- [main] com.hmall.item.ItemApplication           : Starting ItemApplication using Java 11.0.27 on GYL with PID 18920 (D:\hmsc\code\hmall\item-service\target\classes started by 郭译隆 in D:\hmsc\code\hmall)
00:52:16:519 DEBUG 18920 --- [main] com.hmall.item.ItemApplication           : Running with Spring Boot v2.7.12, Spring v5.3.27
00:52:16:519  INFO 18920 --- [main] com.hmall.item.ItemApplication           : The following 1 profile is active: "local"
00:52:17:163  INFO 18920 --- [main] o.s.cloud.context.scope.GenericScope     : BeanFactory id=34af7032-8c77-341e-ba46-07b62f1fe288
00:52:17:400  INFO 18920 --- [main] o.s.b.w.embedded.tomcat.TomcatWebServer  : Tomcat initialized with port(s): 8083 (http)
00:52:17:406  INFO 18920 --- [main] o.apache.catalina.core.StandardService   : Starting service [Tomcat]
00:52:17:406  INFO 18920 --- [main] org.apache.catalina.core.StandardEngine  : Starting Servlet engine: [Apache Tomcat/9.0.75]
00:52:17:495  INFO 18920 --- [main] o.a.c.c.C.[Tomcat].[localhost].[/]       : Initializing Spring embedded WebApplicationContext
00:52:17:495  INFO 18920 --- [main] w.s.c.ServletWebServerApplicationContext : Root WebApplicationContext: initialization completed in 943 ms
00:52:19:171  INFO 20300 --- [main] o.s.cloud.commons.util.InetUtils         : Cannot determine local hostname
00:52:19:190  INFO 20300 --- [main] pertySourcedRequestMappingHandlerMapping : Mapped URL path [/v2/api-docs] onto method [springfox.documentation.swagger2.web.Swagger2ControllerWebMvc#getDocumentation(String, HttpServletRequest)]
00:52:21:115  INFO 20300 --- [main] o.s.cloud.commons.util.InetUtils         : Cannot determine local hostname
00:52:21:192  INFO 20300 --- [main] com.alibaba.nacos.common.remote.client   : [RpcClientFactory] create a new rpc client of e9b27034-ecea-4b8a-af20-56993ea2dd63
00:52:21:221  INFO 20300 --- [main] org.reflections.Reflections              : Reflections took 16 ms to scan 1 urls, producing 3 keys and 6 values 
00:52:21:238  INFO 20300 --- [main] org.reflections.Reflections              : Reflections took 7 ms to scan 1 urls, producing 4 keys and 9 values 
00:52:21:245  INFO 20300 --- [main] org.reflections.Reflections              : Reflections took 5 ms to scan 1 urls, producing 3 keys and 10 values 
00:52:21:247  WARN 20300 --- [main] org.reflections.Reflections              : given scan urls are empty. set urls in the configuration
00:52:21:260  INFO 20300 --- [main] org.reflections.Reflections              : Reflections took 13 ms to scan 1 urls, producing 1 keys and 5 values 
00:52:21:267  INFO 20300 --- [main] org.reflections.Reflections              : Reflections took 5 ms to scan 1 urls, producing 1 keys and 7 values 
00:52:21:275  INFO 20300 --- [main] org.reflections.Reflections              : Reflections took 6 ms to scan 1 urls, producing 2 keys and 8 values 
00:52:21:276  WARN 20300 --- [main] org.reflections.Reflections              : given scan urls are empty. set urls in the configuration
00:52:21:277  INFO 20300 --- [main] com.alibaba.nacos.common.remote.client   : [e9b27034-ecea-4b8a-af20-56993ea2dd63] RpcClient init label, labels = {module=naming, source=sdk}
00:52:21:278  INFO 20300 --- [main] com.alibaba.nacos.common.remote.client   : [e9b27034-ecea-4b8a-af20-56993ea2dd63] RpcClient init, ServerListFactory = com.alibaba.nacos.client.naming.core.ServerListManager
00:52:21:278  INFO 20300 --- [main] com.alibaba.nacos.common.remote.client   : [e9b27034-ecea-4b8a-af20-56993ea2dd63] Registry connection listener to current client:com.alibaba.nacos.client.naming.remote.gprc.redo.NamingGrpcRedoService
00:52:21:279  INFO 20300 --- [main] com.alibaba.nacos.common.remote.client   : [e9b27034-ecea-4b8a-af20-56993ea2dd63] Register server push request handler:com.alibaba.nacos.client.naming.remote.gprc.NamingPushRequestHandler
00:52:21:280  INFO 20300 --- [main] com.alibaba.nacos.common.remote.client   : [e9b27034-ecea-4b8a-af20-56993ea2dd63] Try to connect to server on start up, server: {serverIp = '192.168.150.101', server main port = 8848}
00:52:21:837  INFO 18920 --- [main] o.s.cloud.commons.util.InetUtils         : Cannot determine local hostname
00:52:21:856  INFO 18920 --- [main] pertySourcedRequestMappingHandlerMapping : Mapped URL path [/v2/api-docs] onto method [springfox.documentation.swagger2.web.Swagger2ControllerWebMvc#getDocumentation(String, HttpServletRequest)]
00:52:23:766  INFO 20300 --- [main] com.alibaba.nacos.common.remote.client   : [e9b27034-ecea-4b8a-af20-56993ea2dd63] Success to connect to server [192.168.150.101:8848] on start up, connectionId = 1777734736007_192.168.150.1_51676
00:52:23:767  INFO 20300 --- [main] com.alibaba.nacos.common.remote.client   : [e9b27034-ecea-4b8a-af20-56993ea2dd63] Register server push request handler:com.alibaba.nacos.common.remote.client.RpcClient$ConnectResetRequestHandler
00:52:23:767  INFO 20300 --- [com.alibaba.nacos.client.remote.worker] com.alibaba.nacos.common.remote.client   : [e9b27034-ecea-4b8a-af20-56993ea2dd63] Notify connected event to listeners.
00:52:23:768  INFO 20300 --- [main] com.alibaba.nacos.common.remote.client   : [e9b27034-ecea-4b8a-af20-56993ea2dd63] Register server push request handler:com.alibaba.nacos.common.remote.client.RpcClient$$Lambda$903/0x0000000800654440
00:52:23:792  INFO 18920 --- [main] o.s.cloud.commons.util.InetUtils         : Cannot determine local hostname
00:52:23:818  INFO 20300 --- [main] o.s.b.w.embedded.tomcat.TomcatWebServer  : Tomcat started on port(s): 8081 (http) with context path ''
00:52:23:830  INFO 20300 --- [main] c.a.c.n.registry.NacosServiceRegistry    : nacos registry, DEFAULT_GROUP item-service 192.168.150.1:8081 register finished
00:52:23:879  INFO 18920 --- [main] com.alibaba.nacos.common.remote.client   : [RpcClientFactory] create a new rpc client of 284025c4-53e5-46d4-8f6c-d06a3fafa081
00:52:23:906  INFO 18920 --- [main] org.reflections.Reflections              : Reflections took 14 ms to scan 1 urls, producing 3 keys and 6 values 
00:52:23:923  INFO 18920 --- [main] org.reflections.Reflections              : Reflections took 7 ms to scan 1 urls, producing 4 keys and 9 values 
00:52:23:931  INFO 18920 --- [main] org.reflections.Reflections              : Reflections took 6 ms to scan 1 urls, producing 3 keys and 10 values 
00:52:23:933  WARN 18920 --- [main] org.reflections.Reflections              : given scan urls are empty. set urls in the configuration
00:52:23:938  INFO 18920 --- [main] org.reflections.Reflections              : Reflections took 5 ms to scan 1 urls, producing 1 keys and 5 values 
00:52:23:945  INFO 18920 --- [main] org.reflections.Reflections              : Reflections took 5 ms to scan 1 urls, producing 1 keys and 7 values 
00:52:23:952  INFO 18920 --- [main] org.reflections.Reflections              : Reflections took 5 ms to scan 1 urls, producing 2 keys and 8 values 
00:52:23:954  WARN 18920 --- [main] org.reflections.Reflections              : given scan urls are empty. set urls in the configuration
00:52:23:955  INFO 18920 --- [main] com.alibaba.nacos.common.remote.client   : [284025c4-53e5-46d4-8f6c-d06a3fafa081] RpcClient init label, labels = {module=naming, source=sdk}
00:52:23:956  INFO 18920 --- [main] com.alibaba.nacos.common.remote.client   : [284025c4-53e5-46d4-8f6c-d06a3fafa081] RpcClient init, ServerListFactory = com.alibaba.nacos.client.naming.core.ServerListManager
00:52:23:956  INFO 18920 --- [main] com.alibaba.nacos.common.remote.client   : [284025c4-53e5-46d4-8f6c-d06a3fafa081] Registry connection listener to current client:com.alibaba.nacos.client.naming.remote.gprc.redo.NamingGrpcRedoService
00:52:23:957  INFO 18920 --- [main] com.alibaba.nacos.common.remote.client   : [284025c4-53e5-46d4-8f6c-d06a3fafa081] Register server push request handler:com.alibaba.nacos.client.naming.remote.gprc.NamingPushRequestHandler
00:52:23:958  INFO 18920 --- [main] com.alibaba.nacos.common.remote.client   : [284025c4-53e5-46d4-8f6c-d06a3fafa081] Try to connect to server on start up, server: {serverIp = '192.168.150.101', server main port = 8848}
00:52:24:293  INFO 20300 --- [nacos-grpc-client-executor-8] com.alibaba.nacos.common.remote.client   : [e9b27034-ecea-4b8a-af20-56993ea2dd63] Receive server push request, request = NotifySubscriberRequest, requestId = 2
00:52:24:306  INFO 20300 --- [nacos-grpc-client-executor-8] com.alibaba.nacos.common.remote.client   : [e9b27034-ecea-4b8a-af20-56993ea2dd63] Ack server push request, request = NotifySubscriberRequest, requestId = 2
00:52:25:696  INFO 20300 --- [main] o.s.cloud.commons.util.InetUtils         : Cannot determine local hostname
00:52:25:696  INFO 20300 --- [main] d.s.w.p.DocumentationPluginsBootstrapper : Documentation plugins bootstrapped
00:52:25:699  INFO 20300 --- [main] d.s.w.p.DocumentationPluginsBootstrapper : Found 1 custom documentation plugin(s)
00:52:25:717  INFO 20300 --- [main] s.d.s.w.s.ApiListingReferenceScanner     : Scanning for api listing references
00:52:25:809  INFO 20300 --- [main] com.hmall.item.ItemApplication           : Started ItemApplication in 14.796 seconds (JVM running for 16.112)
00:52:26:697  INFO 18920 --- [main] com.alibaba.nacos.common.remote.client   : [284025c4-53e5-46d4-8f6c-d06a3fafa081] Success to connect to server [192.168.150.101:8848] on start up, connectionId = 1777734739111_192.168.150.1_51745
00:52:26:698  INFO 18920 --- [com.alibaba.nacos.client.remote.worker] com.alibaba.nacos.common.remote.client   : [284025c4-53e5-46d4-8f6c-d06a3fafa081] Notify connected event to listeners.
00:52:26:698  INFO 18920 --- [main] com.alibaba.nacos.common.remote.client   : [284025c4-53e5-46d4-8f6c-d06a3fafa081] Register server push request handler:com.alibaba.nacos.common.remote.client.RpcClient$ConnectResetRequestHandler
00:52:26:699  INFO 18920 --- [main] com.alibaba.nacos.common.remote.client   : [284025c4-53e5-46d4-8f6c-d06a3fafa081] Register server push request handler:com.alibaba.nacos.common.remote.client.RpcClient$$Lambda$903/0x0000000800654440
00:52:26:758  INFO 18920 --- [main] o.s.b.w.embedded.tomcat.TomcatWebServer  : Tomcat started on port(s): 8083 (http) with context path ''
00:52:26:770  INFO 18920 --- [main] c.a.c.n.registry.NacosServiceRegistry    : nacos registry, DEFAULT_GROUP item-service 192.168.150.1:8083 register finished
00:52:27:248  INFO 20300 --- [nacos-grpc-client-executor-10] com.alibaba.nacos.common.remote.client   : [e9b27034-ecea-4b8a-af20-56993ea2dd63] Receive server push request, request = NotifySubscriberRequest, requestId = 4
00:52:27:259  INFO 20300 --- [nacos-grpc-client-executor-10] com.alibaba.nacos.common.remote.client   : [e9b27034-ecea-4b8a-af20-56993ea2dd63] Ack server push request, request = NotifySubscriberRequest, requestId = 4
00:52:27:261  INFO 18920 --- [nacos-grpc-client-executor-9] com.alibaba.nacos.common.remote.client   : [284025c4-53e5-46d4-8f6c-d06a3fafa081] Receive server push request, request = NotifySubscriberRequest, requestId = 3
00:52:27:271  INFO 18920 --- [nacos-grpc-client-executor-9] com.alibaba.nacos.common.remote.client   : [284025c4-53e5-46d4-8f6c-d06a3fafa081] Ack server push request, request = NotifySubscriberRequest, requestId = 3
00:52:28:700  INFO 18920 --- [main] o.s.cloud.commons.util.InetUtils         : Cannot determine local hostname
00:52:28:701  INFO 18920 --- [main] d.s.w.p.DocumentationPluginsBootstrapper : Documentation plugins bootstrapped
00:52:28:703  INFO 18920 --- [main] d.s.w.p.DocumentationPluginsBootstrapper : Found 1 custom documentation plugin(s)
00:52:28:720  INFO 18920 --- [main] s.d.s.w.s.ApiListingReferenceScanner     : Scanning for api listing references
00:52:28:798  INFO 18920 --- [main] com.hmall.item.ItemApplication           : Started ItemApplication in 14.695 seconds (JVM running for 15.951)
00:57:27:860  WARN 20300 --- [Thread-7] c.a.n.common.http.HttpClientBeanHolder   : [HttpClientBeanHolder] Start destroying common HttpClient
00:57:27:860  WARN 20300 --- [Thread-4] c.a.nacos.common.notify.NotifyCenter     : [NotifyCenter] Start destroying Publisher
00:57:27:860  WARN 20300 --- [Thread-4] c.a.nacos.common.notify.NotifyCenter     : [NotifyCenter] Destruction of the end
00:57:27:861  WARN 20300 --- [Thread-7] c.a.n.common.http.HttpClientBeanHolder   : [HttpClientBeanHolder] Destruction of the end
00:57:28:850  INFO 20300 --- [SpringApplicationShutdownHook] c.a.c.n.registry.NacosServiceRegistry    : De-registering from Nacos Server now...
00:57:28:857  INFO 20300 --- [SpringApplicationShutdownHook] c.a.c.n.registry.NacosServiceRegistry    : De-registration finished.
00:57:29:169  INFO 20300 --- [SpringApplicationShutdownHook] com.alibaba.nacos.common.remote.client   : Shutdown rpc client, set status to shutdown
00:57:29:170  INFO 20300 --- [SpringApplicationShutdownHook] com.alibaba.nacos.common.remote.client   : Shutdown client event executor java.util.concurrent.ScheduledThreadPoolExecutor@1dbbca21[Running, pool size = 2, active threads = 2, queued tasks = 0, completed tasks = 0]
00:57:29:170  INFO 20300 --- [SpringApplicationShutdownHook] com.alibaba.nacos.common.remote.client   : Close current connection 1777734736007_192.168.150.1_51676
00:57:29:173  INFO 20300 --- [nacos-grpc-client-executor-75] c.a.n.c.remote.client.grpc.GrpcClient    : [1777734736007_192.168.150.1_51676]Ignore complete event,isRunning:false,isAbandon=false
00:57:29:174  INFO 20300 --- [SpringApplicationShutdownHook] c.a.n.c.remote.client.grpc.GrpcClient    : Shutdown grpc executor java.util.concurrent.ThreadPoolExecutor@1da66248[Running, pool size = 5, active threads = 0, queued tasks = 0, completed tasks = 76]
00:57:29:341  INFO 18920 --- [nacos-grpc-client-executor-73] com.alibaba.nacos.common.remote.client   : [284025c4-53e5-46d4-8f6c-d06a3fafa081] Receive server push request, request = NotifySubscriberRequest, requestId = 5
00:57:29:351  INFO 18920 --- [nacos-grpc-client-executor-73] com.alibaba.nacos.common.remote.client   : [284025c4-53e5-46d4-8f6c-d06a3fafa081] Ack server push request, request = NotifySubscriberRequest, requestId = 5
00:57:31:806  WARN 18920 --- [Thread-4] c.a.nacos.common.notify.NotifyCenter     : [NotifyCenter] Start destroying Publisher
00:57:31:806  WARN 18920 --- [Thread-7] c.a.n.common.http.HttpClientBeanHolder   : [HttpClientBeanHolder] Start destroying common HttpClient
00:57:31:806  WARN 18920 --- [Thread-4] c.a.nacos.common.notify.NotifyCenter     : [NotifyCenter] Destruction of the end
00:57:31:807  WARN 18920 --- [Thread-7] c.a.n.common.http.HttpClientBeanHolder   : [HttpClientBeanHolder] Destruction of the end
00:57:32:711  INFO 18920 --- [SpringApplicationShutdownHook] c.a.c.n.registry.NacosServiceRegistry    : De-registering from Nacos Server now...
00:57:32:717  INFO 18920 --- [SpringApplicationShutdownHook] c.a.c.n.registry.NacosServiceRegistry    : De-registration finished.
00:57:33:028  INFO 18920 --- [SpringApplicationShutdownHook] com.alibaba.nacos.common.remote.client   : Shutdown rpc client, set status to shutdown
00:57:33:028  INFO 18920 --- [SpringApplicationShutdownHook] com.alibaba.nacos.common.remote.client   : Shutdown client event executor java.util.concurrent.ScheduledThreadPoolExecutor@38137069[Running, pool size = 2, active threads = 2, queued tasks = 0, completed tasks = 0]
00:57:33:028  INFO 18920 --- [SpringApplicationShutdownHook] com.alibaba.nacos.common.remote.client   : Close current connection 1777734739111_192.168.150.1_51745
00:57:33:031  INFO 18920 --- [nacos-grpc-client-executor-76] c.a.n.c.remote.client.grpc.GrpcClient    : [1777734739111_192.168.150.1_51745]Ignore complete event,isRunning:false,isAbandon=false
00:57:33:032  INFO 18920 --- [SpringApplicationShutdownHook] c.a.n.c.remote.client.grpc.GrpcClient    : Shutdown grpc executor java.util.concurrent.ThreadPoolExecutor@1b9ba005[Running, pool size = 6, active threads = 0, queued tasks = 0, completed tasks = 77]
00:57:34:564  INFO 20032 --- [main] com.hmall.item.ItemApplication           : Starting ItemApplication using Java 11.0.27 on GYL with PID 20032 (D:\hmsc\code\hmall\item-service\target\classes started by 郭译隆 in D:\hmsc\code\hmall)
00:57:34:566 DEBUG 20032 --- [main] com.hmall.item.ItemApplication           : Running with Spring Boot v2.7.12, Spring v5.3.27
00:57:34:567  INFO 20032 --- [main] com.hmall.item.ItemApplication           : The following 1 profile is active: "local"
00:57:35:285  INFO 20032 --- [main] o.s.cloud.context.scope.GenericScope     : BeanFactory id=34af7032-8c77-341e-ba46-07b62f1fe288
00:57:35:594  INFO 20032 --- [main] o.s.b.w.embedded.tomcat.TomcatWebServer  : Tomcat initialized with port(s): 8081 (http)
00:57:35:602  INFO 20032 --- [main] o.apache.catalina.core.StandardService   : Starting service [Tomcat]
00:57:35:602  INFO 20032 --- [main] org.apache.catalina.core.StandardEngine  : Starting Servlet engine: [Apache Tomcat/9.0.75]
00:57:35:717  INFO 20032 --- [main] o.a.c.c.C.[Tomcat].[localhost].[/]       : Initializing Spring embedded WebApplicationContext
00:57:35:718  INFO 20032 --- [main] w.s.c.ServletWebServerApplicationContext : Root WebApplicationContext: initialization completed in 1113 ms
00:57:38:000  INFO 21924 --- [main] com.hmall.item.ItemApplication           : Starting ItemApplication using Java 11.0.27 on GYL with PID 21924 (D:\hmsc\code\hmall\item-service\target\classes started by 郭译隆 in D:\hmsc\code\hmall)
00:57:38:001 DEBUG 21924 --- [main] com.hmall.item.ItemApplication           : Running with Spring Boot v2.7.12, Spring v5.3.27
00:57:38:002  INFO 21924 --- [main] com.hmall.item.ItemApplication           : The following 1 profile is active: "local"
00:57:38:685  INFO 21924 --- [main] o.s.cloud.context.scope.GenericScope     : BeanFactory id=34af7032-8c77-341e-ba46-07b62f1fe288
00:57:38:929  INFO 21924 --- [main] o.s.b.w.embedded.tomcat.TomcatWebServer  : Tomcat initialized with port(s): 8083 (http)
00:57:38:936  INFO 21924 --- [main] o.apache.catalina.core.StandardService   : Starting service [Tomcat]
00:57:38:936  INFO 21924 --- [main] org.apache.catalina.core.StandardEngine  : Starting Servlet engine: [Apache Tomcat/9.0.75]
00:57:39:036  INFO 21924 --- [main] o.a.c.c.C.[Tomcat].[localhost].[/]       : Initializing Spring embedded WebApplicationContext
00:57:39:036  INFO 21924 --- [main] w.s.c.ServletWebServerApplicationContext : Root WebApplicationContext: initialization completed in 1006 ms
00:57:40:816  INFO 20032 --- [main] o.s.cloud.commons.util.InetUtils         : Cannot determine local hostname
00:57:40:840  INFO 20032 --- [main] pertySourcedRequestMappingHandlerMapping : Mapped URL path [/v2/api-docs] onto method [springfox.documentation.swagger2.web.Swagger2ControllerWebMvc#getDocumentation(String, HttpServletRequest)]
00:57:43:135  INFO 20032 --- [main] o.s.cloud.commons.util.InetUtils         : Cannot determine local hostname
00:57:43:230  INFO 20032 --- [main] com.alibaba.nacos.common.remote.client   : [RpcClientFactory] create a new rpc client of 80328db7-7911-4c51-a196-e4fb65f11cf6
00:57:43:263  INFO 20032 --- [main] org.reflections.Reflections              : Reflections took 18 ms to scan 1 urls, producing 3 keys and 6 values 
00:57:43:284  INFO 20032 --- [main] org.reflections.Reflections              : Reflections took 8 ms to scan 1 urls, producing 4 keys and 9 values 
00:57:43:292  INFO 20032 --- [main] org.reflections.Reflections              : Reflections took 6 ms to scan 1 urls, producing 3 keys and 10 values 
00:57:43:295  WARN 20032 --- [main] org.reflections.Reflections              : given scan urls are empty. set urls in the configuration
00:57:43:303  INFO 20032 --- [main] org.reflections.Reflections              : Reflections took 7 ms to scan 1 urls, producing 1 keys and 5 values 
00:57:43:312  INFO 20032 --- [main] org.reflections.Reflections              : Reflections took 6 ms to scan 1 urls, producing 1 keys and 7 values 
00:57:43:320  INFO 20032 --- [main] org.reflections.Reflections              : Reflections took 6 ms to scan 1 urls, producing 2 keys and 8 values 
00:57:43:322  WARN 20032 --- [main] org.reflections.Reflections              : given scan urls are empty. set urls in the configuration
00:57:43:323  INFO 20032 --- [main] com.alibaba.nacos.common.remote.client   : [80328db7-7911-4c51-a196-e4fb65f11cf6] RpcClient init label, labels = {module=naming, source=sdk}
00:57:43:325  INFO 20032 --- [main] com.alibaba.nacos.common.remote.client   : [80328db7-7911-4c51-a196-e4fb65f11cf6] RpcClient init, ServerListFactory = com.alibaba.nacos.client.naming.core.ServerListManager
00:57:43:326  INFO 20032 --- [main] com.alibaba.nacos.common.remote.client   : [80328db7-7911-4c51-a196-e4fb65f11cf6] Registry connection listener to current client:com.alibaba.nacos.client.naming.remote.gprc.redo.NamingGrpcRedoService
00:57:43:326  INFO 20032 --- [main] com.alibaba.nacos.common.remote.client   : [80328db7-7911-4c51-a196-e4fb65f11cf6] Register server push request handler:com.alibaba.nacos.client.naming.remote.gprc.NamingPushRequestHandler
00:57:43:327  INFO 20032 --- [main] com.alibaba.nacos.common.remote.client   : [80328db7-7911-4c51-a196-e4fb65f11cf6] Try to connect to server on start up, server: {serverIp = '192.168.150.101', server main port = 8848}
00:57:44:767  INFO 21924 --- [main] o.s.cloud.commons.util.InetUtils         : Cannot determine local hostname
00:57:44:787  INFO 21924 --- [main] pertySourcedRequestMappingHandlerMapping : Mapped URL path [/v2/api-docs] onto method [springfox.documentation.swagger2.web.Swagger2ControllerWebMvc#getDocumentation(String, HttpServletRequest)]
00:57:46:507  INFO 20032 --- [main] com.alibaba.nacos.common.remote.client   : [80328db7-7911-4c51-a196-e4fb65f11cf6] Success to connect to server [192.168.150.101:8848] on start up, connectionId = 1777735085631_192.168.150.1_56492
00:57:46:507  INFO 20032 --- [com.alibaba.nacos.client.remote.worker] com.alibaba.nacos.common.remote.client   : [80328db7-7911-4c51-a196-e4fb65f11cf6] Notify connected event to listeners.
00:57:46:508  INFO 20032 --- [main] com.alibaba.nacos.common.remote.client   : [80328db7-7911-4c51-a196-e4fb65f11cf6] Register server push request handler:com.alibaba.nacos.common.remote.client.RpcClient$ConnectResetRequestHandler
00:57:46:509  INFO 20032 --- [main] com.alibaba.nacos.common.remote.client   : [80328db7-7911-4c51-a196-e4fb65f11cf6] Register server push request handler:com.alibaba.nacos.common.remote.client.RpcClient$$Lambda$904/0x0000000800653c40
00:57:46:558  INFO 20032 --- [main] o.s.b.w.embedded.tomcat.TomcatWebServer  : Tomcat started on port(s): 8081 (http) with context path ''
00:57:46:570  INFO 20032 --- [main] c.a.c.n.registry.NacosServiceRegistry    : nacos registry, DEFAULT_GROUP item-service 192.168.150.1:8081 register finished
00:57:46:891  INFO 21924 --- [main] o.s.cloud.commons.util.InetUtils         : Cannot determine local hostname
00:57:46:982  INFO 21924 --- [main] com.alibaba.nacos.common.remote.client   : [RpcClientFactory] create a new rpc client of b22208ef-6517-4dc3-a690-5316c689a282
00:57:46:995  INFO 20032 --- [nacos-grpc-client-executor-10] com.alibaba.nacos.common.remote.client   : [80328db7-7911-4c51-a196-e4fb65f11cf6] Receive server push request, request = NotifySubscriberRequest, requestId = 6
00:57:47:007  INFO 20032 --- [nacos-grpc-client-executor-10] com.alibaba.nacos.common.remote.client   : [80328db7-7911-4c51-a196-e4fb65f11cf6] Ack server push request, request = NotifySubscriberRequest, requestId = 6
00:57:47:018  INFO 21924 --- [main] org.reflections.Reflections              : Reflections took 20 ms to scan 1 urls, producing 3 keys and 6 values 
00:57:47:037  INFO 21924 --- [main] org.reflections.Reflections              : Reflections took 8 ms to scan 1 urls, producing 4 keys and 9 values 
00:57:47:045  INFO 21924 --- [main] org.reflections.Reflections              : Reflections took 6 ms to scan 1 urls, producing 3 keys and 10 values 
00:57:47:047  WARN 21924 --- [main] org.reflections.Reflections              : given scan urls are empty. set urls in the configuration
00:57:47:061  INFO 21924 --- [main] org.reflections.Reflections              : Reflections took 14 ms to scan 1 urls, producing 1 keys and 5 values 
00:57:47:076  INFO 21924 --- [main] org.reflections.Reflections              : Reflections took 12 ms to scan 1 urls, producing 1 keys and 7 values 
00:57:47:089  INFO 21924 --- [main] org.reflections.Reflections              : Reflections took 10 ms to scan 1 urls, producing 2 keys and 8 values 
00:57:47:091  WARN 21924 --- [main] org.reflections.Reflections              : given scan urls are empty. set urls in the configuration
00:57:47:092  INFO 21924 --- [main] com.alibaba.nacos.common.remote.client   : [b22208ef-6517-4dc3-a690-5316c689a282] RpcClient init label, labels = {module=naming, source=sdk}
00:57:47:094  INFO 21924 --- [main] com.alibaba.nacos.common.remote.client   : [b22208ef-6517-4dc3-a690-5316c689a282] RpcClient init, ServerListFactory = com.alibaba.nacos.client.naming.core.ServerListManager
00:57:47:094  INFO 21924 --- [main] com.alibaba.nacos.common.remote.client   : [b22208ef-6517-4dc3-a690-5316c689a282] Registry connection listener to current client:com.alibaba.nacos.client.naming.remote.gprc.redo.NamingGrpcRedoService
00:57:47:095  INFO 21924 --- [main] com.alibaba.nacos.common.remote.client   : [b22208ef-6517-4dc3-a690-5316c689a282] Register server push request handler:com.alibaba.nacos.client.naming.remote.gprc.NamingPushRequestHandler
00:57:47:096  INFO 21924 --- [main] com.alibaba.nacos.common.remote.client   : [b22208ef-6517-4dc3-a690-5316c689a282] Try to connect to server on start up, server: {serverIp = '192.168.150.101', server main port = 8848}
00:57:48:635  INFO 20032 --- [main] o.s.cloud.commons.util.InetUtils         : Cannot determine local hostname
00:57:48:635  INFO 20032 --- [main] d.s.w.p.DocumentationPluginsBootstrapper : Documentation plugins bootstrapped
00:57:48:638  INFO 20032 --- [main] d.s.w.p.DocumentationPluginsBootstrapper : Found 1 custom documentation plugin(s)
00:57:48:656  INFO 20032 --- [main] s.d.s.w.s.ApiListingReferenceScanner     : Scanning for api listing references
00:57:48:740  INFO 20032 --- [main] com.hmall.item.ItemApplication           : Started ItemApplication in 16.935 seconds (JVM running for 18.416)
00:57:50:308  INFO 21924 --- [main] com.alibaba.nacos.common.remote.client   : [b22208ef-6517-4dc3-a690-5316c689a282] Success to connect to server [192.168.150.101:8848] on start up, connectionId = 1777735089715_192.168.150.1_56561
00:57:50:308  INFO 21924 --- [com.alibaba.nacos.client.remote.worker] com.alibaba.nacos.common.remote.client   : [b22208ef-6517-4dc3-a690-5316c689a282] Notify connected event to listeners.
00:57:50:309  INFO 21924 --- [main] com.alibaba.nacos.common.remote.client   : [b22208ef-6517-4dc3-a690-5316c689a282] Register server push request handler:com.alibaba.nacos.common.remote.client.RpcClient$ConnectResetRequestHandler
00:57:50:310  INFO 21924 --- [main] com.alibaba.nacos.common.remote.client   : [b22208ef-6517-4dc3-a690-5316c689a282] Register server push request handler:com.alibaba.nacos.common.remote.client.RpcClient$$Lambda$904/0x0000000800653840
00:57:50:366  INFO 21924 --- [main] o.s.b.w.embedded.tomcat.TomcatWebServer  : Tomcat started on port(s): 8083 (http) with context path ''
00:57:50:377  INFO 21924 --- [main] c.a.c.n.registry.NacosServiceRegistry    : nacos registry, DEFAULT_GROUP item-service 192.168.150.1:8083 register finished
00:57:50:828  INFO 20032 --- [nacos-grpc-client-executor-12] com.alibaba.nacos.common.remote.client   : [80328db7-7911-4c51-a196-e4fb65f11cf6] Receive server push request, request = NotifySubscriberRequest, requestId = 8
00:57:50:837  INFO 21924 --- [nacos-grpc-client-executor-9] com.alibaba.nacos.common.remote.client   : [b22208ef-6517-4dc3-a690-5316c689a282] Receive server push request, request = NotifySubscriberRequest, requestId = 7
00:57:50:837  INFO 20032 --- [nacos-grpc-client-executor-12] com.alibaba.nacos.common.remote.client   : [80328db7-7911-4c51-a196-e4fb65f11cf6] Ack server push request, request = NotifySubscriberRequest, requestId = 8
00:57:50:846  INFO 21924 --- [nacos-grpc-client-executor-9] com.alibaba.nacos.common.remote.client   : [b22208ef-6517-4dc3-a690-5316c689a282] Ack server push request, request = NotifySubscriberRequest, requestId = 7
00:57:51:439  WARN 20032 --- [Thread-7] c.a.n.common.http.HttpClientBeanHolder   : [HttpClientBeanHolder] Start destroying common HttpClient
00:57:51:439  WARN 20032 --- [Thread-4] c.a.nacos.common.notify.NotifyCenter     : [NotifyCenter] Start destroying Publisher
00:57:51:440  WARN 20032 --- [Thread-4] c.a.nacos.common.notify.NotifyCenter     : [NotifyCenter] Destruction of the end
00:57:51:440  WARN 20032 --- [Thread-7] c.a.n.common.http.HttpClientBeanHolder   : [HttpClientBeanHolder] Destruction of the end
00:57:52:141  INFO 20032 --- [SpringApplicationShutdownHook] c.a.c.n.registry.NacosServiceRegistry    : De-registering from Nacos Server now...
00:57:52:148  INFO 20032 --- [SpringApplicationShutdownHook] c.a.c.n.registry.NacosServiceRegistry    : De-registration finished.
00:57:52:419  INFO 21924 --- [main] o.s.cloud.commons.util.InetUtils         : Cannot determine local hostname
00:57:52:419  INFO 21924 --- [main] d.s.w.p.DocumentationPluginsBootstrapper : Documentation plugins bootstrapped
00:57:52:422  INFO 21924 --- [main] d.s.w.p.DocumentationPluginsBootstrapper : Found 1 custom documentation plugin(s)
00:57:52:440  INFO 21924 --- [main] s.d.s.w.s.ApiListingReferenceScanner     : Scanning for api listing references
00:57:52:519  INFO 21924 --- [main] com.hmall.item.ItemApplication           : Started ItemApplication in 17.059 seconds (JVM running for 18.585)
00:57:52:647  INFO 20032 --- [nacos-grpc-client-executor-15] com.alibaba.nacos.common.remote.client   : [80328db7-7911-4c51-a196-e4fb65f11cf6] Receive server push request, request = NotifySubscriberRequest, requestId = 10
00:57:52:647  INFO 21924 --- [nacos-grpc-client-executor-11] com.alibaba.nacos.common.remote.client   : [b22208ef-6517-4dc3-a690-5316c689a282] Receive server push request, request = NotifySubscriberRequest, requestId = 9
00:57:52:658  INFO 21924 --- [nacos-grpc-client-executor-11] com.alibaba.nacos.common.remote.client   : [b22208ef-6517-4dc3-a690-5316c689a282] Ack server push request, request = NotifySubscriberRequest, requestId = 9
00:57:52:658  INFO 20032 --- [nacos-grpc-client-executor-15] com.alibaba.nacos.common.remote.client   : [80328db7-7911-4c51-a196-e4fb65f11cf6] Ack server push request, request = NotifySubscriberRequest, requestId = 10
00:57:52:764  INFO 20032 --- [SpringApplicationShutdownHook] com.alibaba.nacos.common.remote.client   : Shutdown rpc client, set status to shutdown
00:57:52:764  INFO 20032 --- [SpringApplicationShutdownHook] com.alibaba.nacos.common.remote.client   : Shutdown client event executor java.util.concurrent.ScheduledThreadPoolExecutor@5ca1ee3a[Running, pool size = 2, active threads = 2, queued tasks = 0, completed tasks = 0]
00:57:52:764  INFO 20032 --- [SpringApplicationShutdownHook] com.alibaba.nacos.common.remote.client   : Close current connection 1777735085631_192.168.150.1_56492
00:57:52:768  INFO 20032 --- [SpringApplicationShutdownHook] c.a.n.c.remote.client.grpc.GrpcClient    : Shutdown grpc executor java.util.concurrent.ThreadPoolExecutor@1232e9f7[Running, pool size = 16, active threads = 0, queued tasks = 0, completed tasks = 16]
00:57:57:774  INFO 21484 --- [main] com.hmall.item.ItemApplication           : Starting ItemApplication using Java 11.0.27 on GYL with PID 21484 (D:\hmsc\code\hmall\item-service\target\classes started by 郭译隆 in D:\hmsc\code\hmall)
00:57:57:775 DEBUG 21484 --- [main] com.hmall.item.ItemApplication           : Running with Spring Boot v2.7.12, Spring v5.3.27
00:57:57:776  INFO 21484 --- [main] com.hmall.item.ItemApplication           : The following 1 profile is active: "local"
00:57:57:865  WARN 21924 --- [Thread-4] c.a.nacos.common.notify.NotifyCenter     : [NotifyCenter] Start destroying Publisher
00:57:57:865  WARN 21924 --- [Thread-7] c.a.n.common.http.HttpClientBeanHolder   : [HttpClientBeanHolder] Start destroying common HttpClient
00:57:57:865  WARN 21924 --- [Thread-4] c.a.nacos.common.notify.NotifyCenter     : [NotifyCenter] Destruction of the end
00:57:57:866  WARN 21924 --- [Thread-7] c.a.n.common.http.HttpClientBeanHolder   : [HttpClientBeanHolder] Destruction of the end
00:57:58:528  INFO 21484 --- [main] o.s.cloud.context.scope.GenericScope     : BeanFactory id=34af7032-8c77-341e-ba46-07b62f1fe288
00:57:58:661  INFO 21924 --- [SpringApplicationShutdownHook] c.a.c.n.registry.NacosServiceRegistry    : De-registering from Nacos Server now...
00:57:58:673  INFO 21924 --- [SpringApplicationShutdownHook] c.a.c.n.registry.NacosServiceRegistry    : De-registration finished.
00:57:58:781  INFO 21484 --- [main] o.s.b.w.embedded.tomcat.TomcatWebServer  : Tomcat initialized with port(s): 8081 (http)
00:57:58:788  INFO 21484 --- [main] o.apache.catalina.core.StandardService   : Starting service [Tomcat]
00:57:58:788  INFO 21484 --- [main] org.apache.catalina.core.StandardEngine  : Starting Servlet engine: [Apache Tomcat/9.0.75]
00:57:58:884  INFO 21484 --- [main] o.a.c.c.C.[Tomcat].[localhost].[/]       : Initializing Spring embedded WebApplicationContext
00:57:58:884  INFO 21484 --- [main] w.s.c.ServletWebServerApplicationContext : Root WebApplicationContext: initialization completed in 1081 ms
00:57:58:985  INFO 21924 --- [SpringApplicationShutdownHook] com.alibaba.nacos.common.remote.client   : Shutdown rpc client, set status to shutdown
00:57:58:985  INFO 21924 --- [SpringApplicationShutdownHook] com.alibaba.nacos.common.remote.client   : Shutdown client event executor java.util.concurrent.ScheduledThreadPoolExecutor@590672b4[Running, pool size = 2, active threads = 2, queued tasks = 0, completed tasks = 0]
00:57:58:985  INFO 21924 --- [SpringApplicationShutdownHook] com.alibaba.nacos.common.remote.client   : Close current connection 1777735089715_192.168.150.1_56561
00:57:58:989  INFO 21924 --- [SpringApplicationShutdownHook] c.a.n.c.remote.client.grpc.GrpcClient    : Shutdown grpc executor java.util.concurrent.ThreadPoolExecutor@5d89a712[Running, pool size = 14, active threads = 0, queued tasks = 0, completed tasks = 14]
00:58:04:263  INFO 21524 --- [main] com.hmall.item.ItemApplication           : Starting ItemApplication using Java 11.0.27 on GYL with PID 21524 (D:\hmsc\code\hmall\item-service\target\classes started by 郭译隆 in D:\hmsc\code\hmall)
00:58:04:265 DEBUG 21524 --- [main] com.hmall.item.ItemApplication           : Running with Spring Boot v2.7.12, Spring v5.3.27
00:58:04:265  INFO 21524 --- [main] com.hmall.item.ItemApplication           : The following 1 profile is active: "local"
00:58:04:621  INFO 21484 --- [main] o.s.cloud.commons.util.InetUtils         : Cannot determine local hostname
00:58:04:654  INFO 21484 --- [main] pertySourcedRequestMappingHandlerMapping : Mapped URL path [/v2/api-docs] onto method [springfox.documentation.swagger2.web.Swagger2ControllerWebMvc#getDocumentation(String, HttpServletRequest)]
00:58:04:936  INFO 21524 --- [main] o.s.cloud.context.scope.GenericScope     : BeanFactory id=34af7032-8c77-341e-ba46-07b62f1fe288
00:58:05:169  INFO 21524 --- [main] o.s.b.w.embedded.tomcat.TomcatWebServer  : Tomcat initialized with port(s): 8083 (http)
00:58:05:176  INFO 21524 --- [main] o.apache.catalina.core.StandardService   : Starting service [Tomcat]
00:58:05:177  INFO 21524 --- [main] org.apache.catalina.core.StandardEngine  : Starting Servlet engine: [Apache Tomcat/9.0.75]
00:58:05:270  INFO 21524 --- [main] o.a.c.c.C.[Tomcat].[localhost].[/]       : Initializing Spring embedded WebApplicationContext
00:58:05:270  INFO 21524 --- [main] w.s.c.ServletWebServerApplicationContext : Root WebApplicationContext: initialization completed in 977 ms
00:58:06:686  INFO 21484 --- [main] o.s.cloud.commons.util.InetUtils         : Cannot determine local hostname
00:58:06:767  INFO 21484 --- [main] com.alibaba.nacos.common.remote.client   : [RpcClientFactory] create a new rpc client of 73d0a60b-f6b2-4bd9-a577-31bdfa116504
00:58:06:796  INFO 21484 --- [main] org.reflections.Reflections              : Reflections took 15 ms to scan 1 urls, producing 3 keys and 6 values 
00:58:06:814  INFO 21484 --- [main] org.reflections.Reflections              : Reflections took 7 ms to scan 1 urls, producing 4 keys and 9 values 
00:58:06:822  INFO 21484 --- [main] org.reflections.Reflections              : Reflections took 6 ms to scan 1 urls, producing 3 keys and 10 values 
00:58:06:824  WARN 21484 --- [main] org.reflections.Reflections              : given scan urls are empty. set urls in the configuration
00:58:06:829  INFO 21484 --- [main] org.reflections.Reflections              : Reflections took 5 ms to scan 1 urls, producing 1 keys and 5 values 
00:58:06:836  INFO 21484 --- [main] org.reflections.Reflections              : Reflections took 5 ms to scan 1 urls, producing 1 keys and 7 values 
00:58:06:843  INFO 21484 --- [main] org.reflections.Reflections              : Reflections took 5 ms to scan 1 urls, producing 2 keys and 8 values 
00:58:06:845  WARN 21484 --- [main] org.reflections.Reflections              : given scan urls are empty. set urls in the configuration
00:58:06:846  INFO 21484 --- [main] com.alibaba.nacos.common.remote.client   : [73d0a60b-f6b2-4bd9-a577-31bdfa116504] RpcClient init label, labels = {module=naming, source=sdk}
00:58:06:847  INFO 21484 --- [main] com.alibaba.nacos.common.remote.client   : [73d0a60b-f6b2-4bd9-a577-31bdfa116504] RpcClient init, ServerListFactory = com.alibaba.nacos.client.naming.core.ServerListManager
00:58:06:847  INFO 21484 --- [main] com.alibaba.nacos.common.remote.client   : [73d0a60b-f6b2-4bd9-a577-31bdfa116504] Registry connection listener to current client:com.alibaba.nacos.client.naming.remote.gprc.redo.NamingGrpcRedoService
00:58:06:848  INFO 21484 --- [main] com.alibaba.nacos.common.remote.client   : [73d0a60b-f6b2-4bd9-a577-31bdfa116504] Register server push request handler:com.alibaba.nacos.client.naming.remote.gprc.NamingPushRequestHandler
00:58:06:849  INFO 21484 --- [main] com.alibaba.nacos.common.remote.client   : [73d0a60b-f6b2-4bd9-a577-31bdfa116504] Try to connect to server on start up, server: {serverIp = '192.168.150.101', server main port = 8848}
00:58:09:710  INFO 21484 --- [main] com.alibaba.nacos.common.remote.client   : [73d0a60b-f6b2-4bd9-a577-31bdfa116504] Success to connect to server [192.168.150.101:8848] on start up, connectionId = 1777735110772_192.168.150.1_60161
00:58:09:711  INFO 21484 --- [main] com.alibaba.nacos.common.remote.client   : [73d0a60b-f6b2-4bd9-a577-31bdfa116504] Register server push request handler:com.alibaba.nacos.common.remote.client.RpcClient$ConnectResetRequestHandler
00:58:09:711  INFO 21484 --- [com.alibaba.nacos.client.remote.worker] com.alibaba.nacos.common.remote.client   : [73d0a60b-f6b2-4bd9-a577-31bdfa116504] Notify connected event to listeners.
00:58:09:712  INFO 21484 --- [main] com.alibaba.nacos.common.remote.client   : [73d0a60b-f6b2-4bd9-a577-31bdfa116504] Register server push request handler:com.alibaba.nacos.common.remote.client.RpcClient$$Lambda$904/0x0000000800653840
00:58:09:758  INFO 21484 --- [main] o.s.b.w.embedded.tomcat.TomcatWebServer  : Tomcat started on port(s): 8081 (http) with context path ''
00:58:09:769  INFO 21484 --- [main] c.a.c.n.registry.NacosServiceRegistry    : nacos registry, DEFAULT_GROUP item-service 192.168.150.1:8081 register finished
00:58:10:100  INFO 21524 --- [main] o.s.cloud.commons.util.InetUtils         : Cannot determine local hostname
00:58:10:119  INFO 21524 --- [main] pertySourcedRequestMappingHandlerMapping : Mapped URL path [/v2/api-docs] onto method [springfox.documentation.swagger2.web.Swagger2ControllerWebMvc#getDocumentation(String, HttpServletRequest)]
00:58:10:211  INFO 21484 --- [nacos-grpc-client-executor-9] com.alibaba.nacos.common.remote.client   : [73d0a60b-f6b2-4bd9-a577-31bdfa116504] Receive server push request, request = NotifySubscriberRequest, requestId = 12
00:58:10:224  INFO 21484 --- [nacos-grpc-client-executor-9] com.alibaba.nacos.common.remote.client   : [73d0a60b-f6b2-4bd9-a577-31bdfa116504] Ack server push request, request = NotifySubscriberRequest, requestId = 12
00:58:11:753  INFO 21484 --- [main] o.s.cloud.commons.util.InetUtils         : Cannot determine local hostname
00:58:11:754  INFO 21484 --- [main] d.s.w.p.DocumentationPluginsBootstrapper : Documentation plugins bootstrapped
00:58:11:756  INFO 21484 --- [main] d.s.w.p.DocumentationPluginsBootstrapper : Found 1 custom documentation plugin(s)
00:58:11:774  INFO 21484 --- [main] s.d.s.w.s.ApiListingReferenceScanner     : Scanning for api listing references
00:58:11:852  INFO 21484 --- [main] com.hmall.item.ItemApplication           : Started ItemApplication in 16.617 seconds (JVM running for 18.154)
00:58:12:136  INFO 21524 --- [main] o.s.cloud.commons.util.InetUtils         : Cannot determine local hostname
00:58:12:216  INFO 21524 --- [main] com.alibaba.nacos.common.remote.client   : [RpcClientFactory] create a new rpc client of 8996ad41-bfd7-4555-9513-85d896a18ec0
00:58:12:246  INFO 21524 --- [main] org.reflections.Reflections              : Reflections took 17 ms to scan 1 urls, producing 3 keys and 6 values 
00:58:12:264  INFO 21524 --- [main] org.reflections.Reflections              : Reflections took 7 ms to scan 1 urls, producing 4 keys and 9 values 
00:58:12:271  INFO 21524 --- [main] org.reflections.Reflections              : Reflections took 5 ms to scan 1 urls, producing 3 keys and 10 values 
00:58:12:273  WARN 21524 --- [main] org.reflections.Reflections              : given scan urls are empty. set urls in the configuration
00:58:12:279  INFO 21524 --- [main] org.reflections.Reflections              : Reflections took 5 ms to scan 1 urls, producing 1 keys and 5 values 
00:58:12:286  INFO 21524 --- [main] org.reflections.Reflections              : Reflections took 6 ms to scan 1 urls, producing 1 keys and 7 values 
00:58:12:301  INFO 21524 --- [main] org.reflections.Reflections              : Reflections took 14 ms to scan 1 urls, producing 2 keys and 8 values 
00:58:12:303  WARN 21524 --- [main] org.reflections.Reflections              : given scan urls are empty. set urls in the configuration
00:58:12:304  INFO 21524 --- [main] com.alibaba.nacos.common.remote.client   : [8996ad41-bfd7-4555-9513-85d896a18ec0] RpcClient init label, labels = {module=naming, source=sdk}
00:58:12:305  INFO 21524 --- [main] com.alibaba.nacos.common.remote.client   : [8996ad41-bfd7-4555-9513-85d896a18ec0] RpcClient init, ServerListFactory = com.alibaba.nacos.client.naming.core.ServerListManager
00:58:12:305  INFO 21524 --- [main] com.alibaba.nacos.common.remote.client   : [8996ad41-bfd7-4555-9513-85d896a18ec0] Registry connection listener to current client:com.alibaba.nacos.client.naming.remote.gprc.redo.NamingGrpcRedoService
00:58:12:306  INFO 21524 --- [main] com.alibaba.nacos.common.remote.client   : [8996ad41-bfd7-4555-9513-85d896a18ec0] Register server push request handler:com.alibaba.nacos.client.naming.remote.gprc.NamingPushRequestHandler
00:58:12:307  INFO 21524 --- [main] com.alibaba.nacos.common.remote.client   : [8996ad41-bfd7-4555-9513-85d896a18ec0] Try to connect to server on start up, server: {serverIp = '192.168.150.101', server main port = 8848}
00:58:15:187  INFO 21524 --- [main] com.alibaba.nacos.common.remote.client   : [8996ad41-bfd7-4555-9513-85d896a18ec0] Success to connect to server [192.168.150.101:8848] on start up, connectionId = 1777735116703_192.168.150.1_54825
00:58:15:188  INFO 21524 --- [com.alibaba.nacos.client.remote.worker] com.alibaba.nacos.common.remote.client   : [8996ad41-bfd7-4555-9513-85d896a18ec0] Notify connected event to listeners.
00:58:15:189  INFO 21524 --- [main] com.alibaba.nacos.common.remote.client   : [8996ad41-bfd7-4555-9513-85d896a18ec0] Register server push request handler:com.alibaba.nacos.common.remote.client.RpcClient$ConnectResetRequestHandler
00:58:15:190  INFO 21524 --- [main] com.alibaba.nacos.common.remote.client   : [8996ad41-bfd7-4555-9513-85d896a18ec0] Register server push request handler:com.alibaba.nacos.common.remote.client.RpcClient$$Lambda$903/0x0000000800654440
00:58:15:237  INFO 21524 --- [main] o.s.b.w.embedded.tomcat.TomcatWebServer  : Tomcat started on port(s): 8083 (http) with context path ''
00:58:15:247  INFO 21524 --- [main] c.a.c.n.registry.NacosServiceRegistry    : nacos registry, DEFAULT_GROUP item-service 192.168.150.1:8083 register finished
00:58:15:743  INFO 21484 --- [nacos-grpc-client-executor-11] com.alibaba.nacos.common.remote.client   : [73d0a60b-f6b2-4bd9-a577-31bdfa116504] Receive server push request, request = NotifySubscriberRequest, requestId = 13
00:58:15:752  INFO 21484 --- [nacos-grpc-client-executor-11] com.alibaba.nacos.common.remote.client   : [73d0a60b-f6b2-4bd9-a577-31bdfa116504] Ack server push request, request = NotifySubscriberRequest, requestId = 13
00:58:15:754  INFO 21524 --- [nacos-grpc-client-executor-8] com.alibaba.nacos.common.remote.client   : [8996ad41-bfd7-4555-9513-85d896a18ec0] Receive server push request, request = NotifySubscriberRequest, requestId = 14
00:58:15:763  INFO 21524 --- [nacos-grpc-client-executor-8] com.alibaba.nacos.common.remote.client   : [8996ad41-bfd7-4555-9513-85d896a18ec0] Ack server push request, request = NotifySubscriberRequest, requestId = 14
00:58:17:179  INFO 21524 --- [main] o.s.cloud.commons.util.InetUtils         : Cannot determine local hostname
00:58:17:180  INFO 21524 --- [main] d.s.w.p.DocumentationPluginsBootstrapper : Documentation plugins bootstrapped
00:58:17:182  INFO 21524 --- [main] d.s.w.p.DocumentationPluginsBootstrapper : Found 1 custom documentation plugin(s)
00:58:17:200  INFO 21524 --- [main] s.d.s.w.s.ApiListingReferenceScanner     : Scanning for api listing references
00:58:17:279  INFO 21524 --- [main] com.hmall.item.ItemApplication           : Started ItemApplication in 15.63 seconds (JVM running for 17.347)
00:59:36:757  INFO 21524 --- [http-nio-8083-exec-1] o.a.c.c.C.[Tomcat].[localhost].[/]       : Initializing Spring DispatcherServlet 'dispatcherServlet'
00:59:36:757  INFO 21524 --- [http-nio-8083-exec-1] o.s.web.servlet.DispatcherServlet        : Initializing Servlet 'dispatcherServlet'
00:59:36:757  INFO 21524 --- [http-nio-8083-exec-1] o.s.web.servlet.DispatcherServlet        : Completed initialization in 0 ms
00:59:36:824  INFO 21524 --- [http-nio-8083-exec-1] com.zaxxer.hikari.HikariDataSource       : HikariPool-1 - Starting...
00:59:37:044  INFO 21524 --- [http-nio-8083-exec-1] com.zaxxer.hikari.HikariDataSource       : HikariPool-1 - Start completed.
00:59:37:052 DEBUG 21524 --- [http-nio-8083-exec-1] c.h.i.mapper.ItemMapper.selectBatchIds   : ==>  Preparing: SELECT id,name,price,stock,image,category,brand,spec,sold,comment_count,isAD,status,create_time,update_time,creater,updater FROM item WHERE id IN ( ? )
00:59:37:070 DEBUG 21524 --- [http-nio-8083-exec-1] c.h.i.mapper.ItemMapper.selectBatchIds   : ==> Parameters: 100000006163(Long)
00:59:37:102 DEBUG 21524 --- [http-nio-8083-exec-1] c.h.i.mapper.ItemMapper.selectBatchIds   : <==      Total: 1
00:59:40:139  INFO 21484 --- [http-nio-8081-exec-1] o.a.c.c.C.[Tomcat].[localhost].[/]       : Initializing Spring DispatcherServlet 'dispatcherServlet'
00:59:40:139  INFO 21484 --- [http-nio-8081-exec-1] o.s.web.servlet.DispatcherServlet        : Initializing Servlet 'dispatcherServlet'
00:59:40:139  INFO 21484 --- [http-nio-8081-exec-1] o.s.web.servlet.DispatcherServlet        : Completed initialization in 0 ms
00:59:40:193  INFO 21484 --- [http-nio-8081-exec-1] com.zaxxer.hikari.HikariDataSource       : HikariPool-1 - Starting...
00:59:40:436  INFO 21484 --- [http-nio-8081-exec-1] com.zaxxer.hikari.HikariDataSource       : HikariPool-1 - Start completed.
00:59:40:439 DEBUG 21484 --- [http-nio-8081-exec-1] c.h.i.mapper.ItemMapper.selectBatchIds   : ==>  Preparing: SELECT id,name,price,stock,image,category,brand,spec,sold,comment_count,isAD,status,create_time,update_time,creater,updater FROM item WHERE id IN ( ? )
00:59:40:456 DEBUG 21484 --- [http-nio-8081-exec-1] c.h.i.mapper.ItemMapper.selectBatchIds   : ==> Parameters: 100000006163(Long)
00:59:40:482 DEBUG 21484 --- [http-nio-8081-exec-1] c.h.i.mapper.ItemMapper.selectBatchIds   : <==      Total: 1
00:59:41:550 DEBUG 21524 --- [http-nio-8083-exec-2] c.h.i.mapper.ItemMapper.selectBatchIds   : ==>  Preparing: SELECT id,name,price,stock,image,category,brand,spec,sold,comment_count,isAD,status,create_time,update_time,creater,updater FROM item WHERE id IN ( ? )
00:59:41:551 DEBUG 21524 --- [http-nio-8083-exec-2] c.h.i.mapper.ItemMapper.selectBatchIds   : ==> Parameters: 100000006163(Long)
00:59:41:552 DEBUG 21524 --- [http-nio-8083-exec-2] c.h.i.mapper.ItemMapper.selectBatchIds   : <==      Total: 1
00:59:43:955 DEBUG 21484 --- [http-nio-8081-exec-2] c.h.i.mapper.ItemMapper.selectBatchIds   : ==>  Preparing: SELECT id,name,price,stock,image,category,brand,spec,sold,comment_count,isAD,status,create_time,update_time,creater,updater FROM item WHERE id IN ( ? )
00:59:43:955 DEBUG 21484 --- [http-nio-8081-exec-2] c.h.i.mapper.ItemMapper.selectBatchIds   : ==> Parameters: 100000006163(Long)
00:59:43:955 DEBUG 21484 --- [http-nio-8081-exec-2] c.h.i.mapper.ItemMapper.selectBatchIds   : <==      Total: 1
00:59:45:625 DEBUG 21524 --- [http-nio-8083-exec-3] c.h.i.mapper.ItemMapper.selectBatchIds   : ==>  Preparing: SELECT id,name,price,stock,image,category,brand,spec,sold,comment_count,isAD,status,create_time,update_time,creater,updater FROM item WHERE id IN ( ? )
00:59:45:625 DEBUG 21524 --- [http-nio-8083-exec-3] c.h.i.mapper.ItemMapper.selectBatchIds   : ==> Parameters: 100000006163(Long)
00:59:45:625 DEBUG 21524 --- [http-nio-8083-exec-3] c.h.i.mapper.ItemMapper.selectBatchIds   : <==      Total: 1
01:13:30:151 DEBUG 21524 --- [http-nio-8083-exec-5] c.h.i.mapper.ItemMapper.selectBatchIds   : ==>  Preparing: SELECT id,name,price,stock,image,category,brand,spec,sold,comment_count,isAD,status,create_time,update_time,creater,updater FROM item WHERE id IN ( ? )
01:13:30:152 DEBUG 21524 --- [http-nio-8083-exec-5] c.h.i.mapper.ItemMapper.selectBatchIds   : ==> Parameters: 100000006163(Long)
01:13:30:154 DEBUG 21524 --- [http-nio-8083-exec-5] c.h.i.mapper.ItemMapper.selectBatchIds   : <==      Total: 1
01:43:18:485 DEBUG 21524 --- [http-nio-8083-exec-7] c.h.i.mapper.ItemMapper.selectBatchIds   : ==>  Preparing: SELECT id,name,price,stock,image,category,brand,spec,sold,comment_count,isAD,status,create_time,update_time,creater,updater FROM item WHERE id IN ( ? )
01:43:18:485 DEBUG 21524 --- [http-nio-8083-exec-7] c.h.i.mapper.ItemMapper.selectBatchIds   : ==> Parameters: 100000006163(Long)
01:43:18:490 DEBUG 21524 --- [http-nio-8083-exec-7] c.h.i.mapper.ItemMapper.selectBatchIds   : <==      Total: 1
02:01:22:481 DEBUG 21484 --- [http-nio-8081-exec-4] c.h.i.mapper.ItemMapper.selectBatchIds   : ==>  Preparing: SELECT id,name,price,stock,image,category,brand,spec,sold,comment_count,isAD,status,create_time,update_time,creater,updater FROM item WHERE id IN ( ? )
02:01:22:485 DEBUG 21484 --- [http-nio-8081-exec-4] c.h.i.mapper.ItemMapper.selectBatchIds   : ==> Parameters: 100000006163(Long)
02:01:22:490 DEBUG 21484 --- [http-nio-8081-exec-4] c.h.i.mapper.ItemMapper.selectBatchIds   : <==      Total: 1
11:35:23:473 ERROR 21484 --- [nacos-grpc-client-executor-3366] c.a.n.c.remote.client.grpc.GrpcClient    : [1777735110772_192.168.150.1_60161]Request stream error, switch server,error={}

com.alibaba.nacos.shaded.io.grpc.StatusRuntimeException: UNAVAILABLE: io exception
	at com.alibaba.nacos.shaded.io.grpc.Status.asRuntimeException(Status.java:533) ~[nacos-client-2.0.4.jar:na]
	at com.alibaba.nacos.shaded.io.grpc.stub.ClientCalls$StreamObserverToCallListenerAdapter.onClose(ClientCalls.java:442) ~[nacos-client-2.0.4.jar:na]
	at com.alibaba.nacos.shaded.io.grpc.PartialForwardingClientCallListener.onClose(PartialForwardingClientCallListener.java:39) ~[nacos-client-2.0.4.jar:na]
	at com.alibaba.nacos.shaded.io.grpc.ForwardingClientCallListener.onClose(ForwardingClientCallListener.java:23) ~[nacos-client-2.0.4.jar:na]
	at com.alibaba.nacos.shaded.io.grpc.ForwardingClientCallListener$SimpleForwardingClientCallListener.onClose(ForwardingClientCallListener.java:40) ~[nacos-client-2.0.4.jar:na]
	at com.alibaba.nacos.shaded.io.grpc.internal.CensusStatsModule$StatsClientInterceptor$1$1.onClose(CensusStatsModule.java:700) ~[nacos-client-2.0.4.jar:na]
	at com.alibaba.nacos.shaded.io.grpc.PartialForwardingClientCallListener.onClose(PartialForwardingClientCallListener.java:39) ~[nacos-client-2.0.4.jar:na]
	at com.alibaba.nacos.shaded.io.grpc.ForwardingClientCallListener.onClose(ForwardingClientCallListener.java:23) ~[nacos-client-2.0.4.jar:na]
	at com.alibaba.nacos.shaded.io.grpc.ForwardingClientCallListener$SimpleForwardingClientCallListener.onClose(ForwardingClientCallListener.java:40) ~[nacos-client-2.0.4.jar:na]
	at com.alibaba.nacos.shaded.io.grpc.internal.CensusTracingModule$TracingClientInterceptor$1$1.onClose(CensusTracingModule.java:399) ~[nacos-client-2.0.4.jar:na]
	at com.alibaba.nacos.shaded.io.grpc.internal.ClientCallImpl.closeObserver(ClientCallImpl.java:510) ~[nacos-client-2.0.4.jar:na]
	at com.alibaba.nacos.shaded.io.grpc.internal.ClientCallImpl.access$300(ClientCallImpl.java:66) ~[nacos-client-2.0.4.jar:na]
	at com.alibaba.nacos.shaded.io.grpc.internal.ClientCallImpl$ClientStreamListenerImpl.close(ClientCallImpl.java:630) ~[nacos-client-2.0.4.jar:na]
	at com.alibaba.nacos.shaded.io.grpc.internal.ClientCallImpl$ClientStreamListenerImpl.access$700(ClientCallImpl.java:518) ~[nacos-client-2.0.4.jar:na]
	at com.alibaba.nacos.shaded.io.grpc.internal.ClientCallImpl$ClientStreamListenerImpl$1StreamClosed.runInternal(ClientCallImpl.java:692) ~[nacos-client-2.0.4.jar:na]
	at com.alibaba.nacos.shaded.io.grpc.internal.ClientCallImpl$ClientStreamListenerImpl$1StreamClosed.runInContext(ClientCallImpl.java:681) ~[nacos-client-2.0.4.jar:na]
	at com.alibaba.nacos.shaded.io.grpc.internal.ContextRunnable.run(ContextRunnable.java:37) ~[nacos-client-2.0.4.jar:na]
	at com.alibaba.nacos.shaded.io.grpc.internal.SerializingExecutor.run(SerializingExecutor.java:123) ~[nacos-client-2.0.4.jar:na]
	at java.base/java.util.concurrent.ThreadPoolExecutor.runWorker(ThreadPoolExecutor.java:1128) ~[na:na]
	at java.base/java.util.concurrent.ThreadPoolExecutor$Worker.run(ThreadPoolExecutor.java:628) ~[na:na]
	at java.base/java.lang.Thread.run(Thread.java:834) ~[na:na]
Caused by: java.io.IOException: 远程主机强迫关闭了一个现有的连接。
	at java.base/sun.nio.ch.SocketDispatcher.read0(Native Method) ~[na:na]
	at java.base/sun.nio.ch.SocketDispatcher.read(SocketDispatcher.java:43) ~[na:na]
	at java.base/sun.nio.ch.IOUtil.readIntoNativeBuffer(IOUtil.java:276) ~[na:na]
	at java.base/sun.nio.ch.IOUtil.read(IOUtil.java:233) ~[na:na]
	at java.base/sun.nio.ch.IOUtil.read(IOUtil.java:223) ~[na:na]
	at java.base/sun.nio.ch.SocketChannelImpl.read(SocketChannelImpl.java:358) ~[na:na]
	at com.alibaba.nacos.shaded.io.grpc.netty.shaded.io.netty.buffer.PooledByteBuf.setBytes(PooledByteBuf.java:247) ~[nacos-client-2.0.4.jar:na]
	at com.alibaba.nacos.shaded.io.grpc.netty.shaded.io.netty.buffer.AbstractByteBuf.writeBytes(AbstractByteBuf.java:1140) ~[nacos-client-2.0.4.jar:na]
	at com.alibaba.nacos.shaded.io.grpc.netty.shaded.io.netty.channel.socket.nio.NioSocketChannel.doReadBytes(NioSocketChannel.java:347) ~[nacos-client-2.0.4.jar:na]
	at com.alibaba.nacos.shaded.io.grpc.netty.shaded.io.netty.channel.nio.AbstractNioByteChannel$NioByteUnsafe.read(AbstractNioByteChannel.java:148) ~[nacos-client-2.0.4.jar:na]
	at com.alibaba.nacos.shaded.io.grpc.netty.shaded.io.netty.channel.nio.NioEventLoop.processSelectedKey(NioEventLoop.java:697) ~[nacos-client-2.0.4.jar:na]
	at com.alibaba.nacos.shaded.io.grpc.netty.shaded.io.netty.channel.nio.NioEventLoop.processSelectedKeysOptimized(NioEventLoop.java:632) ~[nacos-client-2.0.4.jar:na]
	at com.alibaba.nacos.shaded.io.grpc.netty.shaded.io.netty.channel.nio.NioEventLoop.processSelectedKeys(NioEventLoop.java:549) ~[nacos-client-2.0.4.jar:na]
	at com.alibaba.nacos.shaded.io.grpc.netty.shaded.io.netty.channel.nio.NioEventLoop.run(NioEventLoop.java:511) ~[nacos-client-2.0.4.jar:na]
	at com.alibaba.nacos.shaded.io.grpc.netty.shaded.io.netty.util.concurrent.SingleThreadEventExecutor$5.run(SingleThreadEventExecutor.java:918) ~[nacos-client-2.0.4.jar:na]
	at com.alibaba.nacos.shaded.io.grpc.netty.shaded.io.netty.util.internal.ThreadExecutorMap$2.run(ThreadExecutorMap.java:74) ~[nacos-client-2.0.4.jar:na]
	at com.alibaba.nacos.shaded.io.grpc.netty.shaded.io.netty.util.concurrent.FastThreadLocalRunnable.run(FastThreadLocalRunnable.java:30) ~[nacos-client-2.0.4.jar:na]
	... 1 common frames omitted

11:35:23:574  INFO 21484 --- [com.alibaba.nacos.client.remote.worker] com.alibaba.nacos.common.remote.client   : [73d0a60b-f6b2-4bd9-a577-31bdfa116504] Try to reconnect to a new server, server is  not appointed, will choose a random server.
11:35:23:539 ERROR 21524 --- [nacos-grpc-client-executor-3362] c.a.n.c.remote.client.grpc.GrpcClient    : [1777735116703_192.168.150.1_54825]Request stream error, switch server,error={}

com.alibaba.nacos.shaded.io.grpc.StatusRuntimeException: UNAVAILABLE: io exception
	at com.alibaba.nacos.shaded.io.grpc.Status.asRuntimeException(Status.java:533) ~[nacos-client-2.0.4.jar:na]
	at com.alibaba.nacos.shaded.io.grpc.stub.ClientCalls$StreamObserverToCallListenerAdapter.onClose(ClientCalls.java:442) ~[nacos-client-2.0.4.jar:na]
	at com.alibaba.nacos.shaded.io.grpc.PartialForwardingClientCallListener.onClose(PartialForwardingClientCallListener.java:39) ~[nacos-client-2.0.4.jar:na]
	at com.alibaba.nacos.shaded.io.grpc.ForwardingClientCallListener.onClose(ForwardingClientCallListener.java:23) ~[nacos-client-2.0.4.jar:na]
	at com.alibaba.nacos.shaded.io.grpc.ForwardingClientCallListener$SimpleForwardingClientCallListener.onClose(ForwardingClientCallListener.java:40) ~[nacos-client-2.0.4.jar:na]
	at com.alibaba.nacos.shaded.io.grpc.internal.CensusStatsModule$StatsClientInterceptor$1$1.onClose(CensusStatsModule.java:700) ~[nacos-client-2.0.4.jar:na]
	at com.alibaba.nacos.shaded.io.grpc.PartialForwardingClientCallListener.onClose(PartialForwardingClientCallListener.java:39) ~[nacos-client-2.0.4.jar:na]
	at com.alibaba.nacos.shaded.io.grpc.ForwardingClientCallListener.onClose(ForwardingClientCallListener.java:23) ~[nacos-client-2.0.4.jar:na]
	at com.alibaba.nacos.shaded.io.grpc.ForwardingClientCallListener$SimpleForwardingClientCallListener.onClose(ForwardingClientCallListener.java:40) ~[nacos-client-2.0.4.jar:na]
	at com.alibaba.nacos.shaded.io.grpc.internal.CensusTracingModule$TracingClientInterceptor$1$1.onClose(CensusTracingModule.java:399) ~[nacos-client-2.0.4.jar:na]
	at com.alibaba.nacos.shaded.io.grpc.internal.ClientCallImpl.closeObserver(ClientCallImpl.java:510) ~[nacos-client-2.0.4.jar:na]
	at com.alibaba.nacos.shaded.io.grpc.internal.ClientCallImpl.access$300(ClientCallImpl.java:66) ~[nacos-client-2.0.4.jar:na]
	at com.alibaba.nacos.shaded.io.grpc.internal.ClientCallImpl$ClientStreamListenerImpl.close(ClientCallImpl.java:630) ~[nacos-client-2.0.4.jar:na]
	at com.alibaba.nacos.shaded.io.grpc.internal.ClientCallImpl$ClientStreamListenerImpl.access$700(ClientCallImpl.java:518) ~[nacos-client-2.0.4.jar:na]
	at com.alibaba.nacos.shaded.io.grpc.internal.ClientCallImpl$ClientStreamListenerImpl$1StreamClosed.runInternal(ClientCallImpl.java:692) ~[nacos-client-2.0.4.jar:na]
	at com.alibaba.nacos.shaded.io.grpc.internal.ClientCallImpl$ClientStreamListenerImpl$1StreamClosed.runInContext(ClientCallImpl.java:681) ~[nacos-client-2.0.4.jar:na]
	at com.alibaba.nacos.shaded.io.grpc.internal.ContextRunnable.run(ContextRunnable.java:37) ~[nacos-client-2.0.4.jar:na]
	at com.alibaba.nacos.shaded.io.grpc.internal.SerializingExecutor.run(SerializingExecutor.java:123) ~[nacos-client-2.0.4.jar:na]
	at java.base/java.util.concurrent.ThreadPoolExecutor.runWorker(ThreadPoolExecutor.java:1128) ~[na:na]
	at java.base/java.util.concurrent.ThreadPoolExecutor$Worker.run(ThreadPoolExecutor.java:628) ~[na:na]
	at java.base/java.lang.Thread.run(Thread.java:834) ~[na:na]
Caused by: java.io.IOException: 远程主机强迫关闭了一个现有的连接。
	at java.base/sun.nio.ch.SocketDispatcher.read0(Native Method) ~[na:na]
	at java.base/sun.nio.ch.SocketDispatcher.read(SocketDispatcher.java:43) ~[na:na]
	at java.base/sun.nio.ch.IOUtil.readIntoNativeBuffer(IOUtil.java:276) ~[na:na]
	at java.base/sun.nio.ch.IOUtil.read(IOUtil.java:233) ~[na:na]
	at java.base/sun.nio.ch.IOUtil.read(IOUtil.java:223) ~[na:na]
	at java.base/sun.nio.ch.SocketChannelImpl.read(SocketChannelImpl.java:358) ~[na:na]
	at com.alibaba.nacos.shaded.io.grpc.netty.shaded.io.netty.buffer.PooledByteBuf.setBytes(PooledByteBuf.java:247) ~[nacos-client-2.0.4.jar:na]
	at com.alibaba.nacos.shaded.io.grpc.netty.shaded.io.netty.buffer.AbstractByteBuf.writeBytes(AbstractByteBuf.java:1140) ~[nacos-client-2.0.4.jar:na]
	at com.alibaba.nacos.shaded.io.grpc.netty.shaded.io.netty.channel.socket.nio.NioSocketChannel.doReadBytes(NioSocketChannel.java:347) ~[nacos-client-2.0.4.jar:na]
	at com.alibaba.nacos.shaded.io.grpc.netty.shaded.io.netty.channel.nio.AbstractNioByteChannel$NioByteUnsafe.read(AbstractNioByteChannel.java:148) ~[nacos-client-2.0.4.jar:na]
	at com.alibaba.nacos.shaded.io.grpc.netty.shaded.io.netty.channel.nio.NioEventLoop.processSelectedKey(NioEventLoop.java:697) ~[nacos-client-2.0.4.jar:na]
	at com.alibaba.nacos.shaded.io.grpc.netty.shaded.io.netty.channel.nio.NioEventLoop.processSelectedKeysOptimized(NioEventLoop.java:632) ~[nacos-client-2.0.4.jar:na]
	at com.alibaba.nacos.shaded.io.grpc.netty.shaded.io.netty.channel.nio.NioEventLoop.processSelectedKeys(NioEventLoop.java:549) ~[nacos-client-2.0.4.jar:na]
	at com.alibaba.nacos.shaded.io.grpc.netty.shaded.io.netty.channel.nio.NioEventLoop.run(NioEventLoop.java:511) ~[nacos-client-2.0.4.jar:na]
	at com.alibaba.nacos.shaded.io.grpc.netty.shaded.io.netty.util.concurrent.SingleThreadEventExecutor$5.run(SingleThreadEventExecutor.java:918) ~[nacos-client-2.0.4.jar:na]
	at com.alibaba.nacos.shaded.io.grpc.netty.shaded.io.netty.util.internal.ThreadExecutorMap$2.run(ThreadExecutorMap.java:74) ~[nacos-client-2.0.4.jar:na]
	at com.alibaba.nacos.shaded.io.grpc.netty.shaded.io.netty.util.concurrent.FastThreadLocalRunnable.run(FastThreadLocalRunnable.java:30) ~[nacos-client-2.0.4.jar:na]
	... 1 common frames omitted

11:35:23:608  INFO 21524 --- [com.alibaba.nacos.client.remote.worker] com.alibaba.nacos.common.remote.client   : [8996ad41-bfd7-4555-9513-85d896a18ec0] Try to reconnect to a new server, server is  not appointed, will choose a random server.
11:35:23:682 ERROR 21484 --- [com.alibaba.nacos.client.remote.worker] c.a.n.c.remote.client.grpc.GrpcClient    : Server check fail, please check server 192.168.150.101 ,port 9848 is available , error ={}

java.util.concurrent.ExecutionException: com.alibaba.nacos.shaded.io.grpc.StatusRuntimeException: UNAVAILABLE: io exception
	at com.alibaba.nacos.shaded.com.google.common.util.concurrent.AbstractFuture.getDoneValue(AbstractFuture.java:566) ~[nacos-client-2.0.4.jar:na]
	at com.alibaba.nacos.shaded.com.google.common.util.concurrent.AbstractFuture.get(AbstractFuture.java:445) ~[nacos-client-2.0.4.jar:na]
	at com.alibaba.nacos.common.remote.client.grpc.GrpcClient.serverCheck(GrpcClient.java:148) ~[nacos-client-2.0.4.jar:na]
	at com.alibaba.nacos.common.remote.client.grpc.GrpcClient.connectToServer(GrpcClient.java:264) ~[nacos-client-2.0.4.jar:na]
	at com.alibaba.nacos.common.remote.client.RpcClient.reconnect(RpcClient.java:522) ~[nacos-client-2.0.4.jar:na]
	at com.alibaba.nacos.common.remote.client.RpcClient.lambda$start$2(RpcClient.java:370) ~[nacos-client-2.0.4.jar:na]
	at java.base/java.util.concurrent.Executors$RunnableAdapter.call(Executors.java:515) ~[na:na]
	at java.base/java.util.concurrent.FutureTask.run(FutureTask.java:264) ~[na:na]
	at java.base/java.util.concurrent.ScheduledThreadPoolExecutor$ScheduledFutureTask.run(ScheduledThreadPoolExecutor.java:304) ~[na:na]
	at java.base/java.util.concurrent.ThreadPoolExecutor.runWorker(ThreadPoolExecutor.java:1128) ~[na:na]
	at java.base/java.util.concurrent.ThreadPoolExecutor$Worker.run(ThreadPoolExecutor.java:628) ~[na:na]
	at java.base/java.lang.Thread.run(Thread.java:834) ~[na:na]
Caused by: com.alibaba.nacos.shaded.io.grpc.StatusRuntimeException: UNAVAILABLE: io exception
	at com.alibaba.nacos.shaded.io.grpc.Status.asRuntimeException(Status.java:533) ~[nacos-client-2.0.4.jar:na]
	at com.alibaba.nacos.shaded.io.grpc.stub.ClientCalls$UnaryStreamToFuture.onClose(ClientCalls.java:490) ~[nacos-client-2.0.4.jar:na]
	at com.alibaba.nacos.shaded.io.grpc.PartialForwardingClientCallListener.onClose(PartialForwardingClientCallListener.java:39) ~[nacos-client-2.0.4.jar:na]
	at com.alibaba.nacos.shaded.io.grpc.ForwardingClientCallListener.onClose(ForwardingClientCallListener.java:23) ~[nacos-client-2.0.4.jar:na]
	at com.alibaba.nacos.shaded.io.grpc.ForwardingClientCallListener$SimpleForwardingClientCallListener.onClose(ForwardingClientCallListener.java:40) ~[nacos-client-2.0.4.jar:na]
	at com.alibaba.nacos.shaded.io.grpc.internal.CensusStatsModule$StatsClientInterceptor$1$1.onClose(CensusStatsModule.java:700) ~[nacos-client-2.0.4.jar:na]
	at com.alibaba.nacos.shaded.io.grpc.PartialForwardingClientCallListener.onClose(PartialForwardingClientCallListener.java:39) ~[nacos-client-2.0.4.jar:na]
	at com.alibaba.nacos.shaded.io.grpc.ForwardingClientCallListener.onClose(ForwardingClientCallListener.java:23) ~[nacos-client-2.0.4.jar:na]
	at com.alibaba.nacos.shaded.io.grpc.ForwardingClientCallListener$SimpleForwardingClientCallListener.onClose(ForwardingClientCallListener.java:40) ~[nacos-client-2.0.4.jar:na]
	at com.alibaba.nacos.shaded.io.grpc.internal.CensusTracingModule$TracingClientInterceptor$1$1.onClose(CensusTracingModule.java:399) ~[nacos-client-2.0.4.jar:na]
	at com.alibaba.nacos.shaded.io.grpc.internal.ClientCallImpl.closeObserver(ClientCallImpl.java:510) ~[nacos-client-2.0.4.jar:na]
	at com.alibaba.nacos.shaded.io.grpc.internal.ClientCallImpl.access$300(ClientCallImpl.java:66) ~[nacos-client-2.0.4.jar:na]
	at com.alibaba.nacos.shaded.io.grpc.internal.ClientCallImpl$ClientStreamListenerImpl.close(ClientCallImpl.java:630) ~[nacos-client-2.0.4.jar:na]
	at com.alibaba.nacos.shaded.io.grpc.internal.ClientCallImpl$ClientStreamListenerImpl.access$700(ClientCallImpl.java:518) ~[nacos-client-2.0.4.jar:na]
	at com.alibaba.nacos.shaded.io.grpc.internal.ClientCallImpl$ClientStreamListenerImpl$1StreamClosed.runInternal(ClientCallImpl.java:692) ~[nacos-client-2.0.4.jar:na]
	at com.alibaba.nacos.shaded.io.grpc.internal.ClientCallImpl$ClientStreamListenerImpl$1StreamClosed.runInContext(ClientCallImpl.java:681) ~[nacos-client-2.0.4.jar:na]
	at com.alibaba.nacos.shaded.io.grpc.internal.ContextRunnable.run(ContextRunnable.java:37) ~[nacos-client-2.0.4.jar:na]
	at com.alibaba.nacos.shaded.io.grpc.internal.SerializingExecutor.run(SerializingExecutor.java:123) ~[nacos-client-2.0.4.jar:na]
	... 3 common frames omitted
Caused by: com.alibaba.nacos.shaded.io.grpc.netty.shaded.io.netty.channel.AbstractChannel$AnnotatedSocketException: Network is unreachable: no further information: /192.168.150.101:9848
Caused by: java.net.SocketException: Network is unreachable: no further information
	at java.base/sun.nio.ch.SocketChannelImpl.checkConnect(Native Method) ~[na:na]
	at java.base/sun.nio.ch.SocketChannelImpl.finishConnect(SocketChannelImpl.java:779) ~[na:na]
	at com.alibaba.nacos.shaded.io.grpc.netty.shaded.io.netty.channel.socket.nio.NioSocketChannel.doFinishConnect(NioSocketChannel.java:327) ~[nacos-client-2.0.4.jar:na]
	at com.alibaba.nacos.shaded.io.grpc.netty.shaded.io.netty.channel.nio.AbstractNioChannel$AbstractNioUnsafe.finishConnect(AbstractNioChannel.java:336) ~[nacos-client-2.0.4.jar:na]
	at com.alibaba.nacos.shaded.io.grpc.netty.shaded.io.netty.channel.nio.NioEventLoop.processSelectedKey(NioEventLoop.java:685) ~[nacos-client-2.0.4.jar:na]
	at com.alibaba.nacos.shaded.io.grpc.netty.shaded.io.netty.channel.nio.NioEventLoop.processSelectedKeysOptimized(NioEventLoop.java:632) ~[nacos-client-2.0.4.jar:na]
	at com.alibaba.nacos.shaded.io.grpc.netty.shaded.io.netty.channel.nio.NioEventLoop.processSelectedKeys(NioEventLoop.java:549) ~[nacos-client-2.0.4.jar:na]
	at com.alibaba.nacos.shaded.io.grpc.netty.shaded.io.netty.channel.nio.NioEventLoop.run(NioEventLoop.java:511) ~[nacos-client-2.0.4.jar:na]
	at com.alibaba.nacos.shaded.io.grpc.netty.shaded.io.netty.util.concurrent.SingleThreadEventExecutor$5.run(SingleThreadEventExecutor.java:918) ~[nacos-client-2.0.4.jar:na]
	at com.alibaba.nacos.shaded.io.grpc.netty.shaded.io.netty.util.internal.ThreadExecutorMap$2.run(ThreadExecutorMap.java:74) ~[nacos-client-2.0.4.jar:na]
	at com.alibaba.nacos.shaded.io.grpc.netty.shaded.io.netty.util.concurrent.FastThreadLocalRunnable.run(FastThreadLocalRunnable.java:30) ~[nacos-client-2.0.4.jar:na]
	at java.base/java.lang.Thread.run(Thread.java:834) ~[na:na]

11:35:23:700 ERROR 21524 --- [com.alibaba.nacos.client.remote.worker] c.a.n.c.remote.client.grpc.GrpcClient    : Server check fail, please check server 192.168.150.101 ,port 9848 is available , error ={}

java.util.concurrent.ExecutionException: com.alibaba.nacos.shaded.io.grpc.StatusRuntimeException: UNAVAILABLE: io exception
	at com.alibaba.nacos.shaded.com.google.common.util.concurrent.AbstractFuture.getDoneValue(AbstractFuture.java:566) ~[nacos-client-2.0.4.jar:na]
	at com.alibaba.nacos.shaded.com.google.common.util.concurrent.AbstractFuture.get(AbstractFuture.java:445) ~[nacos-client-2.0.4.jar:na]
	at com.alibaba.nacos.common.remote.client.grpc.GrpcClient.serverCheck(GrpcClient.java:148) ~[nacos-client-2.0.4.jar:na]
	at com.alibaba.nacos.common.remote.client.grpc.GrpcClient.connectToServer(GrpcClient.java:264) ~[nacos-client-2.0.4.jar:na]
	at com.alibaba.nacos.common.remote.client.RpcClient.reconnect(RpcClient.java:522) ~[nacos-client-2.0.4.jar:na]
	at com.alibaba.nacos.common.remote.client.RpcClient.lambda$start$2(RpcClient.java:370) ~[nacos-client-2.0.4.jar:na]
	at java.base/java.util.concurrent.Executors$RunnableAdapter.call(Executors.java:515) ~[na:na]
	at java.base/java.util.concurrent.FutureTask.run(FutureTask.java:264) ~[na:na]
	at java.base/java.util.concurrent.ScheduledThreadPoolExecutor$ScheduledFutureTask.run(ScheduledThreadPoolExecutor.java:304) ~[na:na]
	at java.base/java.util.concurrent.ThreadPoolExecutor.runWorker(ThreadPoolExecutor.java:1128) ~[na:na]
	at java.base/java.util.concurrent.ThreadPoolExecutor$Worker.run(ThreadPoolExecutor.java:628) ~[na:na]
	at java.base/java.lang.Thread.run(Thread.java:834) ~[na:na]
Caused by: com.alibaba.nacos.shaded.io.grpc.StatusRuntimeException: UNAVAILABLE: io exception
	at com.alibaba.nacos.shaded.io.grpc.Status.asRuntimeException(Status.java:533) ~[nacos-client-2.0.4.jar:na]
	at com.alibaba.nacos.shaded.io.grpc.stub.ClientCalls$UnaryStreamToFuture.onClose(ClientCalls.java:490) ~[nacos-client-2.0.4.jar:na]
	at com.alibaba.nacos.shaded.io.grpc.PartialForwardingClientCallListener.onClose(PartialForwardingClientCallListener.java:39) ~[nacos-client-2.0.4.jar:na]
	at com.alibaba.nacos.shaded.io.grpc.ForwardingClientCallListener.onClose(ForwardingClientCallListener.java:23) ~[nacos-client-2.0.4.jar:na]
	at com.alibaba.nacos.shaded.io.grpc.ForwardingClientCallListener$SimpleForwardingClientCallListener.onClose(ForwardingClientCallListener.java:40) ~[nacos-client-2.0.4.jar:na]
	at com.alibaba.nacos.shaded.io.grpc.internal.CensusStatsModule$StatsClientInterceptor$1$1.onClose(CensusStatsModule.java:700) ~[nacos-client-2.0.4.jar:na]
	at com.alibaba.nacos.shaded.io.grpc.PartialForwardingClientCallListener.onClose(PartialForwardingClientCallListener.java:39) ~[nacos-client-2.0.4.jar:na]
	at com.alibaba.nacos.shaded.io.grpc.ForwardingClientCallListener.onClose(ForwardingClientCallListener.java:23) ~[nacos-client-2.0.4.jar:na]
	at com.alibaba.nacos.shaded.io.grpc.ForwardingClientCallListener$SimpleForwardingClientCallListener.onClose(ForwardingClientCallListener.java:40) ~[nacos-client-2.0.4.jar:na]
	at com.alibaba.nacos.shaded.io.grpc.internal.CensusTracingModule$TracingClientInterceptor$1$1.onClose(CensusTracingModule.java:399) ~[nacos-client-2.0.4.jar:na]
	at com.alibaba.nacos.shaded.io.grpc.internal.ClientCallImpl.closeObserver(ClientCallImpl.java:510) ~[nacos-client-2.0.4.jar:na]
	at com.alibaba.nacos.shaded.io.grpc.internal.ClientCallImpl.access$300(ClientCallImpl.java:66) ~[nacos-client-2.0.4.jar:na]
	at com.alibaba.nacos.shaded.io.grpc.internal.ClientCallImpl$ClientStreamListenerImpl.close(ClientCallImpl.java:630) ~[nacos-client-2.0.4.jar:na]
	at com.alibaba.nacos.shaded.io.grpc.internal.ClientCallImpl$ClientStreamListenerImpl.access$700(ClientCallImpl.java:518) ~[nacos-client-2.0.4.jar:na]
	at com.alibaba.nacos.shaded.io.grpc.internal.ClientCallImpl$ClientStreamListenerImpl$1StreamClosed.runInternal(ClientCallImpl.java:692) ~[nacos-client-2.0.4.jar:na]
	at com.alibaba.nacos.shaded.io.grpc.internal.ClientCallImpl$ClientStreamListenerImpl$1StreamClosed.runInContext(ClientCallImpl.java:681) ~[nacos-client-2.0.4.jar:na]
	at com.alibaba.nacos.shaded.io.grpc.internal.ContextRunnable.run(ContextRunnable.java:37) ~[nacos-client-2.0.4.jar:na]
	at com.alibaba.nacos.shaded.io.grpc.internal.SerializingExecutor.run(SerializingExecutor.java:123) ~[nacos-client-2.0.4.jar:na]
	... 3 common frames omitted
Caused by: com.alibaba.nacos.shaded.io.grpc.netty.shaded.io.netty.channel.AbstractChannel$AnnotatedSocketException: Network is unreachable: no further information: /192.168.150.101:9848
Caused by: java.net.SocketException: Network is unreachable: no further information
	at java.base/sun.nio.ch.SocketChannelImpl.checkConnect(Native Method) ~[na:na]
	at java.base/sun.nio.ch.SocketChannelImpl.finishConnect(SocketChannelImpl.java:779) ~[na:na]
	at com.alibaba.nacos.shaded.io.grpc.netty.shaded.io.netty.channel.socket.nio.NioSocketChannel.doFinishConnect(NioSocketChannel.java:327) ~[nacos-client-2.0.4.jar:na]
	at com.alibaba.nacos.shaded.io.grpc.netty.shaded.io.netty.channel.nio.AbstractNioChannel$AbstractNioUnsafe.finishConnect(AbstractNioChannel.java:336) ~[nacos-client-2.0.4.jar:na]
	at com.alibaba.nacos.shaded.io.grpc.netty.shaded.io.netty.channel.nio.NioEventLoop.processSelectedKey(NioEventLoop.java:685) ~[nacos-client-2.0.4.jar:na]
	at com.alibaba.nacos.shaded.io.grpc.netty.shaded.io.netty.channel.nio.NioEventLoop.processSelectedKeysOptimized(NioEventLoop.java:632) ~[nacos-client-2.0.4.jar:na]
	at com.alibaba.nacos.shaded.io.grpc.netty.shaded.io.netty.channel.nio.NioEventLoop.processSelectedKeys(NioEventLoop.java:549) ~[nacos-client-2.0.4.jar:na]
	at com.alibaba.nacos.shaded.io.grpc.netty.shaded.io.netty.channel.nio.NioEventLoop.run(NioEventLoop.java:511) ~[nacos-client-2.0.4.jar:na]
	at com.alibaba.nacos.shaded.io.grpc.netty.shaded.io.netty.util.concurrent.SingleThreadEventExecutor$5.run(SingleThreadEventExecutor.java:918) ~[nacos-client-2.0.4.jar:na]
	at com.alibaba.nacos.shaded.io.grpc.netty.shaded.io.netty.util.internal.ThreadExecutorMap$2.run(ThreadExecutorMap.java:74) ~[nacos-client-2.0.4.jar:na]
	at com.alibaba.nacos.shaded.io.grpc.netty.shaded.io.netty.util.concurrent.FastThreadLocalRunnable.run(FastThreadLocalRunnable.java:30) ~[nacos-client-2.0.4.jar:na]
	at java.base/java.lang.Thread.run(Thread.java:834) ~[na:na]

11:35:23:985 ERROR 21524 --- [com.alibaba.nacos.client.remote.worker] c.a.n.c.remote.client.grpc.GrpcClient    : Server check fail, please check server 192.168.150.101 ,port 9848 is available , error ={}

java.util.concurrent.ExecutionException: com.alibaba.nacos.shaded.io.grpc.StatusRuntimeException: UNAVAILABLE: io exception
	at com.alibaba.nacos.shaded.com.google.common.util.concurrent.AbstractFuture.getDoneValue(AbstractFuture.java:566) ~[nacos-client-2.0.4.jar:na]
	at com.alibaba.nacos.shaded.com.google.common.util.concurrent.AbstractFuture.get(AbstractFuture.java:445) ~[nacos-client-2.0.4.jar:na]
	at com.alibaba.nacos.common.remote.client.grpc.GrpcClient.serverCheck(GrpcClient.java:148) ~[nacos-client-2.0.4.jar:na]
	at com.alibaba.nacos.common.remote.client.grpc.GrpcClient.connectToServer(GrpcClient.java:264) ~[nacos-client-2.0.4.jar:na]
	at com.alibaba.nacos.common.remote.client.RpcClient.reconnect(RpcClient.java:522) ~[nacos-client-2.0.4.jar:na]
	at com.alibaba.nacos.common.remote.client.RpcClient.lambda$start$2(RpcClient.java:370) ~[nacos-client-2.0.4.jar:na]
	at java.base/java.util.concurrent.Executors$RunnableAdapter.call(Executors.java:515) ~[na:na]
	at java.base/java.util.concurrent.FutureTask.run(FutureTask.java:264) ~[na:na]
	at java.base/java.util.concurrent.ScheduledThreadPoolExecutor$ScheduledFutureTask.run(ScheduledThreadPoolExecutor.java:304) ~[na:na]
	at java.base/java.util.concurrent.ThreadPoolExecutor.runWorker(ThreadPoolExecutor.java:1128) ~[na:na]
	at java.base/java.util.concurrent.ThreadPoolExecutor$Worker.run(ThreadPoolExecutor.java:628) ~[na:na]
	at java.base/java.lang.Thread.run(Thread.java:834) ~[na:na]
Caused by: com.alibaba.nacos.shaded.io.grpc.StatusRuntimeException: UNAVAILABLE: io exception
	at com.alibaba.nacos.shaded.io.grpc.Status.asRuntimeException(Status.java:533) ~[nacos-client-2.0.4.jar:na]
	at com.alibaba.nacos.shaded.io.grpc.stub.ClientCalls$UnaryStreamToFuture.onClose(ClientCalls.java:490) ~[nacos-client-2.0.4.jar:na]
	at com.alibaba.nacos.shaded.io.grpc.PartialForwardingClientCallListener.onClose(PartialForwardingClientCallListener.java:39) ~[nacos-client-2.0.4.jar:na]
	at com.alibaba.nacos.shaded.io.grpc.ForwardingClientCallListener.onClose(ForwardingClientCallListener.java:23) ~[nacos-client-2.0.4.jar:na]
	at com.alibaba.nacos.shaded.io.grpc.ForwardingClientCallListener$SimpleForwardingClientCallListener.onClose(ForwardingClientCallListener.java:40) ~[nacos-client-2.0.4.jar:na]
	at com.alibaba.nacos.shaded.io.grpc.internal.CensusStatsModule$StatsClientInterceptor$1$1.onClose(CensusStatsModule.java:700) ~[nacos-client-2.0.4.jar:na]
	at com.alibaba.nacos.shaded.io.grpc.PartialForwardingClientCallListener.onClose(PartialForwardingClientCallListener.java:39) ~[nacos-client-2.0.4.jar:na]
	at com.alibaba.nacos.shaded.io.grpc.ForwardingClientCallListener.onClose(ForwardingClientCallListener.java:23) ~[nacos-client-2.0.4.jar:na]
	at com.alibaba.nacos.shaded.io.grpc.ForwardingClientCallListener$SimpleForwardingClientCallListener.onClose(ForwardingClientCallListener.java:40) ~[nacos-client-2.0.4.jar:na]
	at com.alibaba.nacos.shaded.io.grpc.internal.CensusTracingModule$TracingClientInterceptor$1$1.onClose(CensusTracingModule.java:399) ~[nacos-client-2.0.4.jar:na]
	at com.alibaba.nacos.shaded.io.grpc.internal.ClientCallImpl.closeObserver(ClientCallImpl.java:510) ~[nacos-client-2.0.4.jar:na]
	at com.alibaba.nacos.shaded.io.grpc.internal.ClientCallImpl.access$300(ClientCallImpl.java:66) ~[nacos-client-2.0.4.jar:na]
	at com.alibaba.nacos.shaded.io.grpc.internal.ClientCallImpl$ClientStreamListenerImpl.close(ClientCallImpl.java:630) ~[nacos-client-2.0.4.jar:na]
	at com.alibaba.nacos.shaded.io.grpc.internal.ClientCallImpl$ClientStreamListenerImpl.access$700(ClientCallImpl.java:518) ~[nacos-client-2.0.4.jar:na]
	at com.alibaba.nacos.shaded.io.grpc.internal.ClientCallImpl$ClientStreamListenerImpl$1StreamClosed.runInternal(ClientCallImpl.java:692) ~[nacos-client-2.0.4.jar:na]
	at com.alibaba.nacos.shaded.io.grpc.internal.ClientCallImpl$ClientStreamListenerImpl$1StreamClosed.runInContext(ClientCallImpl.java:681) ~[nacos-client-2.0.4.jar:na]
	at com.alibaba.nacos.shaded.io.grpc.internal.ContextRunnable.run(ContextRunnable.java:37) ~[nacos-client-2.0.4.jar:na]
	at com.alibaba.nacos.shaded.io.grpc.internal.SerializingExecutor.run(SerializingExecutor.java:123) ~[nacos-client-2.0.4.jar:na]
	... 3 common frames omitted
Caused by: com.alibaba.nacos.shaded.io.grpc.netty.shaded.io.netty.channel.AbstractChannel$AnnotatedSocketException: Network is unreachable: no further information: /192.168.150.101:9848
Caused by: java.net.SocketException: Network is unreachable: no further information
	at java.base/sun.nio.ch.SocketChannelImpl.checkConnect(Native Method) ~[na:na]
	at java.base/sun.nio.ch.SocketChannelImpl.finishConnect(SocketChannelImpl.java:779) ~[na:na]
	at com.alibaba.nacos.shaded.io.grpc.netty.shaded.io.netty.channel.socket.nio.NioSocketChannel.doFinishConnect(NioSocketChannel.java:327) ~[nacos-client-2.0.4.jar:na]
	at com.alibaba.nacos.shaded.io.grpc.netty.shaded.io.netty.channel.nio.AbstractNioChannel$AbstractNioUnsafe.finishConnect(AbstractNioChannel.java:336) ~[nacos-client-2.0.4.jar:na]
	at com.alibaba.nacos.shaded.io.grpc.netty.shaded.io.netty.channel.nio.NioEventLoop.processSelectedKey(NioEventLoop.java:685) ~[nacos-client-2.0.4.jar:na]
	at com.alibaba.nacos.shaded.io.grpc.netty.shaded.io.netty.channel.nio.NioEventLoop.processSelectedKeysOptimized(NioEventLoop.java:632) ~[nacos-client-2.0.4.jar:na]
	at com.alibaba.nacos.shaded.io.grpc.netty.shaded.io.netty.channel.nio.NioEventLoop.processSelectedKeys(NioEventLoop.java:549) ~[nacos-client-2.0.4.jar:na]
	at com.alibaba.nacos.shaded.io.grpc.netty.shaded.io.netty.channel.nio.NioEventLoop.run(NioEventLoop.java:511) ~[nacos-client-2.0.4.jar:na]
	at com.alibaba.nacos.shaded.io.grpc.netty.shaded.io.netty.util.concurrent.SingleThreadEventExecutor$5.run(SingleThreadEventExecutor.java:918) ~[nacos-client-2.0.4.jar:na]
	at com.alibaba.nacos.shaded.io.grpc.netty.shaded.io.netty.util.internal.ThreadExecutorMap$2.run(ThreadExecutorMap.java:74) ~[nacos-client-2.0.4.jar:na]
	at com.alibaba.nacos.shaded.io.grpc.netty.shaded.io.netty.util.concurrent.FastThreadLocalRunnable.run(FastThreadLocalRunnable.java:30) ~[nacos-client-2.0.4.jar:na]
	at java.base/java.lang.Thread.run(Thread.java:834) ~[na:na]

11:35:23:989  INFO 21524 --- [com.alibaba.nacos.client.remote.worker] com.alibaba.nacos.common.remote.client   : [8996ad41-bfd7-4555-9513-85d896a18ec0] Fail to connect server, after trying 1 times, last try server is {serverIp = '192.168.150.101', server main port = 8848}, error = unknown
11:35:24:001 ERROR 21484 --- [com.alibaba.nacos.client.remote.worker] c.a.n.c.remote.client.grpc.GrpcClient    : Server check fail, please check server 192.168.150.101 ,port 9848 is available , error ={}

java.util.concurrent.ExecutionException: com.alibaba.nacos.shaded.io.grpc.StatusRuntimeException: UNAVAILABLE: io exception
	at com.alibaba.nacos.shaded.com.google.common.util.concurrent.AbstractFuture.getDoneValue(AbstractFuture.java:566) ~[nacos-client-2.0.4.jar:na]
	at com.alibaba.nacos.shaded.com.google.common.util.concurrent.AbstractFuture.get(AbstractFuture.java:445) ~[nacos-client-2.0.4.jar:na]
	at com.alibaba.nacos.common.remote.client.grpc.GrpcClient.serverCheck(GrpcClient.java:148) ~[nacos-client-2.0.4.jar:na]
	at com.alibaba.nacos.common.remote.client.grpc.GrpcClient.connectToServer(GrpcClient.java:264) ~[nacos-client-2.0.4.jar:na]
	at com.alibaba.nacos.common.remote.client.RpcClient.reconnect(RpcClient.java:522) ~[nacos-client-2.0.4.jar:na]
	at com.alibaba.nacos.common.remote.client.RpcClient.lambda$start$2(RpcClient.java:370) ~[nacos-client-2.0.4.jar:na]
	at java.base/java.util.concurrent.Executors$RunnableAdapter.call(Executors.java:515) ~[na:na]
	at java.base/java.util.concurrent.FutureTask.run(FutureTask.java:264) ~[na:na]
	at java.base/java.util.concurrent.ScheduledThreadPoolExecutor$ScheduledFutureTask.run(ScheduledThreadPoolExecutor.java:304) ~[na:na]
	at java.base/java.util.concurrent.ThreadPoolExecutor.runWorker(ThreadPoolExecutor.java:1128) ~[na:na]
	at java.base/java.util.concurrent.ThreadPoolExecutor$Worker.run(ThreadPoolExecutor.java:628) ~[na:na]
	at java.base/java.lang.Thread.run(Thread.java:834) ~[na:na]
Caused by: com.alibaba.nacos.shaded.io.grpc.StatusRuntimeException: UNAVAILABLE: io exception
	at com.alibaba.nacos.shaded.io.grpc.Status.asRuntimeException(Status.java:533) ~[nacos-client-2.0.4.jar:na]
	at com.alibaba.nacos.shaded.io.grpc.stub.ClientCalls$UnaryStreamToFuture.onClose(ClientCalls.java:490) ~[nacos-client-2.0.4.jar:na]
	at com.alibaba.nacos.shaded.io.grpc.PartialForwardingClientCallListener.onClose(PartialForwardingClientCallListener.java:39) ~[nacos-client-2.0.4.jar:na]
	at com.alibaba.nacos.shaded.io.grpc.ForwardingClientCallListener.onClose(ForwardingClientCallListener.java:23) ~[nacos-client-2.0.4.jar:na]
	at com.alibaba.nacos.shaded.io.grpc.ForwardingClientCallListener$SimpleForwardingClientCallListener.onClose(ForwardingClientCallListener.java:40) ~[nacos-client-2.0.4.jar:na]
	at com.alibaba.nacos.shaded.io.grpc.internal.CensusStatsModule$StatsClientInterceptor$1$1.onClose(CensusStatsModule.java:700) ~[nacos-client-2.0.4.jar:na]
	at com.alibaba.nacos.shaded.io.grpc.PartialForwardingClientCallListener.onClose(PartialForwardingClientCallListener.java:39) ~[nacos-client-2.0.4.jar:na]
	at com.alibaba.nacos.shaded.io.grpc.ForwardingClientCallListener.onClose(ForwardingClientCallListener.java:23) ~[nacos-client-2.0.4.jar:na]
	at com.alibaba.nacos.shaded.io.grpc.ForwardingClientCallListener$SimpleForwardingClientCallListener.onClose(ForwardingClientCallListener.java:40) ~[nacos-client-2.0.4.jar:na]
	at com.alibaba.nacos.shaded.io.grpc.internal.CensusTracingModule$TracingClientInterceptor$1$1.onClose(CensusTracingModule.java:399) ~[nacos-client-2.0.4.jar:na]
	at com.alibaba.nacos.shaded.io.grpc.internal.ClientCallImpl.closeObserver(ClientCallImpl.java:510) ~[nacos-client-2.0.4.jar:na]
	at com.alibaba.nacos.shaded.io.grpc.internal.ClientCallImpl.access$300(ClientCallImpl.java:66) ~[nacos-client-2.0.4.jar:na]
	at com.alibaba.nacos.shaded.io.grpc.internal.ClientCallImpl$ClientStreamListenerImpl.close(ClientCallImpl.java:630) ~[nacos-client-2.0.4.jar:na]
	at com.alibaba.nacos.shaded.io.grpc.internal.ClientCallImpl$ClientStreamListenerImpl.access$700(ClientCallImpl.java:518) ~[nacos-client-2.0.4.jar:na]
	at com.alibaba.nacos.shaded.io.grpc.internal.ClientCallImpl$ClientStreamListenerImpl$1StreamClosed.runInternal(ClientCallImpl.java:692) ~[nacos-client-2.0.4.jar:na]
	at com.alibaba.nacos.shaded.io.grpc.internal.ClientCallImpl$ClientStreamListenerImpl$1StreamClosed.runInContext(ClientCallImpl.java:681) ~[nacos-client-2.0.4.jar:na]
	at com.alibaba.nacos.shaded.io.grpc.internal.ContextRunnable.run(ContextRunnable.java:37) ~[nacos-client-2.0.4.jar:na]
	at com.alibaba.nacos.shaded.io.grpc.internal.SerializingExecutor.run(SerializingExecutor.java:123) ~[nacos-client-2.0.4.jar:na]
	... 3 common frames omitted
Caused by: com.alibaba.nacos.shaded.io.grpc.netty.shaded.io.netty.channel.AbstractChannel$AnnotatedSocketException: Network is unreachable: no further information: /192.168.150.101:9848
Caused by: java.net.SocketException: Network is unreachable: no further information
	at java.base/sun.nio.ch.SocketChannelImpl.checkConnect(Native Method) ~[na:na]
	at java.base/sun.nio.ch.SocketChannelImpl.finishConnect(SocketChannelImpl.java:779) ~[na:na]
	at com.alibaba.nacos.shaded.io.grpc.netty.shaded.io.netty.channel.socket.nio.NioSocketChannel.doFinishConnect(NioSocketChannel.java:327) ~[nacos-client-2.0.4.jar:na]
	at com.alibaba.nacos.shaded.io.grpc.netty.shaded.io.netty.channel.nio.AbstractNioChannel$AbstractNioUnsafe.finishConnect(AbstractNioChannel.java:336) ~[nacos-client-2.0.4.jar:na]
	at com.alibaba.nacos.shaded.io.grpc.netty.shaded.io.netty.channel.nio.NioEventLoop.processSelectedKey(NioEventLoop.java:685) ~[nacos-client-2.0.4.jar:na]
	at com.alibaba.nacos.shaded.io.grpc.netty.shaded.io.netty.channel.nio.NioEventLoop.processSelectedKeysOptimized(NioEventLoop.java:632) ~[nacos-client-2.0.4.jar:na]
	at com.alibaba.nacos.shaded.io.grpc.netty.shaded.io.netty.channel.nio.NioEventLoop.processSelectedKeys(NioEventLoop.java:549) ~[nacos-client-2.0.4.jar:na]
	at com.alibaba.nacos.shaded.io.grpc.netty.shaded.io.netty.channel.nio.NioEventLoop.run(NioEventLoop.java:511) ~[nacos-client-2.0.4.jar:na]
	at com.alibaba.nacos.shaded.io.grpc.netty.shaded.io.netty.util.concurrent.SingleThreadEventExecutor$5.run(SingleThreadEventExecutor.java:918) ~[nacos-client-2.0.4.jar:na]
	at com.alibaba.nacos.shaded.io.grpc.netty.shaded.io.netty.util.internal.ThreadExecutorMap$2.run(ThreadExecutorMap.java:74) ~[nacos-client-2.0.4.jar:na]
	at com.alibaba.nacos.shaded.io.grpc.netty.shaded.io.netty.util.concurrent.FastThreadLocalRunnable.run(FastThreadLocalRunnable.java:30) ~[nacos-client-2.0.4.jar:na]
	at java.base/java.lang.Thread.run(Thread.java:834) ~[na:na]

11:35:24:003  INFO 21484 --- [com.alibaba.nacos.client.remote.worker] com.alibaba.nacos.common.remote.client   : [73d0a60b-f6b2-4bd9-a577-31bdfa116504] Fail to connect server, after trying 1 times, last try server is {serverIp = '192.168.150.101', server main port = 8848}, error = unknown
11:35:24:201 ERROR 21524 --- [com.alibaba.nacos.client.remote.worker] c.a.n.c.remote.client.grpc.GrpcClient    : Server check fail, please check server 192.168.150.101 ,port 9848 is available , error ={}

java.util.concurrent.ExecutionException: com.alibaba.nacos.shaded.io.grpc.StatusRuntimeException: UNAVAILABLE: io exception
	at com.alibaba.nacos.shaded.com.google.common.util.concurrent.AbstractFuture.getDoneValue(AbstractFuture.java:566) ~[nacos-client-2.0.4.jar:na]
	at com.alibaba.nacos.shaded.com.google.common.util.concurrent.AbstractFuture.get(AbstractFuture.java:445) ~[nacos-client-2.0.4.jar:na]
	at com.alibaba.nacos.common.remote.client.grpc.GrpcClient.serverCheck(GrpcClient.java:148) ~[nacos-client-2.0.4.jar:na]
	at com.alibaba.nacos.common.remote.client.grpc.GrpcClient.connectToServer(GrpcClient.java:264) ~[nacos-client-2.0.4.jar:na]
	at com.alibaba.nacos.common.remote.client.RpcClient.reconnect(RpcClient.java:522) ~[nacos-client-2.0.4.jar:na]
	at com.alibaba.nacos.common.remote.client.RpcClient.lambda$start$2(RpcClient.java:370) ~[nacos-client-2.0.4.jar:na]
	at java.base/java.util.concurrent.Executors$RunnableAdapter.call(Executors.java:515) ~[na:na]
	at java.base/java.util.concurrent.FutureTask.run(FutureTask.java:264) ~[na:na]
	at java.base/java.util.concurrent.ScheduledThreadPoolExecutor$ScheduledFutureTask.run(ScheduledThreadPoolExecutor.java:304) ~[na:na]
	at java.base/java.util.concurrent.ThreadPoolExecutor.runWorker(ThreadPoolExecutor.java:1128) ~[na:na]
	at java.base/java.util.concurrent.ThreadPoolExecutor$Worker.run(ThreadPoolExecutor.java:628) ~[na:na]
	at java.base/java.lang.Thread.run(Thread.java:834) ~[na:na]
Caused by: com.alibaba.nacos.shaded.io.grpc.StatusRuntimeException: UNAVAILABLE: io exception
	at com.alibaba.nacos.shaded.io.grpc.Status.asRuntimeException(Status.java:533) ~[nacos-client-2.0.4.jar:na]
	at com.alibaba.nacos.shaded.io.grpc.stub.ClientCalls$UnaryStreamToFuture.onClose(ClientCalls.java:490) ~[nacos-client-2.0.4.jar:na]
	at com.alibaba.nacos.shaded.io.grpc.PartialForwardingClientCallListener.onClose(PartialForwardingClientCallListener.java:39) ~[nacos-client-2.0.4.jar:na]
	at com.alibaba.nacos.shaded.io.grpc.ForwardingClientCallListener.onClose(ForwardingClientCallListener.java:23) ~[nacos-client-2.0.4.jar:na]
	at com.alibaba.nacos.shaded.io.grpc.ForwardingClientCallListener$SimpleForwardingClientCallListener.onClose(ForwardingClientCallListener.java:40) ~[nacos-client-2.0.4.jar:na]
	at com.alibaba.nacos.shaded.io.grpc.internal.CensusStatsModule$StatsClientInterceptor$1$1.onClose(CensusStatsModule.java:700) ~[nacos-client-2.0.4.jar:na]
	at com.alibaba.nacos.shaded.io.grpc.PartialForwardingClientCallListener.onClose(PartialForwardingClientCallListener.java:39) ~[nacos-client-2.0.4.jar:na]
	at com.alibaba.nacos.shaded.io.grpc.ForwardingClientCallListener.onClose(ForwardingClientCallListener.java:23) ~[nacos-client-2.0.4.jar:na]
	at com.alibaba.nacos.shaded.io.grpc.ForwardingClientCallListener$SimpleForwardingClientCallListener.onClose(ForwardingClientCallListener.java:40) ~[nacos-client-2.0.4.jar:na]
	at com.alibaba.nacos.shaded.io.grpc.internal.CensusTracingModule$TracingClientInterceptor$1$1.onClose(CensusTracingModule.java:399) ~[nacos-client-2.0.4.jar:na]
	at com.alibaba.nacos.shaded.io.grpc.internal.ClientCallImpl.closeObserver(ClientCallImpl.java:510) ~[nacos-client-2.0.4.jar:na]
	at com.alibaba.nacos.shaded.io.grpc.internal.ClientCallImpl.access$300(ClientCallImpl.java:66) ~[nacos-client-2.0.4.jar:na]
	at com.alibaba.nacos.shaded.io.grpc.internal.ClientCallImpl$ClientStreamListenerImpl.close(ClientCallImpl.java:630) ~[nacos-client-2.0.4.jar:na]
	at com.alibaba.nacos.shaded.io.grpc.internal.ClientCallImpl$ClientStreamListenerImpl.access$700(ClientCallImpl.java:518) ~[nacos-client-2.0.4.jar:na]
	at com.alibaba.nacos.shaded.io.grpc.internal.ClientCallImpl$ClientStreamListenerImpl$1StreamClosed.runInternal(ClientCallImpl.java:692) ~[nacos-client-2.0.4.jar:na]
	at com.alibaba.nacos.shaded.io.grpc.internal.ClientCallImpl$ClientStreamListenerImpl$1StreamClosed.runInContext(ClientCallImpl.java:681) ~[nacos-client-2.0.4.jar:na]
	at com.alibaba.nacos.shaded.io.grpc.internal.ContextRunnable.run(ContextRunnable.java:37) ~[nacos-client-2.0.4.jar:na]
	at com.alibaba.nacos.shaded.io.grpc.internal.SerializingExecutor.run(SerializingExecutor.java:123) ~[nacos-client-2.0.4.jar:na]
	... 3 common frames omitted
Caused by: com.alibaba.nacos.shaded.io.grpc.netty.shaded.io.netty.channel.AbstractChannel$AnnotatedSocketException: Network is unreachable: no further information: /192.168.150.101:9848
Caused by: java.net.SocketException: Network is unreachable: no further information
	at java.base/sun.nio.ch.SocketChannelImpl.checkConnect(Native Method) ~[na:na]
	at java.base/sun.nio.ch.SocketChannelImpl.finishConnect(SocketChannelImpl.java:779) ~[na:na]
	at com.alibaba.nacos.shaded.io.grpc.netty.shaded.io.netty.channel.socket.nio.NioSocketChannel.doFinishConnect(NioSocketChannel.java:327) ~[nacos-client-2.0.4.jar:na]
	at com.alibaba.nacos.shaded.io.grpc.netty.shaded.io.netty.channel.nio.AbstractNioChannel$AbstractNioUnsafe.finishConnect(AbstractNioChannel.java:336) ~[nacos-client-2.0.4.jar:na]
	at com.alibaba.nacos.shaded.io.grpc.netty.shaded.io.netty.channel.nio.NioEventLoop.processSelectedKey(NioEventLoop.java:685) ~[nacos-client-2.0.4.jar:na]
	at com.alibaba.nacos.shaded.io.grpc.netty.shaded.io.netty.channel.nio.NioEventLoop.processSelectedKeysOptimized(NioEventLoop.java:632) ~[nacos-client-2.0.4.jar:na]
	at com.alibaba.nacos.shaded.io.grpc.netty.shaded.io.netty.channel.nio.NioEventLoop.processSelectedKeys(NioEventLoop.java:549) ~[nacos-client-2.0.4.jar:na]
	at com.alibaba.nacos.shaded.io.grpc.netty.shaded.io.netty.channel.nio.NioEventLoop.run(NioEventLoop.java:511) ~[nacos-client-2.0.4.jar:na]
	at com.alibaba.nacos.shaded.io.grpc.netty.shaded.io.netty.util.concurrent.SingleThreadEventExecutor$5.run(SingleThreadEventExecutor.java:918) ~[nacos-client-2.0.4.jar:na]
	at com.alibaba.nacos.shaded.io.grpc.netty.shaded.io.netty.util.internal.ThreadExecutorMap$2.run(ThreadExecutorMap.java:74) ~[nacos-client-2.0.4.jar:na]
	at com.alibaba.nacos.shaded.io.grpc.netty.shaded.io.netty.util.concurrent.FastThreadLocalRunnable.run(FastThreadLocalRunnable.java:30) ~[nacos-client-2.0.4.jar:na]
	at java.base/java.lang.Thread.run(Thread.java:834) ~[na:na]

11:35:24:203  INFO 21524 --- [com.alibaba.nacos.client.remote.worker] com.alibaba.nacos.common.remote.client   : [8996ad41-bfd7-4555-9513-85d896a18ec0] Fail to connect server, after trying 2 times, last try server is {serverIp = '192.168.150.101', server main port = 8848}, error = unknown
11:35:24:218 ERROR 21484 --- [com.alibaba.nacos.client.remote.worker] c.a.n.c.remote.client.grpc.GrpcClient    : Server check fail, please check server 192.168.150.101 ,port 9848 is available , error ={}

java.util.concurrent.ExecutionException: com.alibaba.nacos.shaded.io.grpc.StatusRuntimeException: UNAVAILABLE: io exception
	at com.alibaba.nacos.shaded.com.google.common.util.concurrent.AbstractFuture.getDoneValue(AbstractFuture.java:566) ~[nacos-client-2.0.4.jar:na]
	at com.alibaba.nacos.shaded.com.google.common.util.concurrent.AbstractFuture.get(AbstractFuture.java:445) ~[nacos-client-2.0.4.jar:na]
	at com.alibaba.nacos.common.remote.client.grpc.GrpcClient.serverCheck(GrpcClient.java:148) ~[nacos-client-2.0.4.jar:na]
	at com.alibaba.nacos.common.remote.client.grpc.GrpcClient.connectToServer(GrpcClient.java:264) ~[nacos-client-2.0.4.jar:na]
	at com.alibaba.nacos.common.remote.client.RpcClient.reconnect(RpcClient.java:522) ~[nacos-client-2.0.4.jar:na]
	at com.alibaba.nacos.common.remote.client.RpcClient.lambda$start$2(RpcClient.java:370) ~[nacos-client-2.0.4.jar:na]
	at java.base/java.util.concurrent.Executors$RunnableAdapter.call(Executors.java:515) ~[na:na]
	at java.base/java.util.concurrent.FutureTask.run(FutureTask.java:264) ~[na:na]
	at java.base/java.util.concurrent.ScheduledThreadPoolExecutor$ScheduledFutureTask.run(ScheduledThreadPoolExecutor.java:304) ~[na:na]
	at java.base/java.util.concurrent.ThreadPoolExecutor.runWorker(ThreadPoolExecutor.java:1128) ~[na:na]
	at java.base/java.util.concurrent.ThreadPoolExecutor$Worker.run(ThreadPoolExecutor.java:628) ~[na:na]
	at java.base/java.lang.Thread.run(Thread.java:834) ~[na:na]
Caused by: com.alibaba.nacos.shaded.io.grpc.StatusRuntimeException: UNAVAILABLE: io exception
	at com.alibaba.nacos.shaded.io.grpc.Status.asRuntimeException(Status.java:533) ~[nacos-client-2.0.4.jar:na]
	at com.alibaba.nacos.shaded.io.grpc.stub.ClientCalls$UnaryStreamToFuture.onClose(ClientCalls.java:490) ~[nacos-client-2.0.4.jar:na]
	at com.alibaba.nacos.shaded.io.grpc.PartialForwardingClientCallListener.onClose(PartialForwardingClientCallListener.java:39) ~[nacos-client-2.0.4.jar:na]
	at com.alibaba.nacos.shaded.io.grpc.ForwardingClientCallListener.onClose(ForwardingClientCallListener.java:23) ~[nacos-client-2.0.4.jar:na]
	at com.alibaba.nacos.shaded.io.grpc.ForwardingClientCallListener$SimpleForwardingClientCallListener.onClose(ForwardingClientCallListener.java:40) ~[nacos-client-2.0.4.jar:na]
	at com.alibaba.nacos.shaded.io.grpc.internal.CensusStatsModule$StatsClientInterceptor$1$1.onClose(CensusStatsModule.java:700) ~[nacos-client-2.0.4.jar:na]
	at com.alibaba.nacos.shaded.io.grpc.PartialForwardingClientCallListener.onClose(PartialForwardingClientCallListener.java:39) ~[nacos-client-2.0.4.jar:na]
	at com.alibaba.nacos.shaded.io.grpc.ForwardingClientCallListener.onClose(ForwardingClientCallListener.java:23) ~[nacos-client-2.0.4.jar:na]
	at com.alibaba.nacos.shaded.io.grpc.ForwardingClientCallListener$SimpleForwardingClientCallListener.onClose(ForwardingClientCallListener.java:40) ~[nacos-client-2.0.4.jar:na]
	at com.alibaba.nacos.shaded.io.grpc.internal.CensusTracingModule$TracingClientInterceptor$1$1.onClose(CensusTracingModule.java:399) ~[nacos-client-2.0.4.jar:na]
	at com.alibaba.nacos.shaded.io.grpc.internal.ClientCallImpl.closeObserver(ClientCallImpl.java:510) ~[nacos-client-2.0.4.jar:na]
	at com.alibaba.nacos.shaded.io.grpc.internal.ClientCallImpl.access$300(ClientCallImpl.java:66) ~[nacos-client-2.0.4.jar:na]
	at com.alibaba.nacos.shaded.io.grpc.internal.ClientCallImpl$ClientStreamListenerImpl.close(ClientCallImpl.java:630) ~[nacos-client-2.0.4.jar:na]
	at com.alibaba.nacos.shaded.io.grpc.internal.ClientCallImpl$ClientStreamListenerImpl.access$700(ClientCallImpl.java:518) ~[nacos-client-2.0.4.jar:na]
	at com.alibaba.nacos.shaded.io.grpc.internal.ClientCallImpl$ClientStreamListenerImpl$1StreamClosed.runInternal(ClientCallImpl.java:692) ~[nacos-client-2.0.4.jar:na]
	at com.alibaba.nacos.shaded.io.grpc.internal.ClientCallImpl$ClientStreamListenerImpl$1StreamClosed.runInContext(ClientCallImpl.java:681) ~[nacos-client-2.0.4.jar:na]
	at com.alibaba.nacos.shaded.io.grpc.internal.ContextRunnable.run(ContextRunnable.java:37) ~[nacos-client-2.0.4.jar:na]
	at com.alibaba.nacos.shaded.io.grpc.internal.SerializingExecutor.run(SerializingExecutor.java:123) ~[nacos-client-2.0.4.jar:na]
	... 3 common frames omitted
Caused by: com.alibaba.nacos.shaded.io.grpc.netty.shaded.io.netty.channel.AbstractChannel$AnnotatedSocketException: Network is unreachable: no further information: /192.168.150.101:9848
Caused by: java.net.SocketException: Network is unreachable: no further information
	at java.base/sun.nio.ch.SocketChannelImpl.checkConnect(Native Method) ~[na:na]
	at java.base/sun.nio.ch.SocketChannelImpl.finishConnect(SocketChannelImpl.java:779) ~[na:na]
	at com.alibaba.nacos.shaded.io.grpc.netty.shaded.io.netty.channel.socket.nio.NioSocketChannel.doFinishConnect(NioSocketChannel.java:327) ~[nacos-client-2.0.4.jar:na]
	at com.alibaba.nacos.shaded.io.grpc.netty.shaded.io.netty.channel.nio.AbstractNioChannel$AbstractNioUnsafe.finishConnect(AbstractNioChannel.java:336) ~[nacos-client-2.0.4.jar:na]
	at com.alibaba.nacos.shaded.io.grpc.netty.shaded.io.netty.channel.nio.NioEventLoop.processSelectedKey(NioEventLoop.java:685) ~[nacos-client-2.0.4.jar:na]
	at com.alibaba.nacos.shaded.io.grpc.netty.shaded.io.netty.channel.nio.NioEventLoop.processSelectedKeysOptimized(NioEventLoop.java:632) ~[nacos-client-2.0.4.jar:na]
	at com.alibaba.nacos.shaded.io.grpc.netty.shaded.io.netty.channel.nio.NioEventLoop.processSelectedKeys(NioEventLoop.java:549) ~[nacos-client-2.0.4.jar:na]
	at com.alibaba.nacos.shaded.io.grpc.netty.shaded.io.netty.channel.nio.NioEventLoop.run(NioEventLoop.java:511) ~[nacos-client-2.0.4.jar:na]
	at com.alibaba.nacos.shaded.io.grpc.netty.shaded.io.netty.util.concurrent.SingleThreadEventExecutor$5.run(SingleThreadEventExecutor.java:918) ~[nacos-client-2.0.4.jar:na]
	at com.alibaba.nacos.shaded.io.grpc.netty.shaded.io.netty.util.internal.ThreadExecutorMap$2.run(ThreadExecutorMap.java:74) ~[nacos-client-2.0.4.jar:na]
	at com.alibaba.nacos.shaded.io.grpc.netty.shaded.io.netty.util.concurrent.FastThreadLocalRunnable.run(FastThreadLocalRunnable.java:30) ~[nacos-client-2.0.4.jar:na]
	at java.base/java.lang.Thread.run(Thread.java:834) ~[na:na]

11:35:24:218  INFO 21484 --- [com.alibaba.nacos.client.remote.worker] com.alibaba.nacos.common.remote.client   : [73d0a60b-f6b2-4bd9-a577-31bdfa116504] Fail to connect server, after trying 2 times, last try server is {serverIp = '192.168.150.101', server main port = 8848}, error = unknown
11:35:24:518 ERROR 21524 --- [com.alibaba.nacos.client.remote.worker] c.a.n.c.remote.client.grpc.GrpcClient    : Server check fail, please check server 192.168.150.101 ,port 9848 is available , error ={}

java.util.concurrent.ExecutionException: com.alibaba.nacos.shaded.io.grpc.StatusRuntimeException: UNAVAILABLE: io exception
	at com.alibaba.nacos.shaded.com.google.common.util.concurrent.AbstractFuture.getDoneValue(AbstractFuture.java:566) ~[nacos-client-2.0.4.jar:na]
	at com.alibaba.nacos.shaded.com.google.common.util.concurrent.AbstractFuture.get(AbstractFuture.java:445) ~[nacos-client-2.0.4.jar:na]
	at com.alibaba.nacos.common.remote.client.grpc.GrpcClient.serverCheck(GrpcClient.java:148) ~[nacos-client-2.0.4.jar:na]
	at com.alibaba.nacos.common.remote.client.grpc.GrpcClient.connectToServer(GrpcClient.java:264) ~[nacos-client-2.0.4.jar:na]
	at com.alibaba.nacos.common.remote.client.RpcClient.reconnect(RpcClient.java:522) ~[nacos-client-2.0.4.jar:na]
	at com.alibaba.nacos.common.remote.client.RpcClient.lambda$start$2(RpcClient.java:370) ~[nacos-client-2.0.4.jar:na]
	at java.base/java.util.concurrent.Executors$RunnableAdapter.call(Executors.java:515) ~[na:na]
	at java.base/java.util.concurrent.FutureTask.run(FutureTask.java:264) ~[na:na]
	at java.base/java.util.concurrent.ScheduledThreadPoolExecutor$ScheduledFutureTask.run(ScheduledThreadPoolExecutor.java:304) ~[na:na]
	at java.base/java.util.concurrent.ThreadPoolExecutor.runWorker(ThreadPoolExecutor.java:1128) ~[na:na]
	at java.base/java.util.concurrent.ThreadPoolExecutor$Worker.run(ThreadPoolExecutor.java:628) ~[na:na]
	at java.base/java.lang.Thread.run(Thread.java:834) ~[na:na]
Caused by: com.alibaba.nacos.shaded.io.grpc.StatusRuntimeException: UNAVAILABLE: io exception
	at com.alibaba.nacos.shaded.io.grpc.Status.asRuntimeException(Status.java:533) ~[nacos-client-2.0.4.jar:na]
	at com.alibaba.nacos.shaded.io.grpc.stub.ClientCalls$UnaryStreamToFuture.onClose(ClientCalls.java:490) ~[nacos-client-2.0.4.jar:na]
	at com.alibaba.nacos.shaded.io.grpc.PartialForwardingClientCallListener.onClose(PartialForwardingClientCallListener.java:39) ~[nacos-client-2.0.4.jar:na]
	at com.alibaba.nacos.shaded.io.grpc.ForwardingClientCallListener.onClose(ForwardingClientCallListener.java:23) ~[nacos-client-2.0.4.jar:na]
	at com.alibaba.nacos.shaded.io.grpc.ForwardingClientCallListener$SimpleForwardingClientCallListener.onClose(ForwardingClientCallListener.java:40) ~[nacos-client-2.0.4.jar:na]
	at com.alibaba.nacos.shaded.io.grpc.internal.CensusStatsModule$StatsClientInterceptor$1$1.onClose(CensusStatsModule.java:700) ~[nacos-client-2.0.4.jar:na]
	at com.alibaba.nacos.shaded.io.grpc.PartialForwardingClientCallListener.onClose(PartialForwardingClientCallListener.java:39) ~[nacos-client-2.0.4.jar:na]
	at com.alibaba.nacos.shaded.io.grpc.ForwardingClientCallListener.onClose(ForwardingClientCallListener.java:23) ~[nacos-client-2.0.4.jar:na]
	at com.alibaba.nacos.shaded.io.grpc.ForwardingClientCallListener$SimpleForwardingClientCallListener.onClose(ForwardingClientCallListener.java:40) ~[nacos-client-2.0.4.jar:na]
	at com.alibaba.nacos.shaded.io.grpc.internal.CensusTracingModule$TracingClientInterceptor$1$1.onClose(CensusTracingModule.java:399) ~[nacos-client-2.0.4.jar:na]
	at com.alibaba.nacos.shaded.io.grpc.internal.ClientCallImpl.closeObserver(ClientCallImpl.java:510) ~[nacos-client-2.0.4.jar:na]
	at com.alibaba.nacos.shaded.io.grpc.internal.ClientCallImpl.access$300(ClientCallImpl.java:66) ~[nacos-client-2.0.4.jar:na]
	at com.alibaba.nacos.shaded.io.grpc.internal.ClientCallImpl$ClientStreamListenerImpl.close(ClientCallImpl.java:630) ~[nacos-client-2.0.4.jar:na]
	at com.alibaba.nacos.shaded.io.grpc.internal.ClientCallImpl$ClientStreamListenerImpl.access$700(ClientCallImpl.java:518) ~[nacos-client-2.0.4.jar:na]
	at com.alibaba.nacos.shaded.io.grpc.internal.ClientCallImpl$ClientStreamListenerImpl$1StreamClosed.runInternal(ClientCallImpl.java:692) ~[nacos-client-2.0.4.jar:na]
	at com.alibaba.nacos.shaded.io.grpc.internal.ClientCallImpl$ClientStreamListenerImpl$1StreamClosed.runInContext(ClientCallImpl.java:681) ~[nacos-client-2.0.4.jar:na]
	at com.alibaba.nacos.shaded.io.grpc.internal.ContextRunnable.run(ContextRunnable.java:37) ~[nacos-client-2.0.4.jar:na]
	at com.alibaba.nacos.shaded.io.grpc.internal.SerializingExecutor.run(SerializingExecutor.java:123) ~[nacos-client-2.0.4.jar:na]
	... 3 common frames omitted
Caused by: com.alibaba.nacos.shaded.io.grpc.netty.shaded.io.netty.channel.AbstractChannel$AnnotatedSocketException: Network is unreachable: no further information: /192.168.150.101:9848
Caused by: java.net.SocketException: Network is unreachable: no further information
	at java.base/sun.nio.ch.SocketChannelImpl.checkConnect(Native Method) ~[na:na]
	at java.base/sun.nio.ch.SocketChannelImpl.finishConnect(SocketChannelImpl.java:779) ~[na:na]
	at com.alibaba.nacos.shaded.io.grpc.netty.shaded.io.netty.channel.socket.nio.NioSocketChannel.doFinishConnect(NioSocketChannel.java:327) ~[nacos-client-2.0.4.jar:na]
	at com.alibaba.nacos.shaded.io.grpc.netty.shaded.io.netty.channel.nio.AbstractNioChannel$AbstractNioUnsafe.finishConnect(AbstractNioChannel.java:336) ~[nacos-client-2.0.4.jar:na]
	at com.alibaba.nacos.shaded.io.grpc.netty.shaded.io.netty.channel.nio.NioEventLoop.processSelectedKey(NioEventLoop.java:685) ~[nacos-client-2.0.4.jar:na]
	at com.alibaba.nacos.shaded.io.grpc.netty.shaded.io.netty.channel.nio.NioEventLoop.processSelectedKeysOptimized(NioEventLoop.java:632) ~[nacos-client-2.0.4.jar:na]
	at com.alibaba.nacos.shaded.io.grpc.netty.shaded.io.netty.channel.nio.NioEventLoop.processSelectedKeys(NioEventLoop.java:549) ~[nacos-client-2.0.4.jar:na]
	at com.alibaba.nacos.shaded.io.grpc.netty.shaded.io.netty.channel.nio.NioEventLoop.run(NioEventLoop.java:511) ~[nacos-client-2.0.4.jar:na]
	at com.alibaba.nacos.shaded.io.grpc.netty.shaded.io.netty.util.concurrent.SingleThreadEventExecutor$5.run(SingleThreadEventExecutor.java:918) ~[nacos-client-2.0.4.jar:na]
	at com.alibaba.nacos.shaded.io.grpc.netty.shaded.io.netty.util.internal.ThreadExecutorMap$2.run(ThreadExecutorMap.java:74) ~[nacos-client-2.0.4.jar:na]
	at com.alibaba.nacos.shaded.io.grpc.netty.shaded.io.netty.util.concurrent.FastThreadLocalRunnable.run(FastThreadLocalRunnable.java:30) ~[nacos-client-2.0.4.jar:na]
	at java.base/java.lang.Thread.run(Thread.java:834) ~[na:na]

11:35:24:520  INFO 21524 --- [com.alibaba.nacos.client.remote.worker] com.alibaba.nacos.common.remote.client   : [8996ad41-bfd7-4555-9513-85d896a18ec0] Fail to connect server, after trying 3 times, last try server is {serverIp = '192.168.150.101', server main port = 8848}, error = unknown
11:35:24:548 ERROR 21484 --- [com.alibaba.nacos.client.remote.worker] c.a.n.c.remote.client.grpc.GrpcClient    : Server check fail, please check server 192.168.150.101 ,port 9848 is available , error ={}

java.util.concurrent.ExecutionException: com.alibaba.nacos.shaded.io.grpc.StatusRuntimeException: UNAVAILABLE: io exception
	at com.alibaba.nacos.shaded.com.google.common.util.concurrent.AbstractFuture.getDoneValue(AbstractFuture.java:566) ~[nacos-client-2.0.4.jar:na]
	at com.alibaba.nacos.shaded.com.google.common.util.concurrent.AbstractFuture.get(AbstractFuture.java:445) ~[nacos-client-2.0.4.jar:na]
	at com.alibaba.nacos.common.remote.client.grpc.GrpcClient.serverCheck(GrpcClient.java:148) ~[nacos-client-2.0.4.jar:na]
	at com.alibaba.nacos.common.remote.client.grpc.GrpcClient.connectToServer(GrpcClient.java:264) ~[nacos-client-2.0.4.jar:na]
	at com.alibaba.nacos.common.remote.client.RpcClient.reconnect(RpcClient.java:522) ~[nacos-client-2.0.4.jar:na]
	at com.alibaba.nacos.common.remote.client.RpcClient.lambda$start$2(RpcClient.java:370) ~[nacos-client-2.0.4.jar:na]
	at java.base/java.util.concurrent.Executors$RunnableAdapter.call(Executors.java:515) ~[na:na]
	at java.base/java.util.concurrent.FutureTask.run(FutureTask.java:264) ~[na:na]
	at java.base/java.util.concurrent.ScheduledThreadPoolExecutor$ScheduledFutureTask.run(ScheduledThreadPoolExecutor.java:304) ~[na:na]
	at java.base/java.util.concurrent.ThreadPoolExecutor.runWorker(ThreadPoolExecutor.java:1128) ~[na:na]
	at java.base/java.util.concurrent.ThreadPoolExecutor$Worker.run(ThreadPoolExecutor.java:628) ~[na:na]
	at java.base/java.lang.Thread.run(Thread.java:834) ~[na:na]
Caused by: com.alibaba.nacos.shaded.io.grpc.StatusRuntimeException: UNAVAILABLE: io exception
	at com.alibaba.nacos.shaded.io.grpc.Status.asRuntimeException(Status.java:533) ~[nacos-client-2.0.4.jar:na]
	at com.alibaba.nacos.shaded.io.grpc.stub.ClientCalls$UnaryStreamToFuture.onClose(ClientCalls.java:490) ~[nacos-client-2.0.4.jar:na]
	at com.alibaba.nacos.shaded.io.grpc.PartialForwardingClientCallListener.onClose(PartialForwardingClientCallListener.java:39) ~[nacos-client-2.0.4.jar:na]
	at com.alibaba.nacos.shaded.io.grpc.ForwardingClientCallListener.onClose(ForwardingClientCallListener.java:23) ~[nacos-client-2.0.4.jar:na]
	at com.alibaba.nacos.shaded.io.grpc.ForwardingClientCallListener$SimpleForwardingClientCallListener.onClose(ForwardingClientCallListener.java:40) ~[nacos-client-2.0.4.jar:na]
	at com.alibaba.nacos.shaded.io.grpc.internal.CensusStatsModule$StatsClientInterceptor$1$1.onClose(CensusStatsModule.java:700) ~[nacos-client-2.0.4.jar:na]
	at com.alibaba.nacos.shaded.io.grpc.PartialForwardingClientCallListener.onClose(PartialForwardingClientCallListener.java:39) ~[nacos-client-2.0.4.jar:na]
	at com.alibaba.nacos.shaded.io.grpc.ForwardingClientCallListener.onClose(ForwardingClientCallListener.java:23) ~[nacos-client-2.0.4.jar:na]
	at com.alibaba.nacos.shaded.io.grpc.ForwardingClientCallListener$SimpleForwardingClientCallListener.onClose(ForwardingClientCallListener.java:40) ~[nacos-client-2.0.4.jar:na]
	at com.alibaba.nacos.shaded.io.grpc.internal.CensusTracingModule$TracingClientInterceptor$1$1.onClose(CensusTracingModule.java:399) ~[nacos-client-2.0.4.jar:na]
	at com.alibaba.nacos.shaded.io.grpc.internal.ClientCallImpl.closeObserver(ClientCallImpl.java:510) ~[nacos-client-2.0.4.jar:na]
	at com.alibaba.nacos.shaded.io.grpc.internal.ClientCallImpl.access$300(ClientCallImpl.java:66) ~[nacos-client-2.0.4.jar:na]
	at com.alibaba.nacos.shaded.io.grpc.internal.ClientCallImpl$ClientStreamListenerImpl.close(ClientCallImpl.java:630) ~[nacos-client-2.0.4.jar:na]
	at com.alibaba.nacos.shaded.io.grpc.internal.ClientCallImpl$ClientStreamListenerImpl.access$700(ClientCallImpl.java:518) ~[nacos-client-2.0.4.jar:na]
	at com.alibaba.nacos.shaded.io.grpc.internal.ClientCallImpl$ClientStreamListenerImpl$1StreamClosed.runInternal(ClientCallImpl.java:692) ~[nacos-client-2.0.4.jar:na]
	at com.alibaba.nacos.shaded.io.grpc.internal.ClientCallImpl$ClientStreamListenerImpl$1StreamClosed.runInContext(ClientCallImpl.java:681) ~[nacos-client-2.0.4.jar:na]
	at com.alibaba.nacos.shaded.io.grpc.internal.ContextRunnable.run(ContextRunnable.java:37) ~[nacos-client-2.0.4.jar:na]
	at com.alibaba.nacos.shaded.io.grpc.internal.SerializingExecutor.run(SerializingExecutor.java:123) ~[nacos-client-2.0.4.jar:na]
	... 3 common frames omitted
Caused by: com.alibaba.nacos.shaded.io.grpc.netty.shaded.io.netty.channel.AbstractChannel$AnnotatedSocketException: Network is unreachable: no further information: /192.168.150.101:9848
Caused by: java.net.SocketException: Network is unreachable: no further information
	at java.base/sun.nio.ch.SocketChannelImpl.checkConnect(Native Method) ~[na:na]
	at java.base/sun.nio.ch.SocketChannelImpl.finishConnect(SocketChannelImpl.java:779) ~[na:na]
	at com.alibaba.nacos.shaded.io.grpc.netty.shaded.io.netty.channel.socket.nio.NioSocketChannel.doFinishConnect(NioSocketChannel.java:327) ~[nacos-client-2.0.4.jar:na]
	at com.alibaba.nacos.shaded.io.grpc.netty.shaded.io.netty.channel.nio.AbstractNioChannel$AbstractNioUnsafe.finishConnect(AbstractNioChannel.java:336) ~[nacos-client-2.0.4.jar:na]
	at com.alibaba.nacos.shaded.io.grpc.netty.shaded.io.netty.channel.nio.NioEventLoop.processSelectedKey(NioEventLoop.java:685) ~[nacos-client-2.0.4.jar:na]
	at com.alibaba.nacos.shaded.io.grpc.netty.shaded.io.netty.channel.nio.NioEventLoop.processSelectedKeysOptimized(NioEventLoop.java:632) ~[nacos-client-2.0.4.jar:na]
	at com.alibaba.nacos.shaded.io.grpc.netty.shaded.io.netty.channel.nio.NioEventLoop.processSelectedKeys(NioEventLoop.java:549) ~[nacos-client-2.0.4.jar:na]
	at com.alibaba.nacos.shaded.io.grpc.netty.shaded.io.netty.channel.nio.NioEventLoop.run(NioEventLoop.java:511) ~[nacos-client-2.0.4.jar:na]
	at com.alibaba.nacos.shaded.io.grpc.netty.shaded.io.netty.util.concurrent.SingleThreadEventExecutor$5.run(SingleThreadEventExecutor.java:918) ~[nacos-client-2.0.4.jar:na]
	at com.alibaba.nacos.shaded.io.grpc.netty.shaded.io.netty.util.internal.ThreadExecutorMap$2.run(ThreadExecutorMap.java:74) ~[nacos-client-2.0.4.jar:na]
	at com.alibaba.nacos.shaded.io.grpc.netty.shaded.io.netty.util.concurrent.FastThreadLocalRunnable.run(FastThreadLocalRunnable.java:30) ~[nacos-client-2.0.4.jar:na]
	at java.base/java.lang.Thread.run(Thread.java:834) ~[na:na]

11:35:24:550  INFO 21484 --- [com.alibaba.nacos.client.remote.worker] com.alibaba.nacos.common.remote.client   : [73d0a60b-f6b2-4bd9-a577-31bdfa116504] Fail to connect server, after trying 3 times, last try server is {serverIp = '192.168.150.101', server main port = 8848}, error = unknown
11:35:24:935 ERROR 21524 --- [com.alibaba.nacos.client.remote.worker] c.a.n.c.remote.client.grpc.GrpcClient    : Server check fail, please check server 192.168.150.101 ,port 9848 is available , error ={}

java.util.concurrent.ExecutionException: com.alibaba.nacos.shaded.io.grpc.StatusRuntimeException: UNAVAILABLE: io exception
	at com.alibaba.nacos.shaded.com.google.common.util.concurrent.AbstractFuture.getDoneValue(AbstractFuture.java:566) ~[nacos-client-2.0.4.jar:na]
	at com.alibaba.nacos.shaded.com.google.common.util.concurrent.AbstractFuture.get(AbstractFuture.java:445) ~[nacos-client-2.0.4.jar:na]
	at com.alibaba.nacos.common.remote.client.grpc.GrpcClient.serverCheck(GrpcClient.java:148) ~[nacos-client-2.0.4.jar:na]
	at com.alibaba.nacos.common.remote.client.grpc.GrpcClient.connectToServer(GrpcClient.java:264) ~[nacos-client-2.0.4.jar:na]
	at com.alibaba.nacos.common.remote.client.RpcClient.reconnect(RpcClient.java:522) ~[nacos-client-2.0.4.jar:na]
	at com.alibaba.nacos.common.remote.client.RpcClient.lambda$start$2(RpcClient.java:370) ~[nacos-client-2.0.4.jar:na]
	at java.base/java.util.concurrent.Executors$RunnableAdapter.call(Executors.java:515) ~[na:na]
	at java.base/java.util.concurrent.FutureTask.run(FutureTask.java:264) ~[na:na]
	at java.base/java.util.concurrent.ScheduledThreadPoolExecutor$ScheduledFutureTask.run(ScheduledThreadPoolExecutor.java:304) ~[na:na]
	at java.base/java.util.concurrent.ThreadPoolExecutor.runWorker(ThreadPoolExecutor.java:1128) ~[na:na]
	at java.base/java.util.concurrent.ThreadPoolExecutor$Worker.run(ThreadPoolExecutor.java:628) ~[na:na]
	at java.base/java.lang.Thread.run(Thread.java:834) ~[na:na]
Caused by: com.alibaba.nacos.shaded.io.grpc.StatusRuntimeException: UNAVAILABLE: io exception
	at com.alibaba.nacos.shaded.io.grpc.Status.asRuntimeException(Status.java:533) ~[nacos-client-2.0.4.jar:na]
	at com.alibaba.nacos.shaded.io.grpc.stub.ClientCalls$UnaryStreamToFuture.onClose(ClientCalls.java:490) ~[nacos-client-2.0.4.jar:na]
	at com.alibaba.nacos.shaded.io.grpc.PartialForwardingClientCallListener.onClose(PartialForwardingClientCallListener.java:39) ~[nacos-client-2.0.4.jar:na]
	at com.alibaba.nacos.shaded.io.grpc.ForwardingClientCallListener.onClose(ForwardingClientCallListener.java:23) ~[nacos-client-2.0.4.jar:na]
	at com.alibaba.nacos.shaded.io.grpc.ForwardingClientCallListener$SimpleForwardingClientCallListener.onClose(ForwardingClientCallListener.java:40) ~[nacos-client-2.0.4.jar:na]
	at com.alibaba.nacos.shaded.io.grpc.internal.CensusStatsModule$StatsClientInterceptor$1$1.onClose(CensusStatsModule.java:700) ~[nacos-client-2.0.4.jar:na]
	at com.alibaba.nacos.shaded.io.grpc.PartialForwardingClientCallListener.onClose(PartialForwardingClientCallListener.java:39) ~[nacos-client-2.0.4.jar:na]
	at com.alibaba.nacos.shaded.io.grpc.ForwardingClientCallListener.onClose(ForwardingClientCallListener.java:23) ~[nacos-client-2.0.4.jar:na]
	at com.alibaba.nacos.shaded.io.grpc.ForwardingClientCallListener$SimpleForwardingClientCallListener.onClose(ForwardingClientCallListener.java:40) ~[nacos-client-2.0.4.jar:na]
	at com.alibaba.nacos.shaded.io.grpc.internal.CensusTracingModule$TracingClientInterceptor$1$1.onClose(CensusTracingModule.java:399) ~[nacos-client-2.0.4.jar:na]
	at com.alibaba.nacos.shaded.io.grpc.internal.ClientCallImpl.closeObserver(ClientCallImpl.java:510) ~[nacos-client-2.0.4.jar:na]
	at com.alibaba.nacos.shaded.io.grpc.internal.ClientCallImpl.access$300(ClientCallImpl.java:66) ~[nacos-client-2.0.4.jar:na]
	at com.alibaba.nacos.shaded.io.grpc.internal.ClientCallImpl$ClientStreamListenerImpl.close(ClientCallImpl.java:630) ~[nacos-client-2.0.4.jar:na]
	at com.alibaba.nacos.shaded.io.grpc.internal.ClientCallImpl$ClientStreamListenerImpl.access$700(ClientCallImpl.java:518) ~[nacos-client-2.0.4.jar:na]
	at com.alibaba.nacos.shaded.io.grpc.internal.ClientCallImpl$ClientStreamListenerImpl$1StreamClosed.runInternal(ClientCallImpl.java:692) ~[nacos-client-2.0.4.jar:na]
	at com.alibaba.nacos.shaded.io.grpc.internal.ClientCallImpl$ClientStreamListenerImpl$1StreamClosed.runInContext(ClientCallImpl.java:681) ~[nacos-client-2.0.4.jar:na]
	at com.alibaba.nacos.shaded.io.grpc.internal.ContextRunnable.run(ContextRunnable.java:37) ~[nacos-client-2.0.4.jar:na]
	at com.alibaba.nacos.shaded.io.grpc.internal.SerializingExecutor.run(SerializingExecutor.java:123) ~[nacos-client-2.0.4.jar:na]
	... 3 common frames omitted
Caused by: com.alibaba.nacos.shaded.io.grpc.netty.shaded.io.netty.channel.AbstractChannel$AnnotatedSocketException: Network is unreachable: no further information: /192.168.150.101:9848
Caused by: java.net.SocketException: Network is unreachable: no further information
	at java.base/sun.nio.ch.SocketChannelImpl.checkConnect(Native Method) ~[na:na]
	at java.base/sun.nio.ch.SocketChannelImpl.finishConnect(SocketChannelImpl.java:779) ~[na:na]
	at com.alibaba.nacos.shaded.io.grpc.netty.shaded.io.netty.channel.socket.nio.NioSocketChannel.doFinishConnect(NioSocketChannel.java:327) ~[nacos-client-2.0.4.jar:na]
	at com.alibaba.nacos.shaded.io.grpc.netty.shaded.io.netty.channel.nio.AbstractNioChannel$AbstractNioUnsafe.finishConnect(AbstractNioChannel.java:336) ~[nacos-client-2.0.4.jar:na]
	at com.alibaba.nacos.shaded.io.grpc.netty.shaded.io.netty.channel.nio.NioEventLoop.processSelectedKey(NioEventLoop.java:685) ~[nacos-client-2.0.4.jar:na]
	at com.alibaba.nacos.shaded.io.grpc.netty.shaded.io.netty.channel.nio.NioEventLoop.processSelectedKeysOptimized(NioEventLoop.java:632) ~[nacos-client-2.0.4.jar:na]
	at com.alibaba.nacos.shaded.io.grpc.netty.shaded.io.netty.channel.nio.NioEventLoop.processSelectedKeys(NioEventLoop.java:549) ~[nacos-client-2.0.4.jar:na]
	at com.alibaba.nacos.shaded.io.grpc.netty.shaded.io.netty.channel.nio.NioEventLoop.run(NioEventLoop.java:511) ~[nacos-client-2.0.4.jar:na]
	at com.alibaba.nacos.shaded.io.grpc.netty.shaded.io.netty.util.concurrent.SingleThreadEventExecutor$5.run(SingleThreadEventExecutor.java:918) ~[nacos-client-2.0.4.jar:na]
	at com.alibaba.nacos.shaded.io.grpc.netty.shaded.io.netty.util.internal.ThreadExecutorMap$2.run(ThreadExecutorMap.java:74) ~[nacos-client-2.0.4.jar:na]
	at com.alibaba.nacos.shaded.io.grpc.netty.shaded.io.netty.util.concurrent.FastThreadLocalRunnable.run(FastThreadLocalRunnable.java:30) ~[nacos-client-2.0.4.jar:na]
	at java.base/java.lang.Thread.run(Thread.java:834) ~[na:na]

11:35:24:937  INFO 21524 --- [com.alibaba.nacos.client.remote.worker] com.alibaba.nacos.common.remote.client   : [8996ad41-bfd7-4555-9513-85d896a18ec0] Fail to connect server, after trying 4 times, last try server is {serverIp = '192.168.150.101', server main port = 8848}, error = unknown
11:35:24:964 ERROR 21484 --- [com.alibaba.nacos.client.remote.worker] c.a.n.c.remote.client.grpc.GrpcClient    : Server check fail, please check server 192.168.150.101 ,port 9848 is available , error ={}

java.util.concurrent.ExecutionException: com.alibaba.nacos.shaded.io.grpc.StatusRuntimeException: UNAVAILABLE: io exception
	at com.alibaba.nacos.shaded.com.google.common.util.concurrent.AbstractFuture.getDoneValue(AbstractFuture.java:566) ~[nacos-client-2.0.4.jar:na]
	at com.alibaba.nacos.shaded.com.google.common.util.concurrent.AbstractFuture.get(AbstractFuture.java:445) ~[nacos-client-2.0.4.jar:na]
	at com.alibaba.nacos.common.remote.client.grpc.GrpcClient.serverCheck(GrpcClient.java:148) ~[nacos-client-2.0.4.jar:na]
	at com.alibaba.nacos.common.remote.client.grpc.GrpcClient.connectToServer(GrpcClient.java:264) ~[nacos-client-2.0.4.jar:na]
	at com.alibaba.nacos.common.remote.client.RpcClient.reconnect(RpcClient.java:522) ~[nacos-client-2.0.4.jar:na]
	at com.alibaba.nacos.common.remote.client.RpcClient.lambda$start$2(RpcClient.java:370) ~[nacos-client-2.0.4.jar:na]
	at java.base/java.util.concurrent.Executors$RunnableAdapter.call(Executors.java:515) ~[na:na]
	at java.base/java.util.concurrent.FutureTask.run(FutureTask.java:264) ~[na:na]
	at java.base/java.util.concurrent.ScheduledThreadPoolExecutor$ScheduledFutureTask.run(ScheduledThreadPoolExecutor.java:304) ~[na:na]
	at java.base/java.util.concurrent.ThreadPoolExecutor.runWorker(ThreadPoolExecutor.java:1128) ~[na:na]
	at java.base/java.util.concurrent.ThreadPoolExecutor$Worker.run(ThreadPoolExecutor.java:628) ~[na:na]
	at java.base/java.lang.Thread.run(Thread.java:834) ~[na:na]
Caused by: com.alibaba.nacos.shaded.io.grpc.StatusRuntimeException: UNAVAILABLE: io exception
	at com.alibaba.nacos.shaded.io.grpc.Status.asRuntimeException(Status.java:533) ~[nacos-client-2.0.4.jar:na]
	at com.alibaba.nacos.shaded.io.grpc.stub.ClientCalls$UnaryStreamToFuture.onClose(ClientCalls.java:490) ~[nacos-client-2.0.4.jar:na]
	at com.alibaba.nacos.shaded.io.grpc.PartialForwardingClientCallListener.onClose(PartialForwardingClientCallListener.java:39) ~[nacos-client-2.0.4.jar:na]
	at com.alibaba.nacos.shaded.io.grpc.ForwardingClientCallListener.onClose(ForwardingClientCallListener.java:23) ~[nacos-client-2.0.4.jar:na]
	at com.alibaba.nacos.shaded.io.grpc.ForwardingClientCallListener$SimpleForwardingClientCallListener.onClose(ForwardingClientCallListener.java:40) ~[nacos-client-2.0.4.jar:na]
	at com.alibaba.nacos.shaded.io.grpc.internal.CensusStatsModule$StatsClientInterceptor$1$1.onClose(CensusStatsModule.java:700) ~[nacos-client-2.0.4.jar:na]
	at com.alibaba.nacos.shaded.io.grpc.PartialForwardingClientCallListener.onClose(PartialForwardingClientCallListener.java:39) ~[nacos-client-2.0.4.jar:na]
	at com.alibaba.nacos.shaded.io.grpc.ForwardingClientCallListener.onClose(ForwardingClientCallListener.java:23) ~[nacos-client-2.0.4.jar:na]
	at com.alibaba.nacos.shaded.io.grpc.ForwardingClientCallListener$SimpleForwardingClientCallListener.onClose(ForwardingClientCallListener.java:40) ~[nacos-client-2.0.4.jar:na]
	at com.alibaba.nacos.shaded.io.grpc.internal.CensusTracingModule$TracingClientInterceptor$1$1.onClose(CensusTracingModule.java:399) ~[nacos-client-2.0.4.jar:na]
	at com.alibaba.nacos.shaded.io.grpc.internal.ClientCallImpl.closeObserver(ClientCallImpl.java:510) ~[nacos-client-2.0.4.jar:na]
	at com.alibaba.nacos.shaded.io.grpc.internal.ClientCallImpl.access$300(ClientCallImpl.java:66) ~[nacos-client-2.0.4.jar:na]
	at com.alibaba.nacos.shaded.io.grpc.internal.ClientCallImpl$ClientStreamListenerImpl.close(ClientCallImpl.java:630) ~[nacos-client-2.0.4.jar:na]
	at com.alibaba.nacos.shaded.io.grpc.internal.ClientCallImpl$ClientStreamListenerImpl.access$700(ClientCallImpl.java:518) ~[nacos-client-2.0.4.jar:na]
	at com.alibaba.nacos.shaded.io.grpc.internal.ClientCallImpl$ClientStreamListenerImpl$1StreamClosed.runInternal(ClientCallImpl.java:692) ~[nacos-client-2.0.4.jar:na]
	at com.alibaba.nacos.shaded.io.grpc.internal.ClientCallImpl$ClientStreamListenerImpl$1StreamClosed.runInContext(ClientCallImpl.java:681) ~[nacos-client-2.0.4.jar:na]
	at com.alibaba.nacos.shaded.io.grpc.internal.ContextRunnable.run(ContextRunnable.java:37) ~[nacos-client-2.0.4.jar:na]
	at com.alibaba.nacos.shaded.io.grpc.internal.SerializingExecutor.run(SerializingExecutor.java:123) ~[nacos-client-2.0.4.jar:na]
	... 3 common frames omitted
Caused by: com.alibaba.nacos.shaded.io.grpc.netty.shaded.io.netty.channel.AbstractChannel$AnnotatedSocketException: Network is unreachable: no further information: /192.168.150.101:9848
Caused by: java.net.SocketException: Network is unreachable: no further information
	at java.base/sun.nio.ch.SocketChannelImpl.checkConnect(Native Method) ~[na:na]
	at java.base/sun.nio.ch.SocketChannelImpl.finishConnect(SocketChannelImpl.java:779) ~[na:na]
	at com.alibaba.nacos.shaded.io.grpc.netty.shaded.io.netty.channel.socket.nio.NioSocketChannel.doFinishConnect(NioSocketChannel.java:327) ~[nacos-client-2.0.4.jar:na]
	at com.alibaba.nacos.shaded.io.grpc.netty.shaded.io.netty.channel.nio.AbstractNioChannel$AbstractNioUnsafe.finishConnect(AbstractNioChannel.java:336) ~[nacos-client-2.0.4.jar:na]
	at com.alibaba.nacos.shaded.io.grpc.netty.shaded.io.netty.channel.nio.NioEventLoop.processSelectedKey(NioEventLoop.java:685) ~[nacos-client-2.0.4.jar:na]
	at com.alibaba.nacos.shaded.io.grpc.netty.shaded.io.netty.channel.nio.NioEventLoop.processSelectedKeysOptimized(NioEventLoop.java:632) ~[nacos-client-2.0.4.jar:na]
	at com.alibaba.nacos.shaded.io.grpc.netty.shaded.io.netty.channel.nio.NioEventLoop.processSelectedKeys(NioEventLoop.java:549) ~[nacos-client-2.0.4.jar:na]
	at com.alibaba.nacos.shaded.io.grpc.netty.shaded.io.netty.channel.nio.NioEventLoop.run(NioEventLoop.java:511) ~[nacos-client-2.0.4.jar:na]
	at com.alibaba.nacos.shaded.io.grpc.netty.shaded.io.netty.util.concurrent.SingleThreadEventExecutor$5.run(SingleThreadEventExecutor.java:918) ~[nacos-client-2.0.4.jar:na]
	at com.alibaba.nacos.shaded.io.grpc.netty.shaded.io.netty.util.internal.ThreadExecutorMap$2.run(ThreadExecutorMap.java:74) ~[nacos-client-2.0.4.jar:na]
	at com.alibaba.nacos.shaded.io.grpc.netty.shaded.io.netty.util.concurrent.FastThreadLocalRunnable.run(FastThreadLocalRunnable.java:30) ~[nacos-client-2.0.4.jar:na]
	at java.base/java.lang.Thread.run(Thread.java:834) ~[na:na]

11:35:24:966  INFO 21484 --- [com.alibaba.nacos.client.remote.worker] com.alibaba.nacos.common.remote.client   : [73d0a60b-f6b2-4bd9-a577-31bdfa116504] Fail to connect server, after trying 4 times, last try server is {serverIp = '192.168.150.101', server main port = 8848}, error = unknown
11:35:25:451 ERROR 21524 --- [com.alibaba.nacos.client.remote.worker] c.a.n.c.remote.client.grpc.GrpcClient    : Server check fail, please check server 192.168.150.101 ,port 9848 is available , error ={}

java.util.concurrent.ExecutionException: com.alibaba.nacos.shaded.io.grpc.StatusRuntimeException: UNAVAILABLE: io exception
	at com.alibaba.nacos.shaded.com.google.common.util.concurrent.AbstractFuture.getDoneValue(AbstractFuture.java:566) ~[nacos-client-2.0.4.jar:na]
	at com.alibaba.nacos.shaded.com.google.common.util.concurrent.AbstractFuture.get(AbstractFuture.java:445) ~[nacos-client-2.0.4.jar:na]
	at com.alibaba.nacos.common.remote.client.grpc.GrpcClient.serverCheck(GrpcClient.java:148) ~[nacos-client-2.0.4.jar:na]
	at com.alibaba.nacos.common.remote.client.grpc.GrpcClient.connectToServer(GrpcClient.java:264) ~[nacos-client-2.0.4.jar:na]
	at com.alibaba.nacos.common.remote.client.RpcClient.reconnect(RpcClient.java:522) ~[nacos-client-2.0.4.jar:na]
	at com.alibaba.nacos.common.remote.client.RpcClient.lambda$start$2(RpcClient.java:370) ~[nacos-client-2.0.4.jar:na]
	at java.base/java.util.concurrent.Executors$RunnableAdapter.call(Executors.java:515) ~[na:na]
	at java.base/java.util.concurrent.FutureTask.run(FutureTask.java:264) ~[na:na]
	at java.base/java.util.concurrent.ScheduledThreadPoolExecutor$ScheduledFutureTask.run(ScheduledThreadPoolExecutor.java:304) ~[na:na]
	at java.base/java.util.concurrent.ThreadPoolExecutor.runWorker(ThreadPoolExecutor.java:1128) ~[na:na]
	at java.base/java.util.concurrent.ThreadPoolExecutor$Worker.run(ThreadPoolExecutor.java:628) ~[na:na]
	at java.base/java.lang.Thread.run(Thread.java:834) ~[na:na]
Caused by: com.alibaba.nacos.shaded.io.grpc.StatusRuntimeException: UNAVAILABLE: io exception
	at com.alibaba.nacos.shaded.io.grpc.Status.asRuntimeException(Status.java:533) ~[nacos-client-2.0.4.jar:na]
	at com.alibaba.nacos.shaded.io.grpc.stub.ClientCalls$UnaryStreamToFuture.onClose(ClientCalls.java:490) ~[nacos-client-2.0.4.jar:na]
	at com.alibaba.nacos.shaded.io.grpc.PartialForwardingClientCallListener.onClose(PartialForwardingClientCallListener.java:39) ~[nacos-client-2.0.4.jar:na]
	at com.alibaba.nacos.shaded.io.grpc.ForwardingClientCallListener.onClose(ForwardingClientCallListener.java:23) ~[nacos-client-2.0.4.jar:na]
	at com.alibaba.nacos.shaded.io.grpc.ForwardingClientCallListener$SimpleForwardingClientCallListener.onClose(ForwardingClientCallListener.java:40) ~[nacos-client-2.0.4.jar:na]
	at com.alibaba.nacos.shaded.io.grpc.internal.CensusStatsModule$StatsClientInterceptor$1$1.onClose(CensusStatsModule.java:700) ~[nacos-client-2.0.4.jar:na]
	at com.alibaba.nacos.shaded.io.grpc.PartialForwardingClientCallListener.onClose(PartialForwardingClientCallListener.java:39) ~[nacos-client-2.0.4.jar:na]
	at com.alibaba.nacos.shaded.io.grpc.ForwardingClientCallListener.onClose(ForwardingClientCallListener.java:23) ~[nacos-client-2.0.4.jar:na]
	at com.alibaba.nacos.shaded.io.grpc.ForwardingClientCallListener$SimpleForwardingClientCallListener.onClose(ForwardingClientCallListener.java:40) ~[nacos-client-2.0.4.jar:na]
	at com.alibaba.nacos.shaded.io.grpc.internal.CensusTracingModule$TracingClientInterceptor$1$1.onClose(CensusTracingModule.java:399) ~[nacos-client-2.0.4.jar:na]
	at com.alibaba.nacos.shaded.io.grpc.internal.ClientCallImpl.closeObserver(ClientCallImpl.java:510) ~[nacos-client-2.0.4.jar:na]
	at com.alibaba.nacos.shaded.io.grpc.internal.ClientCallImpl.access$300(ClientCallImpl.java:66) ~[nacos-client-2.0.4.jar:na]
	at com.alibaba.nacos.shaded.io.grpc.internal.ClientCallImpl$ClientStreamListenerImpl.close(ClientCallImpl.java:630) ~[nacos-client-2.0.4.jar:na]
	at com.alibaba.nacos.shaded.io.grpc.internal.ClientCallImpl$ClientStreamListenerImpl.access$700(ClientCallImpl.java:518) ~[nacos-client-2.0.4.jar:na]
	at com.alibaba.nacos.shaded.io.grpc.internal.ClientCallImpl$ClientStreamListenerImpl$1StreamClosed.runInternal(ClientCallImpl.java:692) ~[nacos-client-2.0.4.jar:na]
	at com.alibaba.nacos.shaded.io.grpc.internal.ClientCallImpl$ClientStreamListenerImpl$1StreamClosed.runInContext(ClientCallImpl.java:681) ~[nacos-client-2.0.4.jar:na]
	at com.alibaba.nacos.shaded.io.grpc.internal.ContextRunnable.run(ContextRunnable.java:37) ~[nacos-client-2.0.4.jar:na]
	at com.alibaba.nacos.shaded.io.grpc.internal.SerializingExecutor.run(SerializingExecutor.java:123) ~[nacos-client-2.0.4.jar:na]
	... 3 common frames omitted
Caused by: com.alibaba.nacos.shaded.io.grpc.netty.shaded.io.netty.channel.AbstractChannel$AnnotatedSocketException: Network is unreachable: no further information: /192.168.150.101:9848
Caused by: java.net.SocketException: Network is unreachable: no further information
	at java.base/sun.nio.ch.SocketChannelImpl.checkConnect(Native Method) ~[na:na]
	at java.base/sun.nio.ch.SocketChannelImpl.finishConnect(SocketChannelImpl.java:779) ~[na:na]
	at com.alibaba.nacos.shaded.io.grpc.netty.shaded.io.netty.channel.socket.nio.NioSocketChannel.doFinishConnect(NioSocketChannel.java:327) ~[nacos-client-2.0.4.jar:na]
	at com.alibaba.nacos.shaded.io.grpc.netty.shaded.io.netty.channel.nio.AbstractNioChannel$AbstractNioUnsafe.finishConnect(AbstractNioChannel.java:336) ~[nacos-client-2.0.4.jar:na]
	at com.alibaba.nacos.shaded.io.grpc.netty.shaded.io.netty.channel.nio.NioEventLoop.processSelectedKey(NioEventLoop.java:685) ~[nacos-client-2.0.4.jar:na]
	at com.alibaba.nacos.shaded.io.grpc.netty.shaded.io.netty.channel.nio.NioEventLoop.processSelectedKeysOptimized(NioEventLoop.java:632) ~[nacos-client-2.0.4.jar:na]
	at com.alibaba.nacos.shaded.io.grpc.netty.shaded.io.netty.channel.nio.NioEventLoop.processSelectedKeys(NioEventLoop.java:549) ~[nacos-client-2.0.4.jar:na]
	at com.alibaba.nacos.shaded.io.grpc.netty.shaded.io.netty.channel.nio.NioEventLoop.run(NioEventLoop.java:511) ~[nacos-client-2.0.4.jar:na]
	at com.alibaba.nacos.shaded.io.grpc.netty.shaded.io.netty.util.concurrent.SingleThreadEventExecutor$5.run(SingleThreadEventExecutor.java:918) ~[nacos-client-2.0.4.jar:na]
	at com.alibaba.nacos.shaded.io.grpc.netty.shaded.io.netty.util.internal.ThreadExecutorMap$2.run(ThreadExecutorMap.java:74) ~[nacos-client-2.0.4.jar:na]
	at com.alibaba.nacos.shaded.io.grpc.netty.shaded.io.netty.util.concurrent.FastThreadLocalRunnable.run(FastThreadLocalRunnable.java:30) ~[nacos-client-2.0.4.jar:na]
	at java.base/java.lang.Thread.run(Thread.java:834) ~[na:na]

11:35:25:453  INFO 21524 --- [com.alibaba.nacos.client.remote.worker] com.alibaba.nacos.common.remote.client   : [8996ad41-bfd7-4555-9513-85d896a18ec0] Fail to connect server, after trying 5 times, last try server is {serverIp = '192.168.150.101', server main port = 8848}, error = unknown
11:35:25:484 ERROR 21484 --- [com.alibaba.nacos.client.remote.worker] c.a.n.c.remote.client.grpc.GrpcClient    : Server check fail, please check server 192.168.150.101 ,port 9848 is available , error ={}

java.util.concurrent.ExecutionException: com.alibaba.nacos.shaded.io.grpc.StatusRuntimeException: UNAVAILABLE: io exception
	at com.alibaba.nacos.shaded.com.google.common.util.concurrent.AbstractFuture.getDoneValue(AbstractFuture.java:566) ~[nacos-client-2.0.4.jar:na]
	at com.alibaba.nacos.shaded.com.google.common.util.concurrent.AbstractFuture.get(AbstractFuture.java:445) ~[nacos-client-2.0.4.jar:na]
	at com.alibaba.nacos.common.remote.client.grpc.GrpcClient.serverCheck(GrpcClient.java:148) ~[nacos-client-2.0.4.jar:na]
	at com.alibaba.nacos.common.remote.client.grpc.GrpcClient.connectToServer(GrpcClient.java:264) ~[nacos-client-2.0.4.jar:na]
	at com.alibaba.nacos.common.remote.client.RpcClient.reconnect(RpcClient.java:522) ~[nacos-client-2.0.4.jar:na]
	at com.alibaba.nacos.common.remote.client.RpcClient.lambda$start$2(RpcClient.java:370) ~[nacos-client-2.0.4.jar:na]
	at java.base/java.util.concurrent.Executors$RunnableAdapter.call(Executors.java:515) ~[na:na]
	at java.base/java.util.concurrent.FutureTask.run(FutureTask.java:264) ~[na:na]
	at java.base/java.util.concurrent.ScheduledThreadPoolExecutor$ScheduledFutureTask.run(ScheduledThreadPoolExecutor.java:304) ~[na:na]
	at java.base/java.util.concurrent.ThreadPoolExecutor.runWorker(ThreadPoolExecutor.java:1128) ~[na:na]
	at java.base/java.util.concurrent.ThreadPoolExecutor$Worker.run(ThreadPoolExecutor.java:628) ~[na:na]
	at java.base/java.lang.Thread.run(Thread.java:834) ~[na:na]
Caused by: com.alibaba.nacos.shaded.io.grpc.StatusRuntimeException: UNAVAILABLE: io exception
	at com.alibaba.nacos.shaded.io.grpc.Status.asRuntimeException(Status.java:533) ~[nacos-client-2.0.4.jar:na]
	at com.alibaba.nacos.shaded.io.grpc.stub.ClientCalls$UnaryStreamToFuture.onClose(ClientCalls.java:490) ~[nacos-client-2.0.4.jar:na]
	at com.alibaba.nacos.shaded.io.grpc.PartialForwardingClientCallListener.onClose(PartialForwardingClientCallListener.java:39) ~[nacos-client-2.0.4.jar:na]
	at com.alibaba.nacos.shaded.io.grpc.ForwardingClientCallListener.onClose(ForwardingClientCallListener.java:23) ~[nacos-client-2.0.4.jar:na]
	at com.alibaba.nacos.shaded.io.grpc.ForwardingClientCallListener$SimpleForwardingClientCallListener.onClose(ForwardingClientCallListener.java:40) ~[nacos-client-2.0.4.jar:na]
	at com.alibaba.nacos.shaded.io.grpc.internal.CensusStatsModule$StatsClientInterceptor$1$1.onClose(CensusStatsModule.java:700) ~[nacos-client-2.0.4.jar:na]
	at com.alibaba.nacos.shaded.io.grpc.PartialForwardingClientCallListener.onClose(PartialForwardingClientCallListener.java:39) ~[nacos-client-2.0.4.jar:na]
	at com.alibaba.nacos.shaded.io.grpc.ForwardingClientCallListener.onClose(ForwardingClientCallListener.java:23) ~[nacos-client-2.0.4.jar:na]
	at com.alibaba.nacos.shaded.io.grpc.ForwardingClientCallListener$SimpleForwardingClientCallListener.onClose(ForwardingClientCallListener.java:40) ~[nacos-client-2.0.4.jar:na]
	at com.alibaba.nacos.shaded.io.grpc.internal.CensusTracingModule$TracingClientInterceptor$1$1.onClose(CensusTracingModule.java:399) ~[nacos-client-2.0.4.jar:na]
	at com.alibaba.nacos.shaded.io.grpc.internal.ClientCallImpl.closeObserver(ClientCallImpl.java:510) ~[nacos-client-2.0.4.jar:na]
	at com.alibaba.nacos.shaded.io.grpc.internal.ClientCallImpl.access$300(ClientCallImpl.java:66) ~[nacos-client-2.0.4.jar:na]
	at com.alibaba.nacos.shaded.io.grpc.internal.ClientCallImpl$ClientStreamListenerImpl.close(ClientCallImpl.java:630) ~[nacos-client-2.0.4.jar:na]
	at com.alibaba.nacos.shaded.io.grpc.internal.ClientCallImpl$ClientStreamListenerImpl.access$700(ClientCallImpl.java:518) ~[nacos-client-2.0.4.jar:na]
	at com.alibaba.nacos.shaded.io.grpc.internal.ClientCallImpl$ClientStreamListenerImpl$1StreamClosed.runInternal(ClientCallImpl.java:692) ~[nacos-client-2.0.4.jar:na]
	at com.alibaba.nacos.shaded.io.grpc.internal.ClientCallImpl$ClientStreamListenerImpl$1StreamClosed.runInContext(ClientCallImpl.java:681) ~[nacos-client-2.0.4.jar:na]
	at com.alibaba.nacos.shaded.io.grpc.internal.ContextRunnable.run(ContextRunnable.java:37) ~[nacos-client-2.0.4.jar:na]
	at com.alibaba.nacos.shaded.io.grpc.internal.SerializingExecutor.run(SerializingExecutor.java:123) ~[nacos-client-2.0.4.jar:na]
	... 3 common frames omitted
Caused by: com.alibaba.nacos.shaded.io.grpc.netty.shaded.io.netty.channel.AbstractChannel$AnnotatedSocketException: Network is unreachable: no further information: /192.168.150.101:9848
Caused by: java.net.SocketException: Network is unreachable: no further information
	at java.base/sun.nio.ch.SocketChannelImpl.checkConnect(Native Method) ~[na:na]
	at java.base/sun.nio.ch.SocketChannelImpl.finishConnect(SocketChannelImpl.java:779) ~[na:na]
	at com.alibaba.nacos.shaded.io.grpc.netty.shaded.io.netty.channel.socket.nio.NioSocketChannel.doFinishConnect(NioSocketChannel.java:327) ~[nacos-client-2.0.4.jar:na]
	at com.alibaba.nacos.shaded.io.grpc.netty.shaded.io.netty.channel.nio.AbstractNioChannel$AbstractNioUnsafe.finishConnect(AbstractNioChannel.java:336) ~[nacos-client-2.0.4.jar:na]
	at com.alibaba.nacos.shaded.io.grpc.netty.shaded.io.netty.channel.nio.NioEventLoop.processSelectedKey(NioEventLoop.java:685) ~[nacos-client-2.0.4.jar:na]
	at com.alibaba.nacos.shaded.io.grpc.netty.shaded.io.netty.channel.nio.NioEventLoop.processSelectedKeysOptimized(NioEventLoop.java:632) ~[nacos-client-2.0.4.jar:na]
	at com.alibaba.nacos.shaded.io.grpc.netty.shaded.io.netty.channel.nio.NioEventLoop.processSelectedKeys(NioEventLoop.java:549) ~[nacos-client-2.0.4.jar:na]
	at com.alibaba.nacos.shaded.io.grpc.netty.shaded.io.netty.channel.nio.NioEventLoop.run(NioEventLoop.java:511) ~[nacos-client-2.0.4.jar:na]
	at com.alibaba.nacos.shaded.io.grpc.netty.shaded.io.netty.util.concurrent.SingleThreadEventExecutor$5.run(SingleThreadEventExecutor.java:918) ~[nacos-client-2.0.4.jar:na]
	at com.alibaba.nacos.shaded.io.grpc.netty.shaded.io.netty.util.internal.ThreadExecutorMap$2.run(ThreadExecutorMap.java:74) ~[nacos-client-2.0.4.jar:na]
	at com.alibaba.nacos.shaded.io.grpc.netty.shaded.io.netty.util.concurrent.FastThreadLocalRunnable.run(FastThreadLocalRunnable.java:30) ~[nacos-client-2.0.4.jar:na]
	at java.base/java.lang.Thread.run(Thread.java:834) ~[na:na]

11:35:25:486  INFO 21484 --- [com.alibaba.nacos.client.remote.worker] com.alibaba.nacos.common.remote.client   : [73d0a60b-f6b2-4bd9-a577-31bdfa116504] Fail to connect server, after trying 5 times, last try server is {serverIp = '192.168.150.101', server main port = 8848}, error = unknown
11:35:26:070 ERROR 21524 --- [com.alibaba.nacos.client.remote.worker] c.a.n.c.remote.client.grpc.GrpcClient    : Server check fail, please check server 192.168.150.101 ,port 9848 is available , error ={}

java.util.concurrent.ExecutionException: com.alibaba.nacos.shaded.io.grpc.StatusRuntimeException: UNAVAILABLE: io exception
	at com.alibaba.nacos.shaded.com.google.common.util.concurrent.AbstractFuture.getDoneValue(AbstractFuture.java:566) ~[nacos-client-2.0.4.jar:na]
	at com.alibaba.nacos.shaded.com.google.common.util.concurrent.AbstractFuture.get(AbstractFuture.java:445) ~[nacos-client-2.0.4.jar:na]
	at com.alibaba.nacos.common.remote.client.grpc.GrpcClient.serverCheck(GrpcClient.java:148) ~[nacos-client-2.0.4.jar:na]
	at com.alibaba.nacos.common.remote.client.grpc.GrpcClient.connectToServer(GrpcClient.java:264) ~[nacos-client-2.0.4.jar:na]
	at com.alibaba.nacos.common.remote.client.RpcClient.reconnect(RpcClient.java:522) ~[nacos-client-2.0.4.jar:na]
	at com.alibaba.nacos.common.remote.client.RpcClient.lambda$start$2(RpcClient.java:370) ~[nacos-client-2.0.4.jar:na]
	at java.base/java.util.concurrent.Executors$RunnableAdapter.call(Executors.java:515) ~[na:na]
	at java.base/java.util.concurrent.FutureTask.run(FutureTask.java:264) ~[na:na]
	at java.base/java.util.concurrent.ScheduledThreadPoolExecutor$ScheduledFutureTask.run(ScheduledThreadPoolExecutor.java:304) ~[na:na]
	at java.base/java.util.concurrent.ThreadPoolExecutor.runWorker(ThreadPoolExecutor.java:1128) ~[na:na]
	at java.base/java.util.concurrent.ThreadPoolExecutor$Worker.run(ThreadPoolExecutor.java:628) ~[na:na]
	at java.base/java.lang.Thread.run(Thread.java:834) ~[na:na]
Caused by: com.alibaba.nacos.shaded.io.grpc.StatusRuntimeException: UNAVAILABLE: io exception
	at com.alibaba.nacos.shaded.io.grpc.Status.asRuntimeException(Status.java:533) ~[nacos-client-2.0.4.jar:na]
	at com.alibaba.nacos.shaded.io.grpc.stub.ClientCalls$UnaryStreamToFuture.onClose(ClientCalls.java:490) ~[nacos-client-2.0.4.jar:na]
	at com.alibaba.nacos.shaded.io.grpc.PartialForwardingClientCallListener.onClose(PartialForwardingClientCallListener.java:39) ~[nacos-client-2.0.4.jar:na]
	at com.alibaba.nacos.shaded.io.grpc.ForwardingClientCallListener.onClose(ForwardingClientCallListener.java:23) ~[nacos-client-2.0.4.jar:na]
	at com.alibaba.nacos.shaded.io.grpc.ForwardingClientCallListener$SimpleForwardingClientCallListener.onClose(ForwardingClientCallListener.java:40) ~[nacos-client-2.0.4.jar:na]
	at com.alibaba.nacos.shaded.io.grpc.internal.CensusStatsModule$StatsClientInterceptor$1$1.onClose(CensusStatsModule.java:700) ~[nacos-client-2.0.4.jar:na]
	at com.alibaba.nacos.shaded.io.grpc.PartialForwardingClientCallListener.onClose(PartialForwardingClientCallListener.java:39) ~[nacos-client-2.0.4.jar:na]
	at com.alibaba.nacos.shaded.io.grpc.ForwardingClientCallListener.onClose(ForwardingClientCallListener.java:23) ~[nacos-client-2.0.4.jar:na]
	at com.alibaba.nacos.shaded.io.grpc.ForwardingClientCallListener$SimpleForwardingClientCallListener.onClose(ForwardingClientCallListener.java:40) ~[nacos-client-2.0.4.jar:na]
	at com.alibaba.nacos.shaded.io.grpc.internal.CensusTracingModule$TracingClientInterceptor$1$1.onClose(CensusTracingModule.java:399) ~[nacos-client-2.0.4.jar:na]
	at com.alibaba.nacos.shaded.io.grpc.internal.ClientCallImpl.closeObserver(ClientCallImpl.java:510) ~[nacos-client-2.0.4.jar:na]
	at com.alibaba.nacos.shaded.io.grpc.internal.ClientCallImpl.access$300(ClientCallImpl.java:66) ~[nacos-client-2.0.4.jar:na]
	at com.alibaba.nacos.shaded.io.grpc.internal.ClientCallImpl$ClientStreamListenerImpl.close(ClientCallImpl.java:630) ~[nacos-client-2.0.4.jar:na]
	at com.alibaba.nacos.shaded.io.grpc.internal.ClientCallImpl$ClientStreamListenerImpl.access$700(ClientCallImpl.java:518) ~[nacos-client-2.0.4.jar:na]
	at com.alibaba.nacos.shaded.io.grpc.internal.ClientCallImpl$ClientStreamListenerImpl$1StreamClosed.runInternal(ClientCallImpl.java:692) ~[nacos-client-2.0.4.jar:na]
	at com.alibaba.nacos.shaded.io.grpc.internal.ClientCallImpl$ClientStreamListenerImpl$1StreamClosed.runInContext(ClientCallImpl.java:681) ~[nacos-client-2.0.4.jar:na]
	at com.alibaba.nacos.shaded.io.grpc.internal.ContextRunnable.run(ContextRunnable.java:37) ~[nacos-client-2.0.4.jar:na]
	at com.alibaba.nacos.shaded.io.grpc.internal.SerializingExecutor.run(SerializingExecutor.java:123) ~[nacos-client-2.0.4.jar:na]
	... 3 common frames omitted
Caused by: com.alibaba.nacos.shaded.io.grpc.netty.shaded.io.netty.channel.AbstractChannel$AnnotatedSocketException: Network is unreachable: no further information: /192.168.150.101:9848
Caused by: java.net.SocketException: Network is unreachable: no further information
	at java.base/sun.nio.ch.SocketChannelImpl.checkConnect(Native Method) ~[na:na]
	at java.base/sun.nio.ch.SocketChannelImpl.finishConnect(SocketChannelImpl.java:779) ~[na:na]
	at com.alibaba.nacos.shaded.io.grpc.netty.shaded.io.netty.channel.socket.nio.NioSocketChannel.doFinishConnect(NioSocketChannel.java:327) ~[nacos-client-2.0.4.jar:na]
	at com.alibaba.nacos.shaded.io.grpc.netty.shaded.io.netty.channel.nio.AbstractNioChannel$AbstractNioUnsafe.finishConnect(AbstractNioChannel.java:336) ~[nacos-client-2.0.4.jar:na]
	at com.alibaba.nacos.shaded.io.grpc.netty.shaded.io.netty.channel.nio.NioEventLoop.processSelectedKey(NioEventLoop.java:685) ~[nacos-client-2.0.4.jar:na]
	at com.alibaba.nacos.shaded.io.grpc.netty.shaded.io.netty.channel.nio.NioEventLoop.processSelectedKeysOptimized(NioEventLoop.java:632) ~[nacos-client-2.0.4.jar:na]
	at com.alibaba.nacos.shaded.io.grpc.netty.shaded.io.netty.channel.nio.NioEventLoop.processSelectedKeys(NioEventLoop.java:549) ~[nacos-client-2.0.4.jar:na]
	at com.alibaba.nacos.shaded.io.grpc.netty.shaded.io.netty.channel.nio.NioEventLoop.run(NioEventLoop.java:511) ~[nacos-client-2.0.4.jar:na]
	at com.alibaba.nacos.shaded.io.grpc.netty.shaded.io.netty.util.concurrent.SingleThreadEventExecutor$5.run(SingleThreadEventExecutor.java:918) ~[nacos-client-2.0.4.jar:na]
	at com.alibaba.nacos.shaded.io.grpc.netty.shaded.io.netty.util.internal.ThreadExecutorMap$2.run(ThreadExecutorMap.java:74) ~[nacos-client-2.0.4.jar:na]
	at com.alibaba.nacos.shaded.io.grpc.netty.shaded.io.netty.util.concurrent.FastThreadLocalRunnable.run(FastThreadLocalRunnable.java:30) ~[nacos-client-2.0.4.jar:na]
	at java.base/java.lang.Thread.run(Thread.java:834) ~[na:na]

11:35:26:070  INFO 21524 --- [com.alibaba.nacos.client.remote.worker] com.alibaba.nacos.common.remote.client   : [8996ad41-bfd7-4555-9513-85d896a18ec0] Fail to connect server, after trying 6 times, last try server is {serverIp = '192.168.150.101', server main port = 8848}, error = unknown
11:35:26:095 ERROR 21484 --- [com.alibaba.nacos.client.remote.worker] c.a.n.c.remote.client.grpc.GrpcClient    : Server check fail, please check server 192.168.150.101 ,port 9848 is available , error ={}

java.util.concurrent.ExecutionException: com.alibaba.nacos.shaded.io.grpc.StatusRuntimeException: UNAVAILABLE: io exception
	at com.alibaba.nacos.shaded.com.google.common.util.concurrent.AbstractFuture.getDoneValue(AbstractFuture.java:566) ~[nacos-client-2.0.4.jar:na]
	at com.alibaba.nacos.shaded.com.google.common.util.concurrent.AbstractFuture.get(AbstractFuture.java:445) ~[nacos-client-2.0.4.jar:na]
	at com.alibaba.nacos.common.remote.client.grpc.GrpcClient.serverCheck(GrpcClient.java:148) ~[nacos-client-2.0.4.jar:na]
	at com.alibaba.nacos.common.remote.client.grpc.GrpcClient.connectToServer(GrpcClient.java:264) ~[nacos-client-2.0.4.jar:na]
	at com.alibaba.nacos.common.remote.client.RpcClient.reconnect(RpcClient.java:522) ~[nacos-client-2.0.4.jar:na]
	at com.alibaba.nacos.common.remote.client.RpcClient.lambda$start$2(RpcClient.java:370) ~[nacos-client-2.0.4.jar:na]
	at java.base/java.util.concurrent.Executors$RunnableAdapter.call(Executors.java:515) ~[na:na]
	at java.base/java.util.concurrent.FutureTask.run(FutureTask.java:264) ~[na:na]
	at java.base/java.util.concurrent.ScheduledThreadPoolExecutor$ScheduledFutureTask.run(ScheduledThreadPoolExecutor.java:304) ~[na:na]
	at java.base/java.util.concurrent.ThreadPoolExecutor.runWorker(ThreadPoolExecutor.java:1128) ~[na:na]
	at java.base/java.util.concurrent.ThreadPoolExecutor$Worker.run(ThreadPoolExecutor.java:628) ~[na:na]
	at java.base/java.lang.Thread.run(Thread.java:834) ~[na:na]
Caused by: com.alibaba.nacos.shaded.io.grpc.StatusRuntimeException: UNAVAILABLE: io exception
	at com.alibaba.nacos.shaded.io.grpc.Status.asRuntimeException(Status.java:533) ~[nacos-client-2.0.4.jar:na]
	at com.alibaba.nacos.shaded.io.grpc.stub.ClientCalls$UnaryStreamToFuture.onClose(ClientCalls.java:490) ~[nacos-client-2.0.4.jar:na]
	at com.alibaba.nacos.shaded.io.grpc.PartialForwardingClientCallListener.onClose(PartialForwardingClientCallListener.java:39) ~[nacos-client-2.0.4.jar:na]
	at com.alibaba.nacos.shaded.io.grpc.ForwardingClientCallListener.onClose(ForwardingClientCallListener.java:23) ~[nacos-client-2.0.4.jar:na]
	at com.alibaba.nacos.shaded.io.grpc.ForwardingClientCallListener$SimpleForwardingClientCallListener.onClose(ForwardingClientCallListener.java:40) ~[nacos-client-2.0.4.jar:na]
	at com.alibaba.nacos.shaded.io.grpc.internal.CensusStatsModule$StatsClientInterceptor$1$1.onClose(CensusStatsModule.java:700) ~[nacos-client-2.0.4.jar:na]
	at com.alibaba.nacos.shaded.io.grpc.PartialForwardingClientCallListener.onClose(PartialForwardingClientCallListener.java:39) ~[nacos-client-2.0.4.jar:na]
	at com.alibaba.nacos.shaded.io.grpc.ForwardingClientCallListener.onClose(ForwardingClientCallListener.java:23) ~[nacos-client-2.0.4.jar:na]
	at com.alibaba.nacos.shaded.io.grpc.ForwardingClientCallListener$SimpleForwardingClientCallListener.onClose(ForwardingClientCallListener.java:40) ~[nacos-client-2.0.4.jar:na]
	at com.alibaba.nacos.shaded.io.grpc.internal.CensusTracingModule$TracingClientInterceptor$1$1.onClose(CensusTracingModule.java:399) ~[nacos-client-2.0.4.jar:na]
	at com.alibaba.nacos.shaded.io.grpc.internal.ClientCallImpl.closeObserver(ClientCallImpl.java:510) ~[nacos-client-2.0.4.jar:na]
	at com.alibaba.nacos.shaded.io.grpc.internal.ClientCallImpl.access$300(ClientCallImpl.java:66) ~[nacos-client-2.0.4.jar:na]
	at com.alibaba.nacos.shaded.io.grpc.internal.ClientCallImpl$ClientStreamListenerImpl.close(ClientCallImpl.java:630) ~[nacos-client-2.0.4.jar:na]
	at com.alibaba.nacos.shaded.io.grpc.internal.ClientCallImpl$ClientStreamListenerImpl.access$700(ClientCallImpl.java:518) ~[nacos-client-2.0.4.jar:na]
	at com.alibaba.nacos.shaded.io.grpc.internal.ClientCallImpl$ClientStreamListenerImpl$1StreamClosed.runInternal(ClientCallImpl.java:692) ~[nacos-client-2.0.4.jar:na]
	at com.alibaba.nacos.shaded.io.grpc.internal.ClientCallImpl$ClientStreamListenerImpl$1StreamClosed.runInContext(ClientCallImpl.java:681) ~[nacos-client-2.0.4.jar:na]
	at com.alibaba.nacos.shaded.io.grpc.internal.ContextRunnable.run(ContextRunnable.java:37) ~[nacos-client-2.0.4.jar:na]
	at com.alibaba.nacos.shaded.io.grpc.internal.SerializingExecutor.run(SerializingExecutor.java:123) ~[nacos-client-2.0.4.jar:na]
	... 3 common frames omitted
Caused by: com.alibaba.nacos.shaded.io.grpc.netty.shaded.io.netty.channel.AbstractChannel$AnnotatedSocketException: Network is unreachable: no further information: /192.168.150.101:9848
Caused by: java.net.SocketException: Network is unreachable: no further information
	at java.base/sun.nio.ch.SocketChannelImpl.checkConnect(Native Method) ~[na:na]
	at java.base/sun.nio.ch.SocketChannelImpl.finishConnect(SocketChannelImpl.java:779) ~[na:na]
	at com.alibaba.nacos.shaded.io.grpc.netty.shaded.io.netty.channel.socket.nio.NioSocketChannel.doFinishConnect(NioSocketChannel.java:327) ~[nacos-client-2.0.4.jar:na]
	at com.alibaba.nacos.shaded.io.grpc.netty.shaded.io.netty.channel.nio.AbstractNioChannel$AbstractNioUnsafe.finishConnect(AbstractNioChannel.java:336) ~[nacos-client-2.0.4.jar:na]
	at com.alibaba.nacos.shaded.io.grpc.netty.shaded.io.netty.channel.nio.NioEventLoop.processSelectedKey(NioEventLoop.java:685) ~[nacos-client-2.0.4.jar:na]
	at com.alibaba.nacos.shaded.io.grpc.netty.shaded.io.netty.channel.nio.NioEventLoop.processSelectedKeysOptimized(NioEventLoop.java:632) ~[nacos-client-2.0.4.jar:na]
	at com.alibaba.nacos.shaded.io.grpc.netty.shaded.io.netty.channel.nio.NioEventLoop.processSelectedKeys(NioEventLoop.java:549) ~[nacos-client-2.0.4.jar:na]
	at com.alibaba.nacos.shaded.io.grpc.netty.shaded.io.netty.channel.nio.NioEventLoop.run(NioEventLoop.java:511) ~[nacos-client-2.0.4.jar:na]
	at com.alibaba.nacos.shaded.io.grpc.netty.shaded.io.netty.util.concurrent.SingleThreadEventExecutor$5.run(SingleThreadEventExecutor.java:918) ~[nacos-client-2.0.4.jar:na]
	at com.alibaba.nacos.shaded.io.grpc.netty.shaded.io.netty.util.internal.ThreadExecutorMap$2.run(ThreadExecutorMap.java:74) ~[nacos-client-2.0.4.jar:na]
	at com.alibaba.nacos.shaded.io.grpc.netty.shaded.io.netty.util.concurrent.FastThreadLocalRunnable.run(FastThreadLocalRunnable.java:30) ~[nacos-client-2.0.4.jar:na]
	at java.base/java.lang.Thread.run(Thread.java:834) ~[na:na]

11:35:26:096  INFO 21484 --- [com.alibaba.nacos.client.remote.worker] com.alibaba.nacos.common.remote.client   : [73d0a60b-f6b2-4bd9-a577-31bdfa116504] Fail to connect server, after trying 6 times, last try server is {serverIp = '192.168.150.101', server main port = 8848}, error = unknown
11:35:26:785 ERROR 21524 --- [com.alibaba.nacos.client.remote.worker] c.a.n.c.remote.client.grpc.GrpcClient    : Server check fail, please check server 192.168.150.101 ,port 9848 is available , error ={}

java.util.concurrent.ExecutionException: com.alibaba.nacos.shaded.io.grpc.StatusRuntimeException: UNAVAILABLE: io exception
	at com.alibaba.nacos.shaded.com.google.common.util.concurrent.AbstractFuture.getDoneValue(AbstractFuture.java:566) ~[nacos-client-2.0.4.jar:na]
	at com.alibaba.nacos.shaded.com.google.common.util.concurrent.AbstractFuture.get(AbstractFuture.java:445) ~[nacos-client-2.0.4.jar:na]
	at com.alibaba.nacos.common.remote.client.grpc.GrpcClient.serverCheck(GrpcClient.java:148) ~[nacos-client-2.0.4.jar:na]
	at com.alibaba.nacos.common.remote.client.grpc.GrpcClient.connectToServer(GrpcClient.java:264) ~[nacos-client-2.0.4.jar:na]
	at com.alibaba.nacos.common.remote.client.RpcClient.reconnect(RpcClient.java:522) ~[nacos-client-2.0.4.jar:na]
	at com.alibaba.nacos.common.remote.client.RpcClient.lambda$start$2(RpcClient.java:370) ~[nacos-client-2.0.4.jar:na]
	at java.base/java.util.concurrent.Executors$RunnableAdapter.call(Executors.java:515) ~[na:na]
	at java.base/java.util.concurrent.FutureTask.run(FutureTask.java:264) ~[na:na]
	at java.base/java.util.concurrent.ScheduledThreadPoolExecutor$ScheduledFutureTask.run(ScheduledThreadPoolExecutor.java:304) ~[na:na]
	at java.base/java.util.concurrent.ThreadPoolExecutor.runWorker(ThreadPoolExecutor.java:1128) ~[na:na]
	at java.base/java.util.concurrent.ThreadPoolExecutor$Worker.run(ThreadPoolExecutor.java:628) ~[na:na]
	at java.base/java.lang.Thread.run(Thread.java:834) ~[na:na]
Caused by: com.alibaba.nacos.shaded.io.grpc.StatusRuntimeException: UNAVAILABLE: io exception
	at com.alibaba.nacos.shaded.io.grpc.Status.asRuntimeException(Status.java:533) ~[nacos-client-2.0.4.jar:na]
	at com.alibaba.nacos.shaded.io.grpc.stub.ClientCalls$UnaryStreamToFuture.onClose(ClientCalls.java:490) ~[nacos-client-2.0.4.jar:na]
	at com.alibaba.nacos.shaded.io.grpc.PartialForwardingClientCallListener.onClose(PartialForwardingClientCallListener.java:39) ~[nacos-client-2.0.4.jar:na]
	at com.alibaba.nacos.shaded.io.grpc.ForwardingClientCallListener.onClose(ForwardingClientCallListener.java:23) ~[nacos-client-2.0.4.jar:na]
	at com.alibaba.nacos.shaded.io.grpc.ForwardingClientCallListener$SimpleForwardingClientCallListener.onClose(ForwardingClientCallListener.java:40) ~[nacos-client-2.0.4.jar:na]
	at com.alibaba.nacos.shaded.io.grpc.internal.CensusStatsModule$StatsClientInterceptor$1$1.onClose(CensusStatsModule.java:700) ~[nacos-client-2.0.4.jar:na]
	at com.alibaba.nacos.shaded.io.grpc.PartialForwardingClientCallListener.onClose(PartialForwardingClientCallListener.java:39) ~[nacos-client-2.0.4.jar:na]
	at com.alibaba.nacos.shaded.io.grpc.ForwardingClientCallListener.onClose(ForwardingClientCallListener.java:23) ~[nacos-client-2.0.4.jar:na]
	at com.alibaba.nacos.shaded.io.grpc.ForwardingClientCallListener$SimpleForwardingClientCallListener.onClose(ForwardingClientCallListener.java:40) ~[nacos-client-2.0.4.jar:na]
	at com.alibaba.nacos.shaded.io.grpc.internal.CensusTracingModule$TracingClientInterceptor$1$1.onClose(CensusTracingModule.java:399) ~[nacos-client-2.0.4.jar:na]
	at com.alibaba.nacos.shaded.io.grpc.internal.ClientCallImpl.closeObserver(ClientCallImpl.java:510) ~[nacos-client-2.0.4.jar:na]
	at com.alibaba.nacos.shaded.io.grpc.internal.ClientCallImpl.access$300(ClientCallImpl.java:66) ~[nacos-client-2.0.4.jar:na]
	at com.alibaba.nacos.shaded.io.grpc.internal.ClientCallImpl$ClientStreamListenerImpl.close(ClientCallImpl.java:630) ~[nacos-client-2.0.4.jar:na]
	at com.alibaba.nacos.shaded.io.grpc.internal.ClientCallImpl$ClientStreamListenerImpl.access$700(ClientCallImpl.java:518) ~[nacos-client-2.0.4.jar:na]
	at com.alibaba.nacos.shaded.io.grpc.internal.ClientCallImpl$ClientStreamListenerImpl$1StreamClosed.runInternal(ClientCallImpl.java:692) ~[nacos-client-2.0.4.jar:na]
	at com.alibaba.nacos.shaded.io.grpc.internal.ClientCallImpl$ClientStreamListenerImpl$1StreamClosed.runInContext(ClientCallImpl.java:681) ~[nacos-client-2.0.4.jar:na]
	at com.alibaba.nacos.shaded.io.grpc.internal.ContextRunnable.run(ContextRunnable.java:37) ~[nacos-client-2.0.4.jar:na]
	at com.alibaba.nacos.shaded.io.grpc.internal.SerializingExecutor.run(SerializingExecutor.java:123) ~[nacos-client-2.0.4.jar:na]
	... 3 common frames omitted
Caused by: com.alibaba.nacos.shaded.io.grpc.netty.shaded.io.netty.channel.AbstractChannel$AnnotatedSocketException: Network is unreachable: no further information: /192.168.150.101:9848
Caused by: java.net.SocketException: Network is unreachable: no further information
	at java.base/sun.nio.ch.SocketChannelImpl.checkConnect(Native Method) ~[na:na]
	at java.base/sun.nio.ch.SocketChannelImpl.finishConnect(SocketChannelImpl.java:779) ~[na:na]
	at com.alibaba.nacos.shaded.io.grpc.netty.shaded.io.netty.channel.socket.nio.NioSocketChannel.doFinishConnect(NioSocketChannel.java:327) ~[nacos-client-2.0.4.jar:na]
	at com.alibaba.nacos.shaded.io.grpc.netty.shaded.io.netty.channel.nio.AbstractNioChannel$AbstractNioUnsafe.finishConnect(AbstractNioChannel.java:336) ~[nacos-client-2.0.4.jar:na]
	at com.alibaba.nacos.shaded.io.grpc.netty.shaded.io.netty.channel.nio.NioEventLoop.processSelectedKey(NioEventLoop.java:685) ~[nacos-client-2.0.4.jar:na]
	at com.alibaba.nacos.shaded.io.grpc.netty.shaded.io.netty.channel.nio.NioEventLoop.processSelectedKeysOptimized(NioEventLoop.java:632) ~[nacos-client-2.0.4.jar:na]
	at com.alibaba.nacos.shaded.io.grpc.netty.shaded.io.netty.channel.nio.NioEventLoop.processSelectedKeys(NioEventLoop.java:549) ~[nacos-client-2.0.4.jar:na]
	at com.alibaba.nacos.shaded.io.grpc.netty.shaded.io.netty.channel.nio.NioEventLoop.run(NioEventLoop.java:511) ~[nacos-client-2.0.4.jar:na]
	at com.alibaba.nacos.shaded.io.grpc.netty.shaded.io.netty.util.concurrent.SingleThreadEventExecutor$5.run(SingleThreadEventExecutor.java:918) ~[nacos-client-2.0.4.jar:na]
	at com.alibaba.nacos.shaded.io.grpc.netty.shaded.io.netty.util.internal.ThreadExecutorMap$2.run(ThreadExecutorMap.java:74) ~[nacos-client-2.0.4.jar:na]
	at com.alibaba.nacos.shaded.io.grpc.netty.shaded.io.netty.util.concurrent.FastThreadLocalRunnable.run(FastThreadLocalRunnable.java:30) ~[nacos-client-2.0.4.jar:na]
	at java.base/java.lang.Thread.run(Thread.java:834) ~[na:na]

11:35:26:785  INFO 21524 --- [com.alibaba.nacos.client.remote.worker] com.alibaba.nacos.common.remote.client   : [8996ad41-bfd7-4555-9513-85d896a18ec0] Fail to connect server, after trying 7 times, last try server is {serverIp = '192.168.150.101', server main port = 8848}, error = unknown
11:35:26:812 ERROR 21484 --- [com.alibaba.nacos.client.remote.worker] c.a.n.c.remote.client.grpc.GrpcClient    : Server check fail, please check server 192.168.150.101 ,port 9848 is available , error ={}

java.util.concurrent.ExecutionException: com.alibaba.nacos.shaded.io.grpc.StatusRuntimeException: UNAVAILABLE: io exception
	at com.alibaba.nacos.shaded.com.google.common.util.concurrent.AbstractFuture.getDoneValue(AbstractFuture.java:566) ~[nacos-client-2.0.4.jar:na]
	at com.alibaba.nacos.shaded.com.google.common.util.concurrent.AbstractFuture.get(AbstractFuture.java:445) ~[nacos-client-2.0.4.jar:na]
	at com.alibaba.nacos.common.remote.client.grpc.GrpcClient.serverCheck(GrpcClient.java:148) ~[nacos-client-2.0.4.jar:na]
	at com.alibaba.nacos.common.remote.client.grpc.GrpcClient.connectToServer(GrpcClient.java:264) ~[nacos-client-2.0.4.jar:na]
	at com.alibaba.nacos.common.remote.client.RpcClient.reconnect(RpcClient.java:522) ~[nacos-client-2.0.4.jar:na]
	at com.alibaba.nacos.common.remote.client.RpcClient.lambda$start$2(RpcClient.java:370) ~[nacos-client-2.0.4.jar:na]
	at java.base/java.util.concurrent.Executors$RunnableAdapter.call(Executors.java:515) ~[na:na]
	at java.base/java.util.concurrent.FutureTask.run(FutureTask.java:264) ~[na:na]
	at java.base/java.util.concurrent.ScheduledThreadPoolExecutor$ScheduledFutureTask.run(ScheduledThreadPoolExecutor.java:304) ~[na:na]
	at java.base/java.util.concurrent.ThreadPoolExecutor.runWorker(ThreadPoolExecutor.java:1128) ~[na:na]
	at java.base/java.util.concurrent.ThreadPoolExecutor$Worker.run(ThreadPoolExecutor.java:628) ~[na:na]
	at java.base/java.lang.Thread.run(Thread.java:834) ~[na:na]
Caused by: com.alibaba.nacos.shaded.io.grpc.StatusRuntimeException: UNAVAILABLE: io exception
	at com.alibaba.nacos.shaded.io.grpc.Status.asRuntimeException(Status.java:533) ~[nacos-client-2.0.4.jar:na]
	at com.alibaba.nacos.shaded.io.grpc.stub.ClientCalls$UnaryStreamToFuture.onClose(ClientCalls.java:490) ~[nacos-client-2.0.4.jar:na]
	at com.alibaba.nacos.shaded.io.grpc.PartialForwardingClientCallListener.onClose(PartialForwardingClientCallListener.java:39) ~[nacos-client-2.0.4.jar:na]
	at com.alibaba.nacos.shaded.io.grpc.ForwardingClientCallListener.onClose(ForwardingClientCallListener.java:23) ~[nacos-client-2.0.4.jar:na]
	at com.alibaba.nacos.shaded.io.grpc.ForwardingClientCallListener$SimpleForwardingClientCallListener.onClose(ForwardingClientCallListener.java:40) ~[nacos-client-2.0.4.jar:na]
	at com.alibaba.nacos.shaded.io.grpc.internal.CensusStatsModule$StatsClientInterceptor$1$1.onClose(CensusStatsModule.java:700) ~[nacos-client-2.0.4.jar:na]
	at com.alibaba.nacos.shaded.io.grpc.PartialForwardingClientCallListener.onClose(PartialForwardingClientCallListener.java:39) ~[nacos-client-2.0.4.jar:na]
	at com.alibaba.nacos.shaded.io.grpc.ForwardingClientCallListener.onClose(ForwardingClientCallListener.java:23) ~[nacos-client-2.0.4.jar:na]
	at com.alibaba.nacos.shaded.io.grpc.ForwardingClientCallListener$SimpleForwardingClientCallListener.onClose(ForwardingClientCallListener.java:40) ~[nacos-client-2.0.4.jar:na]
	at com.alibaba.nacos.shaded.io.grpc.internal.CensusTracingModule$TracingClientInterceptor$1$1.onClose(CensusTracingModule.java:399) ~[nacos-client-2.0.4.jar:na]
	at com.alibaba.nacos.shaded.io.grpc.internal.ClientCallImpl.closeObserver(ClientCallImpl.java:510) ~[nacos-client-2.0.4.jar:na]
	at com.alibaba.nacos.shaded.io.grpc.internal.ClientCallImpl.access$300(ClientCallImpl.java:66) ~[nacos-client-2.0.4.jar:na]
	at com.alibaba.nacos.shaded.io.grpc.internal.ClientCallImpl$ClientStreamListenerImpl.close(ClientCallImpl.java:630) ~[nacos-client-2.0.4.jar:na]
	at com.alibaba.nacos.shaded.io.grpc.internal.ClientCallImpl$ClientStreamListenerImpl.access$700(ClientCallImpl.java:518) ~[nacos-client-2.0.4.jar:na]
	at com.alibaba.nacos.shaded.io.grpc.internal.ClientCallImpl$ClientStreamListenerImpl$1StreamClosed.runInternal(ClientCallImpl.java:692) ~[nacos-client-2.0.4.jar:na]
	at com.alibaba.nacos.shaded.io.grpc.internal.ClientCallImpl$ClientStreamListenerImpl$1StreamClosed.runInContext(ClientCallImpl.java:681) ~[nacos-client-2.0.4.jar:na]
	at com.alibaba.nacos.shaded.io.grpc.internal.ContextRunnable.run(ContextRunnable.java:37) ~[nacos-client-2.0.4.jar:na]
	at com.alibaba.nacos.shaded.io.grpc.internal.SerializingExecutor.run(SerializingExecutor.java:123) ~[nacos-client-2.0.4.jar:na]
	... 3 common frames omitted
Caused by: com.alibaba.nacos.shaded.io.grpc.netty.shaded.io.netty.channel.AbstractChannel$AnnotatedSocketException: Network is unreachable: no further information: /192.168.150.101:9848
Caused by: java.net.SocketException: Network is unreachable: no further information
	at java.base/sun.nio.ch.SocketChannelImpl.checkConnect(Native Method) ~[na:na]
	at java.base/sun.nio.ch.SocketChannelImpl.finishConnect(SocketChannelImpl.java:779) ~[na:na]
	at com.alibaba.nacos.shaded.io.grpc.netty.shaded.io.netty.channel.socket.nio.NioSocketChannel.doFinishConnect(NioSocketChannel.java:327) ~[nacos-client-2.0.4.jar:na]
	at com.alibaba.nacos.shaded.io.grpc.netty.shaded.io.netty.channel.nio.AbstractNioChannel$AbstractNioUnsafe.finishConnect(AbstractNioChannel.java:336) ~[nacos-client-2.0.4.jar:na]
	at com.alibaba.nacos.shaded.io.grpc.netty.shaded.io.netty.channel.nio.NioEventLoop.processSelectedKey(NioEventLoop.java:685) ~[nacos-client-2.0.4.jar:na]
	at com.alibaba.nacos.shaded.io.grpc.netty.shaded.io.netty.channel.nio.NioEventLoop.processSelectedKeysOptimized(NioEventLoop.java:632) ~[nacos-client-2.0.4.jar:na]
	at com.alibaba.nacos.shaded.io.grpc.netty.shaded.io.netty.channel.nio.NioEventLoop.processSelectedKeys(NioEventLoop.java:549) ~[nacos-client-2.0.4.jar:na]
	at com.alibaba.nacos.shaded.io.grpc.netty.shaded.io.netty.channel.nio.NioEventLoop.run(NioEventLoop.java:511) ~[nacos-client-2.0.4.jar:na]
	at com.alibaba.nacos.shaded.io.grpc.netty.shaded.io.netty.util.concurrent.SingleThreadEventExecutor$5.run(SingleThreadEventExecutor.java:918) ~[nacos-client-2.0.4.jar:na]
	at com.alibaba.nacos.shaded.io.grpc.netty.shaded.io.netty.util.internal.ThreadExecutorMap$2.run(ThreadExecutorMap.java:74) ~[nacos-client-2.0.4.jar:na]
	at com.alibaba.nacos.shaded.io.grpc.netty.shaded.io.netty.util.concurrent.FastThreadLocalRunnable.run(FastThreadLocalRunnable.java:30) ~[nacos-client-2.0.4.jar:na]
	at java.base/java.lang.Thread.run(Thread.java:834) ~[na:na]

11:35:26:812  INFO 21484 --- [com.alibaba.nacos.client.remote.worker] com.alibaba.nacos.common.remote.client   : [73d0a60b-f6b2-4bd9-a577-31bdfa116504] Fail to connect server, after trying 7 times, last try server is {serverIp = '192.168.150.101', server main port = 8848}, error = unknown
11:35:27:595 ERROR 21524 --- [com.alibaba.nacos.client.remote.worker] c.a.n.c.remote.client.grpc.GrpcClient    : Server check fail, please check server 192.168.150.101 ,port 9848 is available , error ={}

java.util.concurrent.ExecutionException: com.alibaba.nacos.shaded.io.grpc.StatusRuntimeException: UNAVAILABLE: io exception
	at com.alibaba.nacos.shaded.com.google.common.util.concurrent.AbstractFuture.getDoneValue(AbstractFuture.java:566) ~[nacos-client-2.0.4.jar:na]
	at com.alibaba.nacos.shaded.com.google.common.util.concurrent.AbstractFuture.get(AbstractFuture.java:445) ~[nacos-client-2.0.4.jar:na]
	at com.alibaba.nacos.common.remote.client.grpc.GrpcClient.serverCheck(GrpcClient.java:148) ~[nacos-client-2.0.4.jar:na]
	at com.alibaba.nacos.common.remote.client.grpc.GrpcClient.connectToServer(GrpcClient.java:264) ~[nacos-client-2.0.4.jar:na]
	at com.alibaba.nacos.common.remote.client.RpcClient.reconnect(RpcClient.java:522) ~[nacos-client-2.0.4.jar:na]
	at com.alibaba.nacos.common.remote.client.RpcClient.lambda$start$2(RpcClient.java:370) ~[nacos-client-2.0.4.jar:na]
	at java.base/java.util.concurrent.Executors$RunnableAdapter.call(Executors.java:515) ~[na:na]
	at java.base/java.util.concurrent.FutureTask.run(FutureTask.java:264) ~[na:na]
	at java.base/java.util.concurrent.ScheduledThreadPoolExecutor$ScheduledFutureTask.run(ScheduledThreadPoolExecutor.java:304) ~[na:na]
	at java.base/java.util.concurrent.ThreadPoolExecutor.runWorker(ThreadPoolExecutor.java:1128) ~[na:na]
	at java.base/java.util.concurrent.ThreadPoolExecutor$Worker.run(ThreadPoolExecutor.java:628) ~[na:na]
	at java.base/java.lang.Thread.run(Thread.java:834) ~[na:na]
Caused by: com.alibaba.nacos.shaded.io.grpc.StatusRuntimeException: UNAVAILABLE: io exception
	at com.alibaba.nacos.shaded.io.grpc.Status.asRuntimeException(Status.java:533) ~[nacos-client-2.0.4.jar:na]
	at com.alibaba.nacos.shaded.io.grpc.stub.ClientCalls$UnaryStreamToFuture.onClose(ClientCalls.java:490) ~[nacos-client-2.0.4.jar:na]
	at com.alibaba.nacos.shaded.io.grpc.PartialForwardingClientCallListener.onClose(PartialForwardingClientCallListener.java:39) ~[nacos-client-2.0.4.jar:na]
	at com.alibaba.nacos.shaded.io.grpc.ForwardingClientCallListener.onClose(ForwardingClientCallListener.java:23) ~[nacos-client-2.0.4.jar:na]
	at com.alibaba.nacos.shaded.io.grpc.ForwardingClientCallListener$SimpleForwardingClientCallListener.onClose(ForwardingClientCallListener.java:40) ~[nacos-client-2.0.4.jar:na]
	at com.alibaba.nacos.shaded.io.grpc.internal.CensusStatsModule$StatsClientInterceptor$1$1.onClose(CensusStatsModule.java:700) ~[nacos-client-2.0.4.jar:na]
	at com.alibaba.nacos.shaded.io.grpc.PartialForwardingClientCallListener.onClose(PartialForwardingClientCallListener.java:39) ~[nacos-client-2.0.4.jar:na]
	at com.alibaba.nacos.shaded.io.grpc.ForwardingClientCallListener.onClose(ForwardingClientCallListener.java:23) ~[nacos-client-2.0.4.jar:na]
	at com.alibaba.nacos.shaded.io.grpc.ForwardingClientCallListener$SimpleForwardingClientCallListener.onClose(ForwardingClientCallListener.java:40) ~[nacos-client-2.0.4.jar:na]
	at com.alibaba.nacos.shaded.io.grpc.internal.CensusTracingModule$TracingClientInterceptor$1$1.onClose(CensusTracingModule.java:399) ~[nacos-client-2.0.4.jar:na]
	at com.alibaba.nacos.shaded.io.grpc.internal.ClientCallImpl.closeObserver(ClientCallImpl.java:510) ~[nacos-client-2.0.4.jar:na]
	at com.alibaba.nacos.shaded.io.grpc.internal.ClientCallImpl.access$300(ClientCallImpl.java:66) ~[nacos-client-2.0.4.jar:na]
	at com.alibaba.nacos.shaded.io.grpc.internal.ClientCallImpl$ClientStreamListenerImpl.close(ClientCallImpl.java:630) ~[nacos-client-2.0.4.jar:na]
	at com.alibaba.nacos.shaded.io.grpc.internal.ClientCallImpl$ClientStreamListenerImpl.access$700(ClientCallImpl.java:518) ~[nacos-client-2.0.4.jar:na]
	at com.alibaba.nacos.shaded.io.grpc.internal.ClientCallImpl$ClientStreamListenerImpl$1StreamClosed.runInternal(ClientCallImpl.java:692) ~[nacos-client-2.0.4.jar:na]
	at com.alibaba.nacos.shaded.io.grpc.internal.ClientCallImpl$ClientStreamListenerImpl$1StreamClosed.runInContext(ClientCallImpl.java:681) ~[nacos-client-2.0.4.jar:na]
	at com.alibaba.nacos.shaded.io.grpc.internal.ContextRunnable.run(ContextRunnable.java:37) ~[nacos-client-2.0.4.jar:na]
	at com.alibaba.nacos.shaded.io.grpc.internal.SerializingExecutor.run(SerializingExecutor.java:123) ~[nacos-client-2.0.4.jar:na]
	... 3 common frames omitted
Caused by: com.alibaba.nacos.shaded.io.grpc.netty.shaded.io.netty.channel.AbstractChannel$AnnotatedSocketException: Network is unreachable: no further information: /192.168.150.101:9848
Caused by: java.net.SocketException: Network is unreachable: no further information
	at java.base/sun.nio.ch.SocketChannelImpl.checkConnect(Native Method) ~[na:na]
	at java.base/sun.nio.ch.SocketChannelImpl.finishConnect(SocketChannelImpl.java:779) ~[na:na]
	at com.alibaba.nacos.shaded.io.grpc.netty.shaded.io.netty.channel.socket.nio.NioSocketChannel.doFinishConnect(NioSocketChannel.java:327) ~[nacos-client-2.0.4.jar:na]
	at com.alibaba.nacos.shaded.io.grpc.netty.shaded.io.netty.channel.nio.AbstractNioChannel$AbstractNioUnsafe.finishConnect(AbstractNioChannel.java:336) ~[nacos-client-2.0.4.jar:na]
	at com.alibaba.nacos.shaded.io.grpc.netty.shaded.io.netty.channel.nio.NioEventLoop.processSelectedKey(NioEventLoop.java:685) ~[nacos-client-2.0.4.jar:na]
	at com.alibaba.nacos.shaded.io.grpc.netty.shaded.io.netty.channel.nio.NioEventLoop.processSelectedKeysOptimized(NioEventLoop.java:632) ~[nacos-client-2.0.4.jar:na]
	at com.alibaba.nacos.shaded.io.grpc.netty.shaded.io.netty.channel.nio.NioEventLoop.processSelectedKeys(NioEventLoop.java:549) ~[nacos-client-2.0.4.jar:na]
	at com.alibaba.nacos.shaded.io.grpc.netty.shaded.io.netty.channel.nio.NioEventLoop.run(NioEventLoop.java:511) ~[nacos-client-2.0.4.jar:na]
	at com.alibaba.nacos.shaded.io.grpc.netty.shaded.io.netty.util.concurrent.SingleThreadEventExecutor$5.run(SingleThreadEventExecutor.java:918) ~[nacos-client-2.0.4.jar:na]
	at com.alibaba.nacos.shaded.io.grpc.netty.shaded.io.netty.util.internal.ThreadExecutorMap$2.run(ThreadExecutorMap.java:74) ~[nacos-client-2.0.4.jar:na]
	at com.alibaba.nacos.shaded.io.grpc.netty.shaded.io.netty.util.concurrent.FastThreadLocalRunnable.run(FastThreadLocalRunnable.java:30) ~[nacos-client-2.0.4.jar:na]
	at java.base/java.lang.Thread.run(Thread.java:834) ~[na:na]

11:35:27:597  INFO 21524 --- [com.alibaba.nacos.client.remote.worker] com.alibaba.nacos.common.remote.client   : [8996ad41-bfd7-4555-9513-85d896a18ec0] Fail to connect server, after trying 8 times, last try server is {serverIp = '192.168.150.101', server main port = 8848}, error = unknown
11:35:27:632 ERROR 21484 --- [com.alibaba.nacos.client.remote.worker] c.a.n.c.remote.client.grpc.GrpcClient    : Server check fail, please check server 192.168.150.101 ,port 9848 is available , error ={}

java.util.concurrent.ExecutionException: com.alibaba.nacos.shaded.io.grpc.StatusRuntimeException: UNAVAILABLE: io exception
	at com.alibaba.nacos.shaded.com.google.common.util.concurrent.AbstractFuture.getDoneValue(AbstractFuture.java:566) ~[nacos-client-2.0.4.jar:na]
	at com.alibaba.nacos.shaded.com.google.common.util.concurrent.AbstractFuture.get(AbstractFuture.java:445) ~[nacos-client-2.0.4.jar:na]
	at com.alibaba.nacos.common.remote.client.grpc.GrpcClient.serverCheck(GrpcClient.java:148) ~[nacos-client-2.0.4.jar:na]
	at com.alibaba.nacos.common.remote.client.grpc.GrpcClient.connectToServer(GrpcClient.java:264) ~[nacos-client-2.0.4.jar:na]
	at com.alibaba.nacos.common.remote.client.RpcClient.reconnect(RpcClient.java:522) ~[nacos-client-2.0.4.jar:na]
	at com.alibaba.nacos.common.remote.client.RpcClient.lambda$start$2(RpcClient.java:370) ~[nacos-client-2.0.4.jar:na]
	at java.base/java.util.concurrent.Executors$RunnableAdapter.call(Executors.java:515) ~[na:na]
	at java.base/java.util.concurrent.FutureTask.run(FutureTask.java:264) ~[na:na]
	at java.base/java.util.concurrent.ScheduledThreadPoolExecutor$ScheduledFutureTask.run(ScheduledThreadPoolExecutor.java:304) ~[na:na]
	at java.base/java.util.concurrent.ThreadPoolExecutor.runWorker(ThreadPoolExecutor.java:1128) ~[na:na]
	at java.base/java.util.concurrent.ThreadPoolExecutor$Worker.run(ThreadPoolExecutor.java:628) ~[na:na]
	at java.base/java.lang.Thread.run(Thread.java:834) ~[na:na]
Caused by: com.alibaba.nacos.shaded.io.grpc.StatusRuntimeException: UNAVAILABLE: io exception
	at com.alibaba.nacos.shaded.io.grpc.Status.asRuntimeException(Status.java:533) ~[nacos-client-2.0.4.jar:na]
	at com.alibaba.nacos.shaded.io.grpc.stub.ClientCalls$UnaryStreamToFuture.onClose(ClientCalls.java:490) ~[nacos-client-2.0.4.jar:na]
	at com.alibaba.nacos.shaded.io.grpc.PartialForwardingClientCallListener.onClose(PartialForwardingClientCallListener.java:39) ~[nacos-client-2.0.4.jar:na]
	at com.alibaba.nacos.shaded.io.grpc.ForwardingClientCallListener.onClose(ForwardingClientCallListener.java:23) ~[nacos-client-2.0.4.jar:na]
	at com.alibaba.nacos.shaded.io.grpc.ForwardingClientCallListener$SimpleForwardingClientCallListener.onClose(ForwardingClientCallListener.java:40) ~[nacos-client-2.0.4.jar:na]
	at com.alibaba.nacos.shaded.io.grpc.internal.CensusStatsModule$StatsClientInterceptor$1$1.onClose(CensusStatsModule.java:700) ~[nacos-client-2.0.4.jar:na]
	at com.alibaba.nacos.shaded.io.grpc.PartialForwardingClientCallListener.onClose(PartialForwardingClientCallListener.java:39) ~[nacos-client-2.0.4.jar:na]
	at com.alibaba.nacos.shaded.io.grpc.ForwardingClientCallListener.onClose(ForwardingClientCallListener.java:23) ~[nacos-client-2.0.4.jar:na]
	at com.alibaba.nacos.shaded.io.grpc.ForwardingClientCallListener$SimpleForwardingClientCallListener.onClose(ForwardingClientCallListener.java:40) ~[nacos-client-2.0.4.jar:na]
	at com.alibaba.nacos.shaded.io.grpc.internal.CensusTracingModule$TracingClientInterceptor$1$1.onClose(CensusTracingModule.java:399) ~[nacos-client-2.0.4.jar:na]
	at com.alibaba.nacos.shaded.io.grpc.internal.ClientCallImpl.closeObserver(ClientCallImpl.java:510) ~[nacos-client-2.0.4.jar:na]
	at com.alibaba.nacos.shaded.io.grpc.internal.ClientCallImpl.access$300(ClientCallImpl.java:66) ~[nacos-client-2.0.4.jar:na]
	at com.alibaba.nacos.shaded.io.grpc.internal.ClientCallImpl$ClientStreamListenerImpl.close(ClientCallImpl.java:630) ~[nacos-client-2.0.4.jar:na]
	at com.alibaba.nacos.shaded.io.grpc.internal.ClientCallImpl$ClientStreamListenerImpl.access$700(ClientCallImpl.java:518) ~[nacos-client-2.0.4.jar:na]
	at com.alibaba.nacos.shaded.io.grpc.internal.ClientCallImpl$ClientStreamListenerImpl$1StreamClosed.runInternal(ClientCallImpl.java:692) ~[nacos-client-2.0.4.jar:na]
	at com.alibaba.nacos.shaded.io.grpc.internal.ClientCallImpl$ClientStreamListenerImpl$1StreamClosed.runInContext(ClientCallImpl.java:681) ~[nacos-client-2.0.4.jar:na]
	at com.alibaba.nacos.shaded.io.grpc.internal.ContextRunnable.run(ContextRunnable.java:37) ~[nacos-client-2.0.4.jar:na]
	at com.alibaba.nacos.shaded.io.grpc.internal.SerializingExecutor.run(SerializingExecutor.java:123) ~[nacos-client-2.0.4.jar:na]
	... 3 common frames omitted
Caused by: com.alibaba.nacos.shaded.io.grpc.netty.shaded.io.netty.channel.AbstractChannel$AnnotatedSocketException: Network is unreachable: no further information: /192.168.150.101:9848
Caused by: java.net.SocketException: Network is unreachable: no further information
	at java.base/sun.nio.ch.SocketChannelImpl.checkConnect(Native Method) ~[na:na]
	at java.base/sun.nio.ch.SocketChannelImpl.finishConnect(SocketChannelImpl.java:779) ~[na:na]
	at com.alibaba.nacos.shaded.io.grpc.netty.shaded.io.netty.channel.socket.nio.NioSocketChannel.doFinishConnect(NioSocketChannel.java:327) ~[nacos-client-2.0.4.jar:na]
	at com.alibaba.nacos.shaded.io.grpc.netty.shaded.io.netty.channel.nio.AbstractNioChannel$AbstractNioUnsafe.finishConnect(AbstractNioChannel.java:336) ~[nacos-client-2.0.4.jar:na]
	at com.alibaba.nacos.shaded.io.grpc.netty.shaded.io.netty.channel.nio.NioEventLoop.processSelectedKey(NioEventLoop.java:685) ~[nacos-client-2.0.4.jar:na]
	at com.alibaba.nacos.shaded.io.grpc.netty.shaded.io.netty.channel.nio.NioEventLoop.processSelectedKeysOptimized(NioEventLoop.java:632) ~[nacos-client-2.0.4.jar:na]
	at com.alibaba.nacos.shaded.io.grpc.netty.shaded.io.netty.channel.nio.NioEventLoop.processSelectedKeys(NioEventLoop.java:549) ~[nacos-client-2.0.4.jar:na]
	at com.alibaba.nacos.shaded.io.grpc.netty.shaded.io.netty.channel.nio.NioEventLoop.run(NioEventLoop.java:511) ~[nacos-client-2.0.4.jar:na]
	at com.alibaba.nacos.shaded.io.grpc.netty.shaded.io.netty.util.concurrent.SingleThreadEventExecutor$5.run(SingleThreadEventExecutor.java:918) ~[nacos-client-2.0.4.jar:na]
	at com.alibaba.nacos.shaded.io.grpc.netty.shaded.io.netty.util.internal.ThreadExecutorMap$2.run(ThreadExecutorMap.java:74) ~[nacos-client-2.0.4.jar:na]
	at com.alibaba.nacos.shaded.io.grpc.netty.shaded.io.netty.util.concurrent.FastThreadLocalRunnable.run(FastThreadLocalRunnable.java:30) ~[nacos-client-2.0.4.jar:na]
	at java.base/java.lang.Thread.run(Thread.java:834) ~[na:na]

11:35:27:634  INFO 21484 --- [com.alibaba.nacos.client.remote.worker] com.alibaba.nacos.common.remote.client   : [73d0a60b-f6b2-4bd9-a577-31bdfa116504] Fail to connect server, after trying 8 times, last try server is {serverIp = '192.168.150.101', server main port = 8848}, error = unknown
14:29:00:862  WARN 21524 --- [HikariPool-1 housekeeper] com.zaxxer.hikari.pool.HikariPool        : HikariPool-1 - Thread starvation or clock leap detected (housekeeper delta=8h52m54s400ms333µs700ns).
14:29:03:155 ERROR 21484 --- [com.alibaba.nacos.client.remote.worker] c.a.n.c.remote.client.grpc.GrpcClient    : Server check fail, please check server 192.168.150.101 ,port 9848 is available , error ={}

java.util.concurrent.TimeoutException: Waited 3000 milliseconds (plus 1 milliseconds, 978300 nanoseconds delay) for com.alibaba.nacos.shaded.io.grpc.stub.ClientCalls$GrpcFuture@4b8c91fd[status=PENDING, info=[GrpcFuture{clientCall={delegate={delegate=ClientCallImpl{method=MethodDescriptor{fullMethodName=Request/request, type=UNARY, idempotent=false, safe=false, sampledToLocalTracing=true, requestMarshaller=com.alibaba.nacos.shaded.io.grpc.protobuf.lite.ProtoLiteUtils$MessageMarshaller@2368c533, responseMarshaller=com.alibaba.nacos.shaded.io.grpc.protobuf.lite.ProtoLiteUtils$MessageMarshaller@14103928, schemaDescriptor=com.alibaba.nacos.api.grpc.auto.RequestGrpc$RequestMethodDescriptorSupplier@6f62f8e3}}}}}]]
	at com.alibaba.nacos.shaded.com.google.common.util.concurrent.AbstractFuture.get(AbstractFuture.java:508) ~[nacos-client-2.0.4.jar:na]
	at com.alibaba.nacos.common.remote.client.grpc.GrpcClient.serverCheck(GrpcClient.java:148) ~[nacos-client-2.0.4.jar:na]
	at com.alibaba.nacos.common.remote.client.grpc.GrpcClient.connectToServer(GrpcClient.java:264) ~[nacos-client-2.0.4.jar:na]
	at com.alibaba.nacos.common.remote.client.RpcClient.reconnect(RpcClient.java:522) ~[nacos-client-2.0.4.jar:na]
	at com.alibaba.nacos.common.remote.client.RpcClient.lambda$start$2(RpcClient.java:370) ~[nacos-client-2.0.4.jar:na]
	at java.base/java.util.concurrent.Executors$RunnableAdapter.call(Executors.java:515) ~[na:na]
	at java.base/java.util.concurrent.FutureTask.run(FutureTask.java:264) ~[na:na]
	at java.base/java.util.concurrent.ScheduledThreadPoolExecutor$ScheduledFutureTask.run(ScheduledThreadPoolExecutor.java:304) ~[na:na]
	at java.base/java.util.concurrent.ThreadPoolExecutor.runWorker(ThreadPoolExecutor.java:1128) ~[na:na]
	at java.base/java.util.concurrent.ThreadPoolExecutor$Worker.run(ThreadPoolExecutor.java:628) ~[na:na]
	at java.base/java.lang.Thread.run(Thread.java:834) ~[na:na]

14:29:03:155 ERROR 21524 --- [com.alibaba.nacos.client.remote.worker] c.a.n.c.remote.client.grpc.GrpcClient    : Server check fail, please check server 192.168.150.101 ,port 9848 is available , error ={}

java.util.concurrent.TimeoutException: Waited 3000 milliseconds (plus 2 milliseconds, 578800 nanoseconds delay) for com.alibaba.nacos.shaded.io.grpc.stub.ClientCalls$GrpcFuture@1cc654c2[status=PENDING, info=[GrpcFuture{clientCall={delegate={delegate=ClientCallImpl{method=MethodDescriptor{fullMethodName=Request/request, type=UNARY, idempotent=false, safe=false, sampledToLocalTracing=true, requestMarshaller=com.alibaba.nacos.shaded.io.grpc.protobuf.lite.ProtoLiteUtils$MessageMarshaller@1d3e85cf, responseMarshaller=com.alibaba.nacos.shaded.io.grpc.protobuf.lite.ProtoLiteUtils$MessageMarshaller@30b1807c, schemaDescriptor=com.alibaba.nacos.api.grpc.auto.RequestGrpc$RequestMethodDescriptorSupplier@42bbc8fa}}}}}]]
	at com.alibaba.nacos.shaded.com.google.common.util.concurrent.AbstractFuture.get(AbstractFuture.java:508) ~[nacos-client-2.0.4.jar:na]
	at com.alibaba.nacos.common.remote.client.grpc.GrpcClient.serverCheck(GrpcClient.java:148) ~[nacos-client-2.0.4.jar:na]
	at com.alibaba.nacos.common.remote.client.grpc.GrpcClient.connectToServer(GrpcClient.java:264) ~[nacos-client-2.0.4.jar:na]
	at com.alibaba.nacos.common.remote.client.RpcClient.reconnect(RpcClient.java:522) ~[nacos-client-2.0.4.jar:na]
	at com.alibaba.nacos.common.remote.client.RpcClient.lambda$start$2(RpcClient.java:370) ~[nacos-client-2.0.4.jar:na]
	at java.base/java.util.concurrent.Executors$RunnableAdapter.call(Executors.java:515) ~[na:na]
	at java.base/java.util.concurrent.FutureTask.run(FutureTask.java:264) ~[na:na]
	at java.base/java.util.concurrent.ScheduledThreadPoolExecutor$ScheduledFutureTask.run(ScheduledThreadPoolExecutor.java:304) ~[na:na]
	at java.base/java.util.concurrent.ThreadPoolExecutor.runWorker(ThreadPoolExecutor.java:1128) ~[na:na]
	at java.base/java.util.concurrent.ThreadPoolExecutor$Worker.run(ThreadPoolExecutor.java:628) ~[na:na]
	at java.base/java.lang.Thread.run(Thread.java:834) ~[na:na]

14:29:03:160  INFO 21524 --- [com.alibaba.nacos.client.remote.worker] com.alibaba.nacos.common.remote.client   : [8996ad41-bfd7-4555-9513-85d896a18ec0] Fail to connect server, after trying 9 times, last try server is {serverIp = '192.168.150.101', server main port = 8848}, error = unknown
14:29:03:160  INFO 21484 --- [com.alibaba.nacos.client.remote.worker] com.alibaba.nacos.common.remote.client   : [73d0a60b-f6b2-4bd9-a577-31bdfa116504] Fail to connect server, after trying 9 times, last try server is {serverIp = '192.168.150.101', server main port = 8848}, error = unknown
14:29:04:289  WARN 21484 --- [HikariPool-1 housekeeper] com.zaxxer.hikari.pool.HikariPool        : HikariPool-1 - Thread starvation or clock leap detected (housekeeper delta=8h52m54s395ms914µs100ns).
14:29:06:104  INFO 21524 --- [com.alibaba.nacos.client.remote.worker] com.alibaba.nacos.common.remote.client   : [8996ad41-bfd7-4555-9513-85d896a18ec0] Success to connect a server [192.168.150.101:8848], connectionId = 1777753271420_192.168.150.1_53053
14:29:06:104  INFO 21524 --- [com.alibaba.nacos.client.remote.worker] com.alibaba.nacos.common.remote.client   : [8996ad41-bfd7-4555-9513-85d896a18ec0] Abandon prev connection, server is 192.168.150.101:8848, connectionId is 1777735116703_192.168.150.1_54825
14:29:06:104  INFO 21524 --- [com.alibaba.nacos.client.remote.worker] com.alibaba.nacos.common.remote.client   : Close current connection 1777735116703_192.168.150.1_54825
14:29:06:106  INFO 21524 --- [com.alibaba.nacos.client.remote.worker] com.alibaba.nacos.common.remote.client   : [8996ad41-bfd7-4555-9513-85d896a18ec0] Notify disconnected event to listeners
14:29:06:116  INFO 21524 --- [com.alibaba.nacos.client.remote.worker] com.alibaba.nacos.common.remote.client   : [8996ad41-bfd7-4555-9513-85d896a18ec0] Notify connected event to listeners.
14:29:06:255  INFO 21484 --- [com.alibaba.nacos.client.remote.worker] com.alibaba.nacos.common.remote.client   : [73d0a60b-f6b2-4bd9-a577-31bdfa116504] Success to connect a server [192.168.150.101:8848], connectionId = 1777753271586_192.168.150.1_53054
14:29:06:255  INFO 21484 --- [com.alibaba.nacos.client.remote.worker] com.alibaba.nacos.common.remote.client   : [73d0a60b-f6b2-4bd9-a577-31bdfa116504] Abandon prev connection, server is 192.168.150.101:8848, connectionId is 1777735110772_192.168.150.1_60161
14:29:06:255  INFO 21484 --- [com.alibaba.nacos.client.remote.worker] com.alibaba.nacos.common.remote.client   : Close current connection 1777735110772_192.168.150.1_60161
14:29:06:259  INFO 21484 --- [com.alibaba.nacos.client.remote.worker] com.alibaba.nacos.common.remote.client   : [73d0a60b-f6b2-4bd9-a577-31bdfa116504] Notify disconnected event to listeners
14:29:06:274  INFO 21484 --- [com.alibaba.nacos.client.remote.worker] com.alibaba.nacos.common.remote.client   : [73d0a60b-f6b2-4bd9-a577-31bdfa116504] Notify connected event to listeners.
14:29:06:976  INFO 21524 --- [nacos-grpc-client-executor-3387] com.alibaba.nacos.common.remote.client   : [8996ad41-bfd7-4555-9513-85d896a18ec0] Receive server push request, request = NotifySubscriberRequest, requestId = 22
14:29:06:999  INFO 21524 --- [nacos-grpc-client-executor-3387] com.alibaba.nacos.common.remote.client   : [8996ad41-bfd7-4555-9513-85d896a18ec0] Ack server push request, request = NotifySubscriberRequest, requestId = 22
14:29:07:713  INFO 21524 --- [nacos-grpc-client-executor-3388] com.alibaba.nacos.common.remote.client   : [8996ad41-bfd7-4555-9513-85d896a18ec0] Receive server push request, request = NotifySubscriberRequest, requestId = 23
14:29:07:719  INFO 21484 --- [nacos-grpc-client-executor-3391] com.alibaba.nacos.common.remote.client   : [73d0a60b-f6b2-4bd9-a577-31bdfa116504] Receive server push request, request = NotifySubscriberRequest, requestId = 24
14:29:07:721  INFO 21484 --- [nacos-grpc-client-executor-3391] com.alibaba.nacos.common.remote.client   : [73d0a60b-f6b2-4bd9-a577-31bdfa116504] Ack server push request, request = NotifySubscriberRequest, requestId = 24
14:29:07:725  INFO 21524 --- [nacos-grpc-client-executor-3388] com.alibaba.nacos.common.remote.client   : [8996ad41-bfd7-4555-9513-85d896a18ec0] Ack server push request, request = NotifySubscriberRequest, requestId = 23
14:49:37:200 ERROR 21524 --- [nacos-grpc-client-executor-3514] c.a.n.c.remote.client.grpc.GrpcClient    : [1777753271420_192.168.150.1_53053]Request stream error, switch server,error={}

com.alibaba.nacos.shaded.io.grpc.StatusRuntimeException: UNAVAILABLE: io exception
	at com.alibaba.nacos.shaded.io.grpc.Status.asRuntimeException(Status.java:533) ~[nacos-client-2.0.4.jar:na]
	at com.alibaba.nacos.shaded.io.grpc.stub.ClientCalls$StreamObserverToCallListenerAdapter.onClose(ClientCalls.java:442) ~[nacos-client-2.0.4.jar:na]
	at com.alibaba.nacos.shaded.io.grpc.PartialForwardingClientCallListener.onClose(PartialForwardingClientCallListener.java:39) ~[nacos-client-2.0.4.jar:na]
	at com.alibaba.nacos.shaded.io.grpc.ForwardingClientCallListener.onClose(ForwardingClientCallListener.java:23) ~[nacos-client-2.0.4.jar:na]
	at com.alibaba.nacos.shaded.io.grpc.ForwardingClientCallListener$SimpleForwardingClientCallListener.onClose(ForwardingClientCallListener.java:40) ~[nacos-client-2.0.4.jar:na]
	at com.alibaba.nacos.shaded.io.grpc.internal.CensusStatsModule$StatsClientInterceptor$1$1.onClose(CensusStatsModule.java:700) ~[nacos-client-2.0.4.jar:na]
	at com.alibaba.nacos.shaded.io.grpc.PartialForwardingClientCallListener.onClose(PartialForwardingClientCallListener.java:39) ~[nacos-client-2.0.4.jar:na]
	at com.alibaba.nacos.shaded.io.grpc.ForwardingClientCallListener.onClose(ForwardingClientCallListener.java:23) ~[nacos-client-2.0.4.jar:na]
	at com.alibaba.nacos.shaded.io.grpc.ForwardingClientCallListener$SimpleForwardingClientCallListener.onClose(ForwardingClientCallListener.java:40) ~[nacos-client-2.0.4.jar:na]
	at com.alibaba.nacos.shaded.io.grpc.internal.CensusTracingModule$TracingClientInterceptor$1$1.onClose(CensusTracingModule.java:399) ~[nacos-client-2.0.4.jar:na]
	at com.alibaba.nacos.shaded.io.grpc.internal.ClientCallImpl.closeObserver(ClientCallImpl.java:510) ~[nacos-client-2.0.4.jar:na]
	at com.alibaba.nacos.shaded.io.grpc.internal.ClientCallImpl.access$300(ClientCallImpl.java:66) ~[nacos-client-2.0.4.jar:na]
	at com.alibaba.nacos.shaded.io.grpc.internal.ClientCallImpl$ClientStreamListenerImpl.close(ClientCallImpl.java:630) ~[nacos-client-2.0.4.jar:na]
	at com.alibaba.nacos.shaded.io.grpc.internal.ClientCallImpl$ClientStreamListenerImpl.access$700(ClientCallImpl.java:518) ~[nacos-client-2.0.4.jar:na]
	at com.alibaba.nacos.shaded.io.grpc.internal.ClientCallImpl$ClientStreamListenerImpl$1StreamClosed.runInternal(ClientCallImpl.java:692) ~[nacos-client-2.0.4.jar:na]
	at com.alibaba.nacos.shaded.io.grpc.internal.ClientCallImpl$ClientStreamListenerImpl$1StreamClosed.runInContext(ClientCallImpl.java:681) ~[nacos-client-2.0.4.jar:na]
	at com.alibaba.nacos.shaded.io.grpc.internal.ContextRunnable.run(ContextRunnable.java:37) ~[nacos-client-2.0.4.jar:na]
	at com.alibaba.nacos.shaded.io.grpc.internal.SerializingExecutor.run(SerializingExecutor.java:123) ~[nacos-client-2.0.4.jar:na]
	at java.base/java.util.concurrent.ThreadPoolExecutor.runWorker(ThreadPoolExecutor.java:1128) ~[na:na]
	at java.base/java.util.concurrent.ThreadPoolExecutor$Worker.run(ThreadPoolExecutor.java:628) ~[na:na]
	at java.base/java.lang.Thread.run(Thread.java:834) ~[na:na]
Caused by: java.io.IOException: 远程主机强迫关闭了一个现有的连接。
	at java.base/sun.nio.ch.SocketDispatcher.read0(Native Method) ~[na:na]
	at java.base/sun.nio.ch.SocketDispatcher.read(SocketDispatcher.java:43) ~[na:na]
	at java.base/sun.nio.ch.IOUtil.readIntoNativeBuffer(IOUtil.java:276) ~[na:na]
	at java.base/sun.nio.ch.IOUtil.read(IOUtil.java:233) ~[na:na]
	at java.base/sun.nio.ch.IOUtil.read(IOUtil.java:223) ~[na:na]
	at java.base/sun.nio.ch.SocketChannelImpl.read(SocketChannelImpl.java:358) ~[na:na]
	at com.alibaba.nacos.shaded.io.grpc.netty.shaded.io.netty.buffer.PooledByteBuf.setBytes(PooledByteBuf.java:247) ~[nacos-client-2.0.4.jar:na]
	at com.alibaba.nacos.shaded.io.grpc.netty.shaded.io.netty.buffer.AbstractByteBuf.writeBytes(AbstractByteBuf.java:1140) ~[nacos-client-2.0.4.jar:na]
	at com.alibaba.nacos.shaded.io.grpc.netty.shaded.io.netty.channel.socket.nio.NioSocketChannel.doReadBytes(NioSocketChannel.java:347) ~[nacos-client-2.0.4.jar:na]
	at com.alibaba.nacos.shaded.io.grpc.netty.shaded.io.netty.channel.nio.AbstractNioByteChannel$NioByteUnsafe.read(AbstractNioByteChannel.java:148) ~[nacos-client-2.0.4.jar:na]
	at com.alibaba.nacos.shaded.io.grpc.netty.shaded.io.netty.channel.nio.NioEventLoop.processSelectedKey(NioEventLoop.java:697) ~[nacos-client-2.0.4.jar:na]
	at com.alibaba.nacos.shaded.io.grpc.netty.shaded.io.netty.channel.nio.NioEventLoop.processSelectedKeysOptimized(NioEventLoop.java:632) ~[nacos-client-2.0.4.jar:na]
	at com.alibaba.nacos.shaded.io.grpc.netty.shaded.io.netty.channel.nio.NioEventLoop.processSelectedKeys(NioEventLoop.java:549) ~[nacos-client-2.0.4.jar:na]
	at com.alibaba.nacos.shaded.io.grpc.netty.shaded.io.netty.channel.nio.NioEventLoop.run(NioEventLoop.java:511) ~[nacos-client-2.0.4.jar:na]
	at com.alibaba.nacos.shaded.io.grpc.netty.shaded.io.netty.util.concurrent.SingleThreadEventExecutor$5.run(SingleThreadEventExecutor.java:918) ~[nacos-client-2.0.4.jar:na]
	at com.alibaba.nacos.shaded.io.grpc.netty.shaded.io.netty.util.internal.ThreadExecutorMap$2.run(ThreadExecutorMap.java:74) ~[nacos-client-2.0.4.jar:na]
	at com.alibaba.nacos.shaded.io.grpc.netty.shaded.io.netty.util.concurrent.FastThreadLocalRunnable.run(FastThreadLocalRunnable.java:30) ~[nacos-client-2.0.4.jar:na]
	... 1 common frames omitted

14:49:37:202  INFO 21524 --- [com.alibaba.nacos.client.remote.worker] com.alibaba.nacos.common.remote.client   : [8996ad41-bfd7-4555-9513-85d896a18ec0] Try to reconnect to a new server, server is  not appointed, will choose a random server.
14:49:37:202 ERROR 21484 --- [nacos-grpc-client-executor-3516] c.a.n.c.remote.client.grpc.GrpcClient    : [1777753271586_192.168.150.1_53054]Request stream error, switch server,error={}

com.alibaba.nacos.shaded.io.grpc.StatusRuntimeException: UNAVAILABLE: io exception
	at com.alibaba.nacos.shaded.io.grpc.Status.asRuntimeException(Status.java:533) ~[nacos-client-2.0.4.jar:na]
	at com.alibaba.nacos.shaded.io.grpc.stub.ClientCalls$StreamObserverToCallListenerAdapter.onClose(ClientCalls.java:442) ~[nacos-client-2.0.4.jar:na]
	at com.alibaba.nacos.shaded.io.grpc.PartialForwardingClientCallListener.onClose(PartialForwardingClientCallListener.java:39) ~[nacos-client-2.0.4.jar:na]
	at com.alibaba.nacos.shaded.io.grpc.ForwardingClientCallListener.onClose(ForwardingClientCallListener.java:23) ~[nacos-client-2.0.4.jar:na]
	at com.alibaba.nacos.shaded.io.grpc.ForwardingClientCallListener$SimpleForwardingClientCallListener.onClose(ForwardingClientCallListener.java:40) ~[nacos-client-2.0.4.jar:na]
	at com.alibaba.nacos.shaded.io.grpc.internal.CensusStatsModule$StatsClientInterceptor$1$1.onClose(CensusStatsModule.java:700) ~[nacos-client-2.0.4.jar:na]
	at com.alibaba.nacos.shaded.io.grpc.PartialForwardingClientCallListener.onClose(PartialForwardingClientCallListener.java:39) ~[nacos-client-2.0.4.jar:na]
	at com.alibaba.nacos.shaded.io.grpc.ForwardingClientCallListener.onClose(ForwardingClientCallListener.java:23) ~[nacos-client-2.0.4.jar:na]
	at com.alibaba.nacos.shaded.io.grpc.ForwardingClientCallListener$SimpleForwardingClientCallListener.onClose(ForwardingClientCallListener.java:40) ~[nacos-client-2.0.4.jar:na]
	at com.alibaba.nacos.shaded.io.grpc.internal.CensusTracingModule$TracingClientInterceptor$1$1.onClose(CensusTracingModule.java:399) ~[nacos-client-2.0.4.jar:na]
	at com.alibaba.nacos.shaded.io.grpc.internal.ClientCallImpl.closeObserver(ClientCallImpl.java:510) ~[nacos-client-2.0.4.jar:na]
	at com.alibaba.nacos.shaded.io.grpc.internal.ClientCallImpl.access$300(ClientCallImpl.java:66) ~[nacos-client-2.0.4.jar:na]
	at com.alibaba.nacos.shaded.io.grpc.internal.ClientCallImpl$ClientStreamListenerImpl.close(ClientCallImpl.java:630) ~[nacos-client-2.0.4.jar:na]
	at com.alibaba.nacos.shaded.io.grpc.internal.ClientCallImpl$ClientStreamListenerImpl.access$700(ClientCallImpl.java:518) ~[nacos-client-2.0.4.jar:na]
	at com.alibaba.nacos.shaded.io.grpc.internal.ClientCallImpl$ClientStreamListenerImpl$1StreamClosed.runInternal(ClientCallImpl.java:692) ~[nacos-client-2.0.4.jar:na]
	at com.alibaba.nacos.shaded.io.grpc.internal.ClientCallImpl$ClientStreamListenerImpl$1StreamClosed.runInContext(ClientCallImpl.java:681) ~[nacos-client-2.0.4.jar:na]
	at com.alibaba.nacos.shaded.io.grpc.internal.ContextRunnable.run(ContextRunnable.java:37) ~[nacos-client-2.0.4.jar:na]
	at com.alibaba.nacos.shaded.io.grpc.internal.SerializingExecutor.run(SerializingExecutor.java:123) ~[nacos-client-2.0.4.jar:na]
	at java.base/java.util.concurrent.ThreadPoolExecutor.runWorker(ThreadPoolExecutor.java:1128) ~[na:na]
	at java.base/java.util.concurrent.ThreadPoolExecutor$Worker.run(ThreadPoolExecutor.java:628) ~[na:na]
	at java.base/java.lang.Thread.run(Thread.java:834) ~[na:na]
Caused by: java.io.IOException: 远程主机强迫关闭了一个现有的连接。
	at java.base/sun.nio.ch.SocketDispatcher.read0(Native Method) ~[na:na]
	at java.base/sun.nio.ch.SocketDispatcher.read(SocketDispatcher.java:43) ~[na:na]
	at java.base/sun.nio.ch.IOUtil.readIntoNativeBuffer(IOUtil.java:276) ~[na:na]
	at java.base/sun.nio.ch.IOUtil.read(IOUtil.java:233) ~[na:na]
	at java.base/sun.nio.ch.IOUtil.read(IOUtil.java:223) ~[na:na]
	at java.base/sun.nio.ch.SocketChannelImpl.read(SocketChannelImpl.java:358) ~[na:na]
	at com.alibaba.nacos.shaded.io.grpc.netty.shaded.io.netty.buffer.PooledByteBuf.setBytes(PooledByteBuf.java:247) ~[nacos-client-2.0.4.jar:na]
	at com.alibaba.nacos.shaded.io.grpc.netty.shaded.io.netty.buffer.AbstractByteBuf.writeBytes(AbstractByteBuf.java:1140) ~[nacos-client-2.0.4.jar:na]
	at com.alibaba.nacos.shaded.io.grpc.netty.shaded.io.netty.channel.socket.nio.NioSocketChannel.doReadBytes(NioSocketChannel.java:347) ~[nacos-client-2.0.4.jar:na]
	at com.alibaba.nacos.shaded.io.grpc.netty.shaded.io.netty.channel.nio.AbstractNioByteChannel$NioByteUnsafe.read(AbstractNioByteChannel.java:148) ~[nacos-client-2.0.4.jar:na]
	at com.alibaba.nacos.shaded.io.grpc.netty.shaded.io.netty.channel.nio.NioEventLoop.processSelectedKey(NioEventLoop.java:697) ~[nacos-client-2.0.4.jar:na]
	at com.alibaba.nacos.shaded.io.grpc.netty.shaded.io.netty.channel.nio.NioEventLoop.processSelectedKeysOptimized(NioEventLoop.java:632) ~[nacos-client-2.0.4.jar:na]
	at com.alibaba.nacos.shaded.io.grpc.netty.shaded.io.netty.channel.nio.NioEventLoop.processSelectedKeys(NioEventLoop.java:549) ~[nacos-client-2.0.4.jar:na]
	at com.alibaba.nacos.shaded.io.grpc.netty.shaded.io.netty.channel.nio.NioEventLoop.run(NioEventLoop.java:511) ~[nacos-client-2.0.4.jar:na]
	at com.alibaba.nacos.shaded.io.grpc.netty.shaded.io.netty.util.concurrent.SingleThreadEventExecutor$5.run(SingleThreadEventExecutor.java:918) ~[nacos-client-2.0.4.jar:na]
	at com.alibaba.nacos.shaded.io.grpc.netty.shaded.io.netty.util.internal.ThreadExecutorMap$2.run(ThreadExecutorMap.java:74) ~[nacos-client-2.0.4.jar:na]
	at com.alibaba.nacos.shaded.io.grpc.netty.shaded.io.netty.util.concurrent.FastThreadLocalRunnable.run(FastThreadLocalRunnable.java:30) ~[nacos-client-2.0.4.jar:na]
	... 1 common frames omitted

14:49:37:202  INFO 21484 --- [com.alibaba.nacos.client.remote.worker] com.alibaba.nacos.common.remote.client   : [73d0a60b-f6b2-4bd9-a577-31bdfa116504] Try to reconnect to a new server, server is  not appointed, will choose a random server.
14:49:37:458  INFO 21524 --- [com.alibaba.nacos.client.remote.worker] com.alibaba.nacos.common.remote.client   : [8996ad41-bfd7-4555-9513-85d896a18ec0] Success to connect a server [192.168.150.101:8848], connectionId = 1777753961172_192.168.150.1_53254
14:49:37:458  INFO 21524 --- [com.alibaba.nacos.client.remote.worker] com.alibaba.nacos.common.remote.client   : [8996ad41-bfd7-4555-9513-85d896a18ec0] Abandon prev connection, server is 192.168.150.101:8848, connectionId is 1777753271420_192.168.150.1_53053
14:49:37:458  INFO 21524 --- [com.alibaba.nacos.client.remote.worker] com.alibaba.nacos.common.remote.client   : Close current connection 1777753271420_192.168.150.1_53053
14:49:37:458  INFO 21524 --- [com.alibaba.nacos.client.remote.worker] com.alibaba.nacos.common.remote.client   : [8996ad41-bfd7-4555-9513-85d896a18ec0] Notify disconnected event to listeners
14:49:37:460  INFO 21524 --- [com.alibaba.nacos.client.remote.worker] com.alibaba.nacos.common.remote.client   : [8996ad41-bfd7-4555-9513-85d896a18ec0] Notify connected event to listeners.
14:49:37:474  INFO 21484 --- [com.alibaba.nacos.client.remote.worker] com.alibaba.nacos.common.remote.client   : [73d0a60b-f6b2-4bd9-a577-31bdfa116504] Success to connect a server [192.168.150.101:8848], connectionId = 1777753961173_192.168.150.1_53255
14:49:37:474  INFO 21484 --- [com.alibaba.nacos.client.remote.worker] com.alibaba.nacos.common.remote.client   : [73d0a60b-f6b2-4bd9-a577-31bdfa116504] Abandon prev connection, server is 192.168.150.101:8848, connectionId is 1777753271586_192.168.150.1_53054
14:49:37:474  INFO 21484 --- [com.alibaba.nacos.client.remote.worker] com.alibaba.nacos.common.remote.client   : Close current connection 1777753271586_192.168.150.1_53054
14:49:37:474  INFO 21484 --- [com.alibaba.nacos.client.remote.worker] com.alibaba.nacos.common.remote.client   : [73d0a60b-f6b2-4bd9-a577-31bdfa116504] Notify disconnected event to listeners
14:49:37:474  INFO 21484 --- [com.alibaba.nacos.client.remote.worker] com.alibaba.nacos.common.remote.client   : [73d0a60b-f6b2-4bd9-a577-31bdfa116504] Notify connected event to listeners.
14:49:38:922  WARN 21524 --- [HikariPool-1 housekeeper] com.zaxxer.hikari.pool.HikariPool        : HikariPool-1 - Thread starvation or clock leap detected (housekeeper delta=10m38s21ms255µs200ns).
14:49:39:449  INFO 21524 --- [nacos-grpc-client-executor-3520] com.alibaba.nacos.common.remote.client   : [8996ad41-bfd7-4555-9513-85d896a18ec0] Receive server push request, request = NotifySubscriberRequest, requestId = 30
14:49:39:457  INFO 21524 --- [nacos-grpc-client-executor-3520] com.alibaba.nacos.common.remote.client   : [8996ad41-bfd7-4555-9513-85d896a18ec0] Ack server push request, request = NotifySubscriberRequest, requestId = 30
14:49:40:216  INFO 21484 --- [nacos-grpc-client-executor-3523] com.alibaba.nacos.common.remote.client   : [73d0a60b-f6b2-4bd9-a577-31bdfa116504] Receive server push request, request = NotifySubscriberRequest, requestId = 31
14:49:40:216  INFO 21484 --- [nacos-grpc-client-executor-3523] com.alibaba.nacos.common.remote.client   : [73d0a60b-f6b2-4bd9-a577-31bdfa116504] Ack server push request, request = NotifySubscriberRequest, requestId = 31
14:49:40:216  INFO 21524 --- [nacos-grpc-client-executor-3521] com.alibaba.nacos.common.remote.client   : [8996ad41-bfd7-4555-9513-85d896a18ec0] Receive server push request, request = NotifySubscriberRequest, requestId = 33
14:49:40:225  INFO 21524 --- [nacos-grpc-client-executor-3521] com.alibaba.nacos.common.remote.client   : [8996ad41-bfd7-4555-9513-85d896a18ec0] Ack server push request, request = NotifySubscriberRequest, requestId = 33
14:49:42:362  WARN 21484 --- [HikariPool-1 housekeeper] com.zaxxer.hikari.pool.HikariPool        : HikariPool-1 - Thread starvation or clock leap detected (housekeeper delta=10m38s21ms376µs900ns).
14:50:10:063 ERROR 21484 --- [nacos-grpc-client-executor-3524] c.a.n.c.remote.client.grpc.GrpcClient    : [1777753961173_192.168.150.1_53255]Request stream error, switch server,error={}

com.alibaba.nacos.shaded.io.grpc.StatusRuntimeException: UNAVAILABLE: io exception
	at com.alibaba.nacos.shaded.io.grpc.Status.asRuntimeException(Status.java:533) ~[nacos-client-2.0.4.jar:na]
	at com.alibaba.nacos.shaded.io.grpc.stub.ClientCalls$StreamObserverToCallListenerAdapter.onClose(ClientCalls.java:442) ~[nacos-client-2.0.4.jar:na]
	at com.alibaba.nacos.shaded.io.grpc.PartialForwardingClientCallListener.onClose(PartialForwardingClientCallListener.java:39) ~[nacos-client-2.0.4.jar:na]
	at com.alibaba.nacos.shaded.io.grpc.ForwardingClientCallListener.onClose(ForwardingClientCallListener.java:23) ~[nacos-client-2.0.4.jar:na]
	at com.alibaba.nacos.shaded.io.grpc.ForwardingClientCallListener$SimpleForwardingClientCallListener.onClose(ForwardingClientCallListener.java:40) ~[nacos-client-2.0.4.jar:na]
	at com.alibaba.nacos.shaded.io.grpc.internal.CensusStatsModule$StatsClientInterceptor$1$1.onClose(CensusStatsModule.java:700) ~[nacos-client-2.0.4.jar:na]
	at com.alibaba.nacos.shaded.io.grpc.PartialForwardingClientCallListener.onClose(PartialForwardingClientCallListener.java:39) ~[nacos-client-2.0.4.jar:na]
	at com.alibaba.nacos.shaded.io.grpc.ForwardingClientCallListener.onClose(ForwardingClientCallListener.java:23) ~[nacos-client-2.0.4.jar:na]
	at com.alibaba.nacos.shaded.io.grpc.ForwardingClientCallListener$SimpleForwardingClientCallListener.onClose(ForwardingClientCallListener.java:40) ~[nacos-client-2.0.4.jar:na]
	at com.alibaba.nacos.shaded.io.grpc.internal.CensusTracingModule$TracingClientInterceptor$1$1.onClose(CensusTracingModule.java:399) ~[nacos-client-2.0.4.jar:na]
	at com.alibaba.nacos.shaded.io.grpc.internal.ClientCallImpl.closeObserver(ClientCallImpl.java:510) ~[nacos-client-2.0.4.jar:na]
	at com.alibaba.nacos.shaded.io.grpc.internal.ClientCallImpl.access$300(ClientCallImpl.java:66) ~[nacos-client-2.0.4.jar:na]
	at com.alibaba.nacos.shaded.io.grpc.internal.ClientCallImpl$ClientStreamListenerImpl.close(ClientCallImpl.java:630) ~[nacos-client-2.0.4.jar:na]
	at com.alibaba.nacos.shaded.io.grpc.internal.ClientCallImpl$ClientStreamListenerImpl.access$700(ClientCallImpl.java:518) ~[nacos-client-2.0.4.jar:na]
	at com.alibaba.nacos.shaded.io.grpc.internal.ClientCallImpl$ClientStreamListenerImpl$1StreamClosed.runInternal(ClientCallImpl.java:692) ~[nacos-client-2.0.4.jar:na]
	at com.alibaba.nacos.shaded.io.grpc.internal.ClientCallImpl$ClientStreamListenerImpl$1StreamClosed.runInContext(ClientCallImpl.java:681) ~[nacos-client-2.0.4.jar:na]
	at com.alibaba.nacos.shaded.io.grpc.internal.ContextRunnable.run(ContextRunnable.java:37) ~[nacos-client-2.0.4.jar:na]
	at com.alibaba.nacos.shaded.io.grpc.internal.SerializingExecutor.run(SerializingExecutor.java:123) ~[nacos-client-2.0.4.jar:na]
	at java.base/java.util.concurrent.ThreadPoolExecutor.runWorker(ThreadPoolExecutor.java:1128) ~[na:na]
	at java.base/java.util.concurrent.ThreadPoolExecutor$Worker.run(ThreadPoolExecutor.java:628) ~[na:na]
	at java.base/java.lang.Thread.run(Thread.java:834) ~[na:na]
Caused by: java.io.IOException: 远程主机强迫关闭了一个现有的连接。
	at java.base/sun.nio.ch.SocketDispatcher.read0(Native Method) ~[na:na]
	at java.base/sun.nio.ch.SocketDispatcher.read(SocketDispatcher.java:43) ~[na:na]
	at java.base/sun.nio.ch.IOUtil.readIntoNativeBuffer(IOUtil.java:276) ~[na:na]
	at java.base/sun.nio.ch.IOUtil.read(IOUtil.java:233) ~[na:na]
	at java.base/sun.nio.ch.IOUtil.read(IOUtil.java:223) ~[na:na]
	at java.base/sun.nio.ch.SocketChannelImpl.read(SocketChannelImpl.java:358) ~[na:na]
	at com.alibaba.nacos.shaded.io.grpc.netty.shaded.io.netty.buffer.PooledByteBuf.setBytes(PooledByteBuf.java:247) ~[nacos-client-2.0.4.jar:na]
	at com.alibaba.nacos.shaded.io.grpc.netty.shaded.io.netty.buffer.AbstractByteBuf.writeBytes(AbstractByteBuf.java:1140) ~[nacos-client-2.0.4.jar:na]
	at com.alibaba.nacos.shaded.io.grpc.netty.shaded.io.netty.channel.socket.nio.NioSocketChannel.doReadBytes(NioSocketChannel.java:347) ~[nacos-client-2.0.4.jar:na]
	at com.alibaba.nacos.shaded.io.grpc.netty.shaded.io.netty.channel.nio.AbstractNioByteChannel$NioByteUnsafe.read(AbstractNioByteChannel.java:148) ~[nacos-client-2.0.4.jar:na]
	at com.alibaba.nacos.shaded.io.grpc.netty.shaded.io.netty.channel.nio.NioEventLoop.processSelectedKey(NioEventLoop.java:697) ~[nacos-client-2.0.4.jar:na]
	at com.alibaba.nacos.shaded.io.grpc.netty.shaded.io.netty.channel.nio.NioEventLoop.processSelectedKeysOptimized(NioEventLoop.java:632) ~[nacos-client-2.0.4.jar:na]
	at com.alibaba.nacos.shaded.io.grpc.netty.shaded.io.netty.channel.nio.NioEventLoop.processSelectedKeys(NioEventLoop.java:549) ~[nacos-client-2.0.4.jar:na]
	at com.alibaba.nacos.shaded.io.grpc.netty.shaded.io.netty.channel.nio.NioEventLoop.run(NioEventLoop.java:511) ~[nacos-client-2.0.4.jar:na]
	at com.alibaba.nacos.shaded.io.grpc.netty.shaded.io.netty.util.concurrent.SingleThreadEventExecutor$5.run(SingleThreadEventExecutor.java:918) ~[nacos-client-2.0.4.jar:na]
	at com.alibaba.nacos.shaded.io.grpc.netty.shaded.io.netty.util.internal.ThreadExecutorMap$2.run(ThreadExecutorMap.java:74) ~[nacos-client-2.0.4.jar:na]
	at com.alibaba.nacos.shaded.io.grpc.netty.shaded.io.netty.util.concurrent.FastThreadLocalRunnable.run(FastThreadLocalRunnable.java:30) ~[nacos-client-2.0.4.jar:na]
	... 1 common frames omitted

14:50:10:069  INFO 21484 --- [com.alibaba.nacos.client.remote.worker] com.alibaba.nacos.common.remote.client   : [73d0a60b-f6b2-4bd9-a577-31bdfa116504] Try to reconnect to a new server, server is  not appointed, will choose a random server.
14:50:10:075 ERROR 21524 --- [nacos-grpc-client-executor-3522] c.a.n.c.remote.client.grpc.GrpcClient    : [1777753961172_192.168.150.1_53254]Request stream error, switch server,error={}

com.alibaba.nacos.shaded.io.grpc.StatusRuntimeException: UNAVAILABLE: io exception
	at com.alibaba.nacos.shaded.io.grpc.Status.asRuntimeException(Status.java:533) ~[nacos-client-2.0.4.jar:na]
	at com.alibaba.nacos.shaded.io.grpc.stub.ClientCalls$StreamObserverToCallListenerAdapter.onClose(ClientCalls.java:442) ~[nacos-client-2.0.4.jar:na]
	at com.alibaba.nacos.shaded.io.grpc.PartialForwardingClientCallListener.onClose(PartialForwardingClientCallListener.java:39) ~[nacos-client-2.0.4.jar:na]
	at com.alibaba.nacos.shaded.io.grpc.ForwardingClientCallListener.onClose(ForwardingClientCallListener.java:23) ~[nacos-client-2.0.4.jar:na]
	at com.alibaba.nacos.shaded.io.grpc.ForwardingClientCallListener$SimpleForwardingClientCallListener.onClose(ForwardingClientCallListener.java:40) ~[nacos-client-2.0.4.jar:na]
	at com.alibaba.nacos.shaded.io.grpc.internal.CensusStatsModule$StatsClientInterceptor$1$1.onClose(CensusStatsModule.java:700) ~[nacos-client-2.0.4.jar:na]
	at com.alibaba.nacos.shaded.io.grpc.PartialForwardingClientCallListener.onClose(PartialForwardingClientCallListener.java:39) ~[nacos-client-2.0.4.jar:na]
	at com.alibaba.nacos.shaded.io.grpc.ForwardingClientCallListener.onClose(ForwardingClientCallListener.java:23) ~[nacos-client-2.0.4.jar:na]
	at com.alibaba.nacos.shaded.io.grpc.ForwardingClientCallListener$SimpleForwardingClientCallListener.onClose(ForwardingClientCallListener.java:40) ~[nacos-client-2.0.4.jar:na]
	at com.alibaba.nacos.shaded.io.grpc.internal.CensusTracingModule$TracingClientInterceptor$1$1.onClose(CensusTracingModule.java:399) ~[nacos-client-2.0.4.jar:na]
	at com.alibaba.nacos.shaded.io.grpc.internal.ClientCallImpl.closeObserver(ClientCallImpl.java:510) ~[nacos-client-2.0.4.jar:na]
	at com.alibaba.nacos.shaded.io.grpc.internal.ClientCallImpl.access$300(ClientCallImpl.java:66) ~[nacos-client-2.0.4.jar:na]
	at com.alibaba.nacos.shaded.io.grpc.internal.ClientCallImpl$ClientStreamListenerImpl.close(ClientCallImpl.java:630) ~[nacos-client-2.0.4.jar:na]
	at com.alibaba.nacos.shaded.io.grpc.internal.ClientCallImpl$ClientStreamListenerImpl.access$700(ClientCallImpl.java:518) ~[nacos-client-2.0.4.jar:na]
	at com.alibaba.nacos.shaded.io.grpc.internal.ClientCallImpl$ClientStreamListenerImpl$1StreamClosed.runInternal(ClientCallImpl.java:692) ~[nacos-client-2.0.4.jar:na]
	at com.alibaba.nacos.shaded.io.grpc.internal.ClientCallImpl$ClientStreamListenerImpl$1StreamClosed.runInContext(ClientCallImpl.java:681) ~[nacos-client-2.0.4.jar:na]
	at com.alibaba.nacos.shaded.io.grpc.internal.ContextRunnable.run(ContextRunnable.java:37) ~[nacos-client-2.0.4.jar:na]
	at com.alibaba.nacos.shaded.io.grpc.internal.SerializingExecutor.run(SerializingExecutor.java:123) ~[nacos-client-2.0.4.jar:na]
	at java.base/java.util.concurrent.ThreadPoolExecutor.runWorker(ThreadPoolExecutor.java:1128) ~[na:na]
	at java.base/java.util.concurrent.ThreadPoolExecutor$Worker.run(ThreadPoolExecutor.java:628) ~[na:na]
	at java.base/java.lang.Thread.run(Thread.java:834) ~[na:na]
Caused by: java.io.IOException: 远程主机强迫关闭了一个现有的连接。
	at java.base/sun.nio.ch.SocketDispatcher.read0(Native Method) ~[na:na]
	at java.base/sun.nio.ch.SocketDispatcher.read(SocketDispatcher.java:43) ~[na:na]
	at java.base/sun.nio.ch.IOUtil.readIntoNativeBuffer(IOUtil.java:276) ~[na:na]
	at java.base/sun.nio.ch.IOUtil.read(IOUtil.java:233) ~[na:na]
	at java.base/sun.nio.ch.IOUtil.read(IOUtil.java:223) ~[na:na]
	at java.base/sun.nio.ch.SocketChannelImpl.read(SocketChannelImpl.java:358) ~[na:na]
	at com.alibaba.nacos.shaded.io.grpc.netty.shaded.io.netty.buffer.PooledByteBuf.setBytes(PooledByteBuf.java:247) ~[nacos-client-2.0.4.jar:na]
	at com.alibaba.nacos.shaded.io.grpc.netty.shaded.io.netty.buffer.AbstractByteBuf.writeBytes(AbstractByteBuf.java:1140) ~[nacos-client-2.0.4.jar:na]
	at com.alibaba.nacos.shaded.io.grpc.netty.shaded.io.netty.channel.socket.nio.NioSocketChannel.doReadBytes(NioSocketChannel.java:347) ~[nacos-client-2.0.4.jar:na]
	at com.alibaba.nacos.shaded.io.grpc.netty.shaded.io.netty.channel.nio.AbstractNioByteChannel$NioByteUnsafe.read(AbstractNioByteChannel.java:148) ~[nacos-client-2.0.4.jar:na]
	at com.alibaba.nacos.shaded.io.grpc.netty.shaded.io.netty.channel.nio.NioEventLoop.processSelectedKey(NioEventLoop.java:697) ~[nacos-client-2.0.4.jar:na]
	at com.alibaba.nacos.shaded.io.grpc.netty.shaded.io.netty.channel.nio.NioEventLoop.processSelectedKeysOptimized(NioEventLoop.java:632) ~[nacos-client-2.0.4.jar:na]
	at com.alibaba.nacos.shaded.io.grpc.netty.shaded.io.netty.channel.nio.NioEventLoop.processSelectedKeys(NioEventLoop.java:549) ~[nacos-client-2.0.4.jar:na]
	at com.alibaba.nacos.shaded.io.grpc.netty.shaded.io.netty.channel.nio.NioEventLoop.run(NioEventLoop.java:511) ~[nacos-client-2.0.4.jar:na]
	at com.alibaba.nacos.shaded.io.grpc.netty.shaded.io.netty.util.concurrent.SingleThreadEventExecutor$5.run(SingleThreadEventExecutor.java:918) ~[nacos-client-2.0.4.jar:na]
	at com.alibaba.nacos.shaded.io.grpc.netty.shaded.io.netty.util.internal.ThreadExecutorMap$2.run(ThreadExecutorMap.java:74) ~[nacos-client-2.0.4.jar:na]
	at com.alibaba.nacos.shaded.io.grpc.netty.shaded.io.netty.util.concurrent.FastThreadLocalRunnable.run(FastThreadLocalRunnable.java:30) ~[nacos-client-2.0.4.jar:na]
	... 1 common frames omitted

14:50:10:076  INFO 21524 --- [com.alibaba.nacos.client.remote.worker] com.alibaba.nacos.common.remote.client   : [8996ad41-bfd7-4555-9513-85d896a18ec0] Try to reconnect to a new server, server is  not appointed, will choose a random server.
14:50:10:746 ERROR 21484 --- [com.alibaba.nacos.client.naming.updater.2] com.alibaba.nacos.common.remote.client   : Send request fail, request = ServiceQueryRequest{headers={app=unknown}, requestId='null'}, retryTimes = 0, errorMessage = Client not connected, current status:UNHEALTHY
14:50:10:825  INFO 21524 --- [com.alibaba.nacos.client.remote.worker] com.alibaba.nacos.common.remote.client   : [8996ad41-bfd7-4555-9513-85d896a18ec0] Success to connect a server [192.168.150.101:8848], connectionId = 1777753997313_192.168.150.1_53258
14:50:10:825  INFO 21524 --- [com.alibaba.nacos.client.remote.worker] com.alibaba.nacos.common.remote.client   : [8996ad41-bfd7-4555-9513-85d896a18ec0] Abandon prev connection, server is 192.168.150.101:8848, connectionId is 1777753961172_192.168.150.1_53254
14:50:10:825  INFO 21524 --- [com.alibaba.nacos.client.remote.worker] com.alibaba.nacos.common.remote.client   : Close current connection 1777753961172_192.168.150.1_53254
14:50:10:826  INFO 21524 --- [com.alibaba.nacos.client.remote.worker] com.alibaba.nacos.common.remote.client   : [8996ad41-bfd7-4555-9513-85d896a18ec0] Notify disconnected event to listeners
14:50:10:826  INFO 21524 --- [com.alibaba.nacos.client.remote.worker] com.alibaba.nacos.common.remote.client   : [8996ad41-bfd7-4555-9513-85d896a18ec0] Notify connected event to listeners.
14:50:10:856 ERROR 21484 --- [com.alibaba.nacos.client.naming.updater.2] com.alibaba.nacos.common.remote.client   : Send request fail, request = ServiceQueryRequest{headers={app=unknown}, requestId='null'}, retryTimes = 1, errorMessage = Client not connected, current status:UNHEALTHY
14:50:10:856  INFO 21484 --- [com.alibaba.nacos.client.remote.worker] com.alibaba.nacos.common.remote.client   : [73d0a60b-f6b2-4bd9-a577-31bdfa116504] Success to connect a server [192.168.150.101:8848], connectionId = 1777753997318_192.168.150.1_53257
14:50:10:856  INFO 21484 --- [com.alibaba.nacos.client.remote.worker] com.alibaba.nacos.common.remote.client   : [73d0a60b-f6b2-4bd9-a577-31bdfa116504] Abandon prev connection, server is 192.168.150.101:8848, connectionId is 1777753961173_192.168.150.1_53255
14:50:10:856  INFO 21484 --- [com.alibaba.nacos.client.remote.worker] com.alibaba.nacos.common.remote.client   : Close current connection 1777753961173_192.168.150.1_53255
14:50:10:856  INFO 21484 --- [com.alibaba.nacos.client.remote.worker] com.alibaba.nacos.common.remote.client   : [73d0a60b-f6b2-4bd9-a577-31bdfa116504] Notify disconnected event to listeners
14:50:10:856  INFO 21484 --- [com.alibaba.nacos.client.remote.worker] com.alibaba.nacos.common.remote.client   : [73d0a60b-f6b2-4bd9-a577-31bdfa116504] Notify connected event to listeners.
14:50:10:967 ERROR 21484 --- [com.alibaba.nacos.client.naming.updater.2] com.alibaba.nacos.common.remote.client   : Send request fail, request = ServiceQueryRequest{headers={app=unknown}, requestId='null'}, retryTimes = 2, errorMessage = Client not connected, current status:UNHEALTHY
14:50:10:967  INFO 21484 --- [com.alibaba.nacos.client.remote.worker] com.alibaba.nacos.common.remote.client   : [73d0a60b-f6b2-4bd9-a577-31bdfa116504] Server check success, currentServer is 192.168.150.101:8848 
14:50:12:523  INFO 21524 --- [nacos-grpc-client-executor-3528] com.alibaba.nacos.common.remote.client   : [8996ad41-bfd7-4555-9513-85d896a18ec0] Receive server push request, request = NotifySubscriberRequest, requestId = 34
14:50:12:536  INFO 21524 --- [nacos-grpc-client-executor-3528] com.alibaba.nacos.common.remote.client   : [8996ad41-bfd7-4555-9513-85d896a18ec0] Ack server push request, request = NotifySubscriberRequest, requestId = 34
14:50:13:301  INFO 21524 --- [nacos-grpc-client-executor-3529] com.alibaba.nacos.common.remote.client   : [8996ad41-bfd7-4555-9513-85d896a18ec0] Receive server push request, request = NotifySubscriberRequest, requestId = 35
14:50:13:301  INFO 21484 --- [nacos-grpc-client-executor-3532] com.alibaba.nacos.common.remote.client   : [73d0a60b-f6b2-4bd9-a577-31bdfa116504] Receive server push request, request = NotifySubscriberRequest, requestId = 36
14:50:13:301  INFO 21484 --- [nacos-grpc-client-executor-3532] com.alibaba.nacos.common.remote.client   : [73d0a60b-f6b2-4bd9-a577-31bdfa116504] Ack server push request, request = NotifySubscriberRequest, requestId = 36
14:50:13:309  INFO 21524 --- [nacos-grpc-client-executor-3529] com.alibaba.nacos.common.remote.client   : [8996ad41-bfd7-4555-9513-85d896a18ec0] Ack server push request, request = NotifySubscriberRequest, requestId = 35
14:50:46:059  INFO 21524 --- [nacos-grpc-client-executor-3531] com.alibaba.nacos.common.remote.client   : [8996ad41-bfd7-4555-9513-85d896a18ec0] Receive server push request, request = ClientDetectionRequest, requestId = 39
14:50:46:059  INFO 21484 --- [nacos-grpc-client-executor-3533] com.alibaba.nacos.common.remote.client   : [73d0a60b-f6b2-4bd9-a577-31bdfa116504] Receive server push request, request = ClientDetectionRequest, requestId = 40
14:50:46:059  INFO 21524 --- [nacos-grpc-client-executor-3531] com.alibaba.nacos.common.remote.client   : [8996ad41-bfd7-4555-9513-85d896a18ec0] Ack server push request, request = ClientDetectionRequest, requestId = 39
14:50:46:059  INFO 21484 --- [nacos-grpc-client-executor-3533] com.alibaba.nacos.common.remote.client   : [73d0a60b-f6b2-4bd9-a577-31bdfa116504] Ack server push request, request = ClientDetectionRequest, requestId = 40
14:51:06:105  WARN 21524 --- [HikariPool-1 housekeeper] com.zaxxer.hikari.pool.HikariPool        : HikariPool-1 - Thread starvation or clock leap detected (housekeeper delta=1m27s183ms435µs600ns).
14:51:09:546  WARN 21484 --- [HikariPool-1 housekeeper] com.zaxxer.hikari.pool.HikariPool        : HikariPool-1 - Thread starvation or clock leap detected (housekeeper delta=1m27s182ms876µs600ns).
19:42:50:924  WARN 21484 --- [HikariPool-1 housekeeper] com.zaxxer.hikari.pool.HikariPool        : HikariPool-1 - Thread starvation or clock leap detected (housekeeper delta=1h39m40s963ms849µs900ns).
19:43:17:456  WARN 21524 --- [HikariPool-1 housekeeper] com.zaxxer.hikari.pool.HikariPool        : HikariPool-1 - Thread starvation or clock leap detected (housekeeper delta=1h39m40s956ms376µs200ns).
04:23:03:712  WARN 21524 --- [HikariPool-1 housekeeper] com.zaxxer.hikari.pool.HikariPool        : HikariPool-1 - Thread starvation or clock leap detected (housekeeper delta=56m15s245ms592µs900ns).
04:23:07:211  WARN 21484 --- [HikariPool-1 housekeeper] com.zaxxer.hikari.pool.HikariPool        : HikariPool-1 - Thread starvation or clock leap detected (housekeeper delta=56m15s242ms379µs100ns).
13:50:43:179 ERROR 21484 --- [nacos-grpc-client-executor-13707] c.a.n.c.remote.client.grpc.GrpcClient    : [1777753997318_192.168.150.1_53257]Request stream error, switch server,error={}

com.alibaba.nacos.shaded.io.grpc.StatusRuntimeException: UNAVAILABLE: io exception
	at com.alibaba.nacos.shaded.io.grpc.Status.asRuntimeException(Status.java:533) ~[nacos-client-2.0.4.jar:na]
	at com.alibaba.nacos.shaded.io.grpc.stub.ClientCalls$StreamObserverToCallListenerAdapter.onClose(ClientCalls.java:442) ~[nacos-client-2.0.4.jar:na]
	at com.alibaba.nacos.shaded.io.grpc.PartialForwardingClientCallListener.onClose(PartialForwardingClientCallListener.java:39) ~[nacos-client-2.0.4.jar:na]
	at com.alibaba.nacos.shaded.io.grpc.ForwardingClientCallListener.onClose(ForwardingClientCallListener.java:23) ~[nacos-client-2.0.4.jar:na]
	at com.alibaba.nacos.shaded.io.grpc.ForwardingClientCallListener$SimpleForwardingClientCallListener.onClose(ForwardingClientCallListener.java:40) ~[nacos-client-2.0.4.jar:na]
	at com.alibaba.nacos.shaded.io.grpc.internal.CensusStatsModule$StatsClientInterceptor$1$1.onClose(CensusStatsModule.java:700) ~[nacos-client-2.0.4.jar:na]
	at com.alibaba.nacos.shaded.io.grpc.PartialForwardingClientCallListener.onClose(PartialForwardingClientCallListener.java:39) ~[nacos-client-2.0.4.jar:na]
	at com.alibaba.nacos.shaded.io.grpc.ForwardingClientCallListener.onClose(ForwardingClientCallListener.java:23) ~[nacos-client-2.0.4.jar:na]
	at com.alibaba.nacos.shaded.io.grpc.ForwardingClientCallListener$SimpleForwardingClientCallListener.onClose(ForwardingClientCallListener.java:40) ~[nacos-client-2.0.4.jar:na]
	at com.alibaba.nacos.shaded.io.grpc.internal.CensusTracingModule$TracingClientInterceptor$1$1.onClose(CensusTracingModule.java:399) ~[nacos-client-2.0.4.jar:na]
	at com.alibaba.nacos.shaded.io.grpc.internal.ClientCallImpl.closeObserver(ClientCallImpl.java:510) ~[nacos-client-2.0.4.jar:na]
	at com.alibaba.nacos.shaded.io.grpc.internal.ClientCallImpl.access$300(ClientCallImpl.java:66) ~[nacos-client-2.0.4.jar:na]
	at com.alibaba.nacos.shaded.io.grpc.internal.ClientCallImpl$ClientStreamListenerImpl.close(ClientCallImpl.java:630) ~[nacos-client-2.0.4.jar:na]
	at com.alibaba.nacos.shaded.io.grpc.internal.ClientCallImpl$ClientStreamListenerImpl.access$700(ClientCallImpl.java:518) ~[nacos-client-2.0.4.jar:na]
	at com.alibaba.nacos.shaded.io.grpc.internal.ClientCallImpl$ClientStreamListenerImpl$1StreamClosed.runInternal(ClientCallImpl.java:692) ~[nacos-client-2.0.4.jar:na]
	at com.alibaba.nacos.shaded.io.grpc.internal.ClientCallImpl$ClientStreamListenerImpl$1StreamClosed.runInContext(ClientCallImpl.java:681) ~[nacos-client-2.0.4.jar:na]
	at com.alibaba.nacos.shaded.io.grpc.internal.ContextRunnable.run(ContextRunnable.java:37) ~[nacos-client-2.0.4.jar:na]
	at com.alibaba.nacos.shaded.io.grpc.internal.SerializingExecutor.run(SerializingExecutor.java:123) ~[nacos-client-2.0.4.jar:na]
	at java.base/java.util.concurrent.ThreadPoolExecutor.runWorker(ThreadPoolExecutor.java:1128) ~[na:na]
	at java.base/java.util.concurrent.ThreadPoolExecutor$Worker.run(ThreadPoolExecutor.java:628) ~[na:na]
	at java.base/java.lang.Thread.run(Thread.java:834) ~[na:na]
Caused by: java.io.IOException: 远程主机强迫关闭了一个现有的连接。
	at java.base/sun.nio.ch.SocketDispatcher.read0(Native Method) ~[na:na]
	at java.base/sun.nio.ch.SocketDispatcher.read(SocketDispatcher.java:43) ~[na:na]
	at java.base/sun.nio.ch.IOUtil.readIntoNativeBuffer(IOUtil.java:276) ~[na:na]
	at java.base/sun.nio.ch.IOUtil.read(IOUtil.java:233) ~[na:na]
	at java.base/sun.nio.ch.IOUtil.read(IOUtil.java:223) ~[na:na]
	at java.base/sun.nio.ch.SocketChannelImpl.read(SocketChannelImpl.java:358) ~[na:na]
	at com.alibaba.nacos.shaded.io.grpc.netty.shaded.io.netty.buffer.PooledByteBuf.setBytes(PooledByteBuf.java:247) ~[nacos-client-2.0.4.jar:na]
	at com.alibaba.nacos.shaded.io.grpc.netty.shaded.io.netty.buffer.AbstractByteBuf.writeBytes(AbstractByteBuf.java:1140) ~[nacos-client-2.0.4.jar:na]
	at com.alibaba.nacos.shaded.io.grpc.netty.shaded.io.netty.channel.socket.nio.NioSocketChannel.doReadBytes(NioSocketChannel.java:347) ~[nacos-client-2.0.4.jar:na]
	at com.alibaba.nacos.shaded.io.grpc.netty.shaded.io.netty.channel.nio.AbstractNioByteChannel$NioByteUnsafe.read(AbstractNioByteChannel.java:148) ~[nacos-client-2.0.4.jar:na]
	at com.alibaba.nacos.shaded.io.grpc.netty.shaded.io.netty.channel.nio.NioEventLoop.processSelectedKey(NioEventLoop.java:697) ~[nacos-client-2.0.4.jar:na]
	at com.alibaba.nacos.shaded.io.grpc.netty.shaded.io.netty.channel.nio.NioEventLoop.processSelectedKeysOptimized(NioEventLoop.java:632) ~[nacos-client-2.0.4.jar:na]
	at com.alibaba.nacos.shaded.io.grpc.netty.shaded.io.netty.channel.nio.NioEventLoop.processSelectedKeys(NioEventLoop.java:549) ~[nacos-client-2.0.4.jar:na]
	at com.alibaba.nacos.shaded.io.grpc.netty.shaded.io.netty.channel.nio.NioEventLoop.run(NioEventLoop.java:511) ~[nacos-client-2.0.4.jar:na]
	at com.alibaba.nacos.shaded.io.grpc.netty.shaded.io.netty.util.concurrent.SingleThreadEventExecutor$5.run(SingleThreadEventExecutor.java:918) ~[nacos-client-2.0.4.jar:na]
	at com.alibaba.nacos.shaded.io.grpc.netty.shaded.io.netty.util.internal.ThreadExecutorMap$2.run(ThreadExecutorMap.java:74) ~[nacos-client-2.0.4.jar:na]
	at com.alibaba.nacos.shaded.io.grpc.netty.shaded.io.netty.util.concurrent.FastThreadLocalRunnable.run(FastThreadLocalRunnable.java:30) ~[nacos-client-2.0.4.jar:na]
	... 1 common frames omitted

13:50:43:502  INFO 21484 --- [com.alibaba.nacos.client.remote.worker] com.alibaba.nacos.common.remote.client   : [73d0a60b-f6b2-4bd9-a577-31bdfa116504] Server healthy check fail, currentConnection = 1777753997318_192.168.150.1_53257
13:50:43:504  INFO 21484 --- [com.alibaba.nacos.client.remote.worker] com.alibaba.nacos.common.remote.client   : [73d0a60b-f6b2-4bd9-a577-31bdfa116504] Try to reconnect to a new server, server is  not appointed, will choose a random server.
13:50:43:663  INFO 21484 --- [com.alibaba.nacos.client.remote.worker] com.alibaba.nacos.common.remote.client   : [73d0a60b-f6b2-4bd9-a577-31bdfa116504] Success to connect a server [192.168.150.101:8848], connectionId = 1777808831182_192.168.150.1_50566
13:50:43:663  INFO 21484 --- [com.alibaba.nacos.client.remote.worker] com.alibaba.nacos.common.remote.client   : [73d0a60b-f6b2-4bd9-a577-31bdfa116504] Abandon prev connection, server is 192.168.150.101:8848, connectionId is 1777753997318_192.168.150.1_53257
13:50:43:663  INFO 21484 --- [com.alibaba.nacos.client.remote.worker] com.alibaba.nacos.common.remote.client   : Close current connection 1777753997318_192.168.150.1_53257
13:50:43:665  INFO 21484 --- [com.alibaba.nacos.client.remote.worker] com.alibaba.nacos.common.remote.client   : [73d0a60b-f6b2-4bd9-a577-31bdfa116504] Try to reconnect to a new server, server is  not appointed, will choose a random server.
13:50:43:665  INFO 21484 --- [com.alibaba.nacos.client.remote.worker] com.alibaba.nacos.common.remote.client   : [73d0a60b-f6b2-4bd9-a577-31bdfa116504] Notify disconnected event to listeners
13:50:43:690  INFO 21484 --- [com.alibaba.nacos.client.remote.worker] com.alibaba.nacos.common.remote.client   : [73d0a60b-f6b2-4bd9-a577-31bdfa116504] Notify connected event to listeners.
13:50:43:868  INFO 21484 --- [com.alibaba.nacos.client.remote.worker] com.alibaba.nacos.common.remote.client   : [73d0a60b-f6b2-4bd9-a577-31bdfa116504] Success to connect a server [192.168.150.101:8848], connectionId = 1777808831375_192.168.150.1_50576
13:50:43:868  INFO 21484 --- [com.alibaba.nacos.client.remote.worker] com.alibaba.nacos.common.remote.client   : [73d0a60b-f6b2-4bd9-a577-31bdfa116504] Abandon prev connection, server is 192.168.150.101:8848, connectionId is 1777808831182_192.168.150.1_50566
13:50:43:868  INFO 21484 --- [com.alibaba.nacos.client.remote.worker] com.alibaba.nacos.common.remote.client   : Close current connection 1777808831182_192.168.150.1_50566
13:50:43:870  INFO 21484 --- [com.alibaba.nacos.client.remote.worker] com.alibaba.nacos.common.remote.client   : [73d0a60b-f6b2-4bd9-a577-31bdfa116504] Notify disconnected event to listeners
13:50:43:870  INFO 21484 --- [com.alibaba.nacos.client.remote.worker] com.alibaba.nacos.common.remote.client   : [73d0a60b-f6b2-4bd9-a577-31bdfa116504] Notify connected event to listeners.
13:50:43:906  WARN 21484 --- [nacos-grpc-client-executor-13717] c.a.n.c.remote.client.grpc.GrpcClient    : [1777808831182_192.168.150.1_50566]Ignore error event,isRunning:true,isAbandon=true
13:50:45:173  INFO 21484 --- [nacos-grpc-client-executor-13720] com.alibaba.nacos.common.remote.client   : [73d0a60b-f6b2-4bd9-a577-31bdfa116504] Receive server push request, request = NotifySubscriberRequest, requestId = 53
13:50:45:177  INFO 21484 --- [nacos-grpc-client-executor-13720] com.alibaba.nacos.common.remote.client   : [73d0a60b-f6b2-4bd9-a577-31bdfa116504] Ack server push request, request = NotifySubscriberRequest, requestId = 53
13:50:45:192  INFO 21524 --- [nacos-grpc-client-executor-13704] com.alibaba.nacos.common.remote.client   : [8996ad41-bfd7-4555-9513-85d896a18ec0] Receive server push request, request = NotifySubscriberRequest, requestId = 52
13:50:45:203  INFO 21524 --- [nacos-grpc-client-executor-13704] com.alibaba.nacos.common.remote.client   : [8996ad41-bfd7-4555-9513-85d896a18ec0] Ack server push request, request = NotifySubscriberRequest, requestId = 52
13:51:00:683  INFO 21524 --- [nacos-grpc-client-executor-13708] com.alibaba.nacos.common.remote.client   : [8996ad41-bfd7-4555-9513-85d896a18ec0] Receive server push request, request = NotifySubscriberRequest, requestId = 76
13:51:00:683  INFO 21524 --- [nacos-grpc-client-executor-13708] com.alibaba.nacos.common.remote.client   : [8996ad41-bfd7-4555-9513-85d896a18ec0] Ack server push request, request = NotifySubscriberRequest, requestId = 76
13:51:00:925  INFO 21484 --- [nacos-grpc-client-executor-13723] com.alibaba.nacos.common.remote.client   : [73d0a60b-f6b2-4bd9-a577-31bdfa116504] Receive server push request, request = NotifySubscriberRequest, requestId = 78
13:51:00:926  INFO 21484 --- [nacos-grpc-client-executor-13723] com.alibaba.nacos.common.remote.client   : [73d0a60b-f6b2-4bd9-a577-31bdfa116504] Ack server push request, request = NotifySubscriberRequest, requestId = 78
13:51:04:873  WARN 21524 --- [HikariPool-1 housekeeper] com.zaxxer.hikari.pool.HikariPool        : HikariPool-1 - Thread starvation or clock leap detected (housekeeper delta=6h22m30s437ms145µs600ns).
13:51:08:402  WARN 21484 --- [HikariPool-1 housekeeper] com.zaxxer.hikari.pool.HikariPool        : HikariPool-1 - Thread starvation or clock leap detected (housekeeper delta=6h22m30s433ms917µs300ns).
15:22:25:782  INFO 21524 --- [com.alibaba.nacos.client.remote.worker] com.alibaba.nacos.common.remote.client   : [8996ad41-bfd7-4555-9513-85d896a18ec0] Server healthy check fail, currentConnection = 1777753997313_192.168.150.1_53258
15:22:25:785  INFO 21524 --- [com.alibaba.nacos.client.remote.worker] com.alibaba.nacos.common.remote.client   : [8996ad41-bfd7-4555-9513-85d896a18ec0] Try to reconnect to a new server, server is  not appointed, will choose a random server.
15:22:26:027  INFO 21524 --- [com.alibaba.nacos.client.remote.worker] com.alibaba.nacos.common.remote.client   : [8996ad41-bfd7-4555-9513-85d896a18ec0] Success to connect a server [192.168.150.101:8848], connectionId = 1777814792473_192.168.150.1_56027
15:22:26:027  INFO 21524 --- [com.alibaba.nacos.client.remote.worker] com.alibaba.nacos.common.remote.client   : [8996ad41-bfd7-4555-9513-85d896a18ec0] Abandon prev connection, server is 192.168.150.101:8848, connectionId is 1777753997313_192.168.150.1_53258
15:22:26:027  INFO 21524 --- [com.alibaba.nacos.client.remote.worker] com.alibaba.nacos.common.remote.client   : Close current connection 1777753997313_192.168.150.1_53258
15:22:26:029  INFO 21524 --- [com.alibaba.nacos.client.remote.worker] com.alibaba.nacos.common.remote.client   : [8996ad41-bfd7-4555-9513-85d896a18ec0] Notify disconnected event to listeners
15:22:26:035  INFO 21524 --- [com.alibaba.nacos.client.remote.worker] com.alibaba.nacos.common.remote.client   : [8996ad41-bfd7-4555-9513-85d896a18ec0] Notify connected event to listeners.
15:22:26:047  WARN 21524 --- [nacos-grpc-client-executor-14803] c.a.n.c.remote.client.grpc.GrpcClient    : [1777753997313_192.168.150.1_53258]Ignore error event,isRunning:true,isAbandon=true
15:22:26:569  INFO 21484 --- [nacos-grpc-client-executor-14820] com.alibaba.nacos.common.remote.client   : [73d0a60b-f6b2-4bd9-a577-31bdfa116504] Receive server push request, request = NotifySubscriberRequest, requestId = 85
15:22:26:589  INFO 21484 --- [nacos-grpc-client-executor-14820] com.alibaba.nacos.common.remote.client   : [73d0a60b-f6b2-4bd9-a577-31bdfa116504] Ack server push request, request = NotifySubscriberRequest, requestId = 85
15:22:28:772  INFO 21484 --- [nacos-grpc-client-executor-14821] com.alibaba.nacos.common.remote.client   : [73d0a60b-f6b2-4bd9-a577-31bdfa116504] Receive server push request, request = NotifySubscriberRequest, requestId = 88
15:22:28:773  INFO 21524 --- [nacos-grpc-client-executor-14806] com.alibaba.nacos.common.remote.client   : [8996ad41-bfd7-4555-9513-85d896a18ec0] Receive server push request, request = NotifySubscriberRequest, requestId = 89
15:22:28:773  INFO 21524 --- [nacos-grpc-client-executor-14806] com.alibaba.nacos.common.remote.client   : [8996ad41-bfd7-4555-9513-85d896a18ec0] Ack server push request, request = NotifySubscriberRequest, requestId = 89
15:22:28:782  INFO 21484 --- [nacos-grpc-client-executor-14821] com.alibaba.nacos.common.remote.client   : [73d0a60b-f6b2-4bd9-a577-31bdfa116504] Ack server push request, request = NotifySubscriberRequest, requestId = 88
15:22:49:045  INFO 21524 --- [com.alibaba.nacos.client.remote.worker] com.alibaba.nacos.common.remote.client   : [8996ad41-bfd7-4555-9513-85d896a18ec0] Server healthy check fail, currentConnection = 1777814792473_192.168.150.1_56027
15:22:49:045  INFO 21524 --- [com.alibaba.nacos.client.remote.worker] com.alibaba.nacos.common.remote.client   : [8996ad41-bfd7-4555-9513-85d896a18ec0] Try to reconnect to a new server, server is  not appointed, will choose a random server.
15:22:49:783 ERROR 21524 --- [com.alibaba.nacos.client.naming.updater.6] com.alibaba.nacos.common.remote.client   : Send request fail, request = ServiceQueryRequest{headers={}, requestId='null'}, retryTimes = 0, errorMessage = java.util.concurrent.TimeoutException: Waited 3000 milliseconds (plus 1 milliseconds, 470100 nanoseconds delay) for com.alibaba.nacos.shaded.io.grpc.stub.ClientCalls$GrpcFuture@404dd7d2[status=PENDING, info=[GrpcFuture{clientCall={delegate={delegate=ClientCallImpl{method=MethodDescriptor{fullMethodName=Request/request, type=UNARY, idempotent=false, safe=false, sampledToLocalTracing=true, requestMarshaller=com.alibaba.nacos.shaded.io.grpc.protobuf.lite.ProtoLiteUtils$MessageMarshaller@1d3e85cf, responseMarshaller=com.alibaba.nacos.shaded.io.grpc.protobuf.lite.ProtoLiteUtils$MessageMarshaller@30b1807c, schemaDescriptor=com.alibaba.nacos.api.grpc.auto.RequestGrpc$RequestMethodDescriptorSupplier@42bbc8fa}}}}}]]
15:22:51:898 ERROR 21524 --- [com.alibaba.nacos.client.naming.updater.6] com.alibaba.nacos.common.remote.client   : Send request fail, request = ServiceQueryRequest{headers={app=unknown}, requestId='null'}, retryTimes = 0, errorMessage = Client not connected, current status:UNHEALTHY
15:22:52:000 ERROR 21524 --- [com.alibaba.nacos.client.naming.updater.6] com.alibaba.nacos.common.remote.client   : Send request fail, request = ServiceQueryRequest{headers={app=unknown}, requestId='null'}, retryTimes = 1, errorMessage = Client not connected, current status:UNHEALTHY
15:22:52:050 ERROR 21524 --- [com.alibaba.nacos.client.remote.worker] c.a.n.c.remote.client.grpc.GrpcClient    : Server check fail, please check server 192.168.150.101 ,port 9848 is available , error ={}

java.util.concurrent.TimeoutException: Waited 3000 milliseconds (plus 2 milliseconds, 134000 nanoseconds delay) for com.alibaba.nacos.shaded.io.grpc.stub.ClientCalls$GrpcFuture@39afb1e7[status=PENDING, info=[GrpcFuture{clientCall={delegate={delegate=ClientCallImpl{method=MethodDescriptor{fullMethodName=Request/request, type=UNARY, idempotent=false, safe=false, sampledToLocalTracing=true, requestMarshaller=com.alibaba.nacos.shaded.io.grpc.protobuf.lite.ProtoLiteUtils$MessageMarshaller@1d3e85cf, responseMarshaller=com.alibaba.nacos.shaded.io.grpc.protobuf.lite.ProtoLiteUtils$MessageMarshaller@30b1807c, schemaDescriptor=com.alibaba.nacos.api.grpc.auto.RequestGrpc$RequestMethodDescriptorSupplier@42bbc8fa}}}}}]]
	at com.alibaba.nacos.shaded.com.google.common.util.concurrent.AbstractFuture.get(AbstractFuture.java:508) ~[nacos-client-2.0.4.jar:na]
	at com.alibaba.nacos.common.remote.client.grpc.GrpcClient.serverCheck(GrpcClient.java:148) ~[nacos-client-2.0.4.jar:na]
	at com.alibaba.nacos.common.remote.client.grpc.GrpcClient.connectToServer(GrpcClient.java:264) ~[nacos-client-2.0.4.jar:na]
	at com.alibaba.nacos.common.remote.client.RpcClient.reconnect(RpcClient.java:522) ~[nacos-client-2.0.4.jar:na]
	at com.alibaba.nacos.common.remote.client.RpcClient.lambda$start$2(RpcClient.java:370) ~[nacos-client-2.0.4.jar:na]
	at java.base/java.util.concurrent.Executors$RunnableAdapter.call(Executors.java:515) ~[na:na]
	at java.base/java.util.concurrent.FutureTask.run(FutureTask.java:264) ~[na:na]
	at java.base/java.util.concurrent.ScheduledThreadPoolExecutor$ScheduledFutureTask.run(ScheduledThreadPoolExecutor.java:304) ~[na:na]
	at java.base/java.util.concurrent.ThreadPoolExecutor.runWorker(ThreadPoolExecutor.java:1128) ~[na:na]
	at java.base/java.util.concurrent.ThreadPoolExecutor$Worker.run(ThreadPoolExecutor.java:628) ~[na:na]
	at java.base/java.lang.Thread.run(Thread.java:834) ~[na:na]

15:22:52:102 ERROR 21524 --- [com.alibaba.nacos.client.naming.updater.6] com.alibaba.nacos.common.remote.client   : Send request fail, request = ServiceQueryRequest{headers={app=unknown}, requestId='null'}, retryTimes = 2, errorMessage = Client not connected, current status:UNHEALTHY
15:22:52:271  INFO 21524 --- [com.alibaba.nacos.client.remote.worker] com.alibaba.nacos.common.remote.client   : [8996ad41-bfd7-4555-9513-85d896a18ec0] Success to connect a server [192.168.150.101:8848], connectionId = 1777814820907_192.168.150.1_61952
15:22:52:271  INFO 21524 --- [com.alibaba.nacos.client.remote.worker] com.alibaba.nacos.common.remote.client   : [8996ad41-bfd7-4555-9513-85d896a18ec0] Abandon prev connection, server is 192.168.150.101:8848, connectionId is 1777814792473_192.168.150.1_56027
15:22:52:271  INFO 21524 --- [com.alibaba.nacos.client.remote.worker] com.alibaba.nacos.common.remote.client   : Close current connection 1777814792473_192.168.150.1_56027
15:22:52:272  INFO 21524 --- [com.alibaba.nacos.client.remote.worker] com.alibaba.nacos.common.remote.client   : [8996ad41-bfd7-4555-9513-85d896a18ec0] Notify disconnected event to listeners
15:22:52:273  WARN 21524 --- [nacos-grpc-client-executor-14813] c.a.n.c.remote.client.grpc.GrpcClient    : [1777814792473_192.168.150.1_56027]Ignore error event,isRunning:true,isAbandon=true
15:22:52:273  INFO 21524 --- [com.alibaba.nacos.client.remote.worker] com.alibaba.nacos.common.remote.client   : [8996ad41-bfd7-4555-9513-85d896a18ec0] Notify connected event to listeners.
15:22:52:752  INFO 21484 --- [nacos-grpc-client-executor-14826] com.alibaba.nacos.common.remote.client   : [73d0a60b-f6b2-4bd9-a577-31bdfa116504] Receive server push request, request = NotifySubscriberRequest, requestId = 92
15:22:52:752  INFO 21524 --- [nacos-grpc-client-executor-14818] com.alibaba.nacos.common.remote.client   : [8996ad41-bfd7-4555-9513-85d896a18ec0] Receive server push request, request = NotifySubscriberRequest, requestId = 93
15:22:52:752  INFO 21484 --- [nacos-grpc-client-executor-14826] com.alibaba.nacos.common.remote.client   : [73d0a60b-f6b2-4bd9-a577-31bdfa116504] Ack server push request, request = NotifySubscriberRequest, requestId = 92
15:22:52:752  INFO 21524 --- [nacos-grpc-client-executor-14818] com.alibaba.nacos.common.remote.client   : [8996ad41-bfd7-4555-9513-85d896a18ec0] Ack server push request, request = NotifySubscriberRequest, requestId = 93
16:50:11:238  WARN 21524 --- [HikariPool-1 housekeeper] com.zaxxer.hikari.pool.HikariPool        : HikariPool-1 - Thread starvation or clock leap detected (housekeeper delta=6m6s343ms573µs200ns).
16:50:14:792  WARN 21484 --- [HikariPool-1 housekeeper] com.zaxxer.hikari.pool.HikariPool        : HikariPool-1 - Thread starvation or clock leap detected (housekeeper delta=6m6s344ms346µs600ns).
17:08:13:535  WARN 21484 --- [Thread-4] c.a.nacos.common.notify.NotifyCenter     : [NotifyCenter] Start destroying Publisher
17:08:13:536  WARN 21484 --- [Thread-7] c.a.n.common.http.HttpClientBeanHolder   : [HttpClientBeanHolder] Start destroying common HttpClient
17:08:13:536  WARN 21484 --- [Thread-4] c.a.nacos.common.notify.NotifyCenter     : [NotifyCenter] Destruction of the end
17:08:13:541  WARN 21484 --- [Thread-7] c.a.n.common.http.HttpClientBeanHolder   : [HttpClientBeanHolder] Destruction of the end
17:08:14:377  INFO 21484 --- [SpringApplicationShutdownHook] c.a.c.n.registry.NacosServiceRegistry    : De-registering from Nacos Server now...
17:08:14:383  INFO 21484 --- [SpringApplicationShutdownHook] c.a.c.n.registry.NacosServiceRegistry    : De-registration finished.
17:08:14:698  INFO 21484 --- [SpringApplicationShutdownHook] com.alibaba.nacos.common.remote.client   : Shutdown rpc client, set status to shutdown
17:08:14:699  INFO 21484 --- [SpringApplicationShutdownHook] com.alibaba.nacos.common.remote.client   : Shutdown client event executor java.util.concurrent.ScheduledThreadPoolExecutor@6d4c1d3[Running, pool size = 2, active threads = 2, queued tasks = 0, completed tasks = 0]
17:08:14:699  INFO 21484 --- [SpringApplicationShutdownHook] com.alibaba.nacos.common.remote.client   : Close current connection 1777808831375_192.168.150.1_50576
17:08:14:703  INFO 21484 --- [nacos-grpc-client-executor-16029] c.a.n.c.remote.client.grpc.GrpcClient    : [1777808831375_192.168.150.1_50576]Ignore complete event,isRunning:false,isAbandon=false
17:08:14:706  INFO 21484 --- [SpringApplicationShutdownHook] c.a.n.c.remote.client.grpc.GrpcClient    : Shutdown grpc executor java.util.concurrent.ThreadPoolExecutor@2ef84729[Running, pool size = 5, active threads = 0, queued tasks = 0, completed tasks = 16030]
17:08:14:718  INFO 21484 --- [SpringApplicationShutdownHook] com.zaxxer.hikari.HikariDataSource       : HikariPool-1 - Shutdown initiated...
17:08:14:749  INFO 21484 --- [SpringApplicationShutdownHook] com.zaxxer.hikari.HikariDataSource       : HikariPool-1 - Shutdown completed.
17:08:14:884  INFO 21524 --- [nacos-grpc-client-executor-16018] com.alibaba.nacos.common.remote.client   : [8996ad41-bfd7-4555-9513-85d896a18ec0] Receive server push request, request = NotifySubscriberRequest, requestId = 99
17:08:14:897  INFO 21524 --- [nacos-grpc-client-executor-16018] com.alibaba.nacos.common.remote.client   : [8996ad41-bfd7-4555-9513-85d896a18ec0] Ack server push request, request = NotifySubscriberRequest, requestId = 99
17:08:16:564  WARN 21524 --- [Thread-7] c.a.n.common.http.HttpClientBeanHolder   : [HttpClientBeanHolder] Start destroying common HttpClient
17:08:16:565  WARN 21524 --- [Thread-4] c.a.nacos.common.notify.NotifyCenter     : [NotifyCenter] Start destroying Publisher
17:08:16:565  WARN 21524 --- [Thread-4] c.a.nacos.common.notify.NotifyCenter     : [NotifyCenter] Destruction of the end
17:08:16:568  WARN 21524 --- [Thread-7] c.a.n.common.http.HttpClientBeanHolder   : [HttpClientBeanHolder] Destruction of the end
17:08:17:460  INFO 21524 --- [SpringApplicationShutdownHook] c.a.c.n.registry.NacosServiceRegistry    : De-registering from Nacos Server now...
17:08:17:465  INFO 21524 --- [SpringApplicationShutdownHook] c.a.c.n.registry.NacosServiceRegistry    : De-registration finished.
17:08:17:774  INFO 21524 --- [SpringApplicationShutdownHook] com.alibaba.nacos.common.remote.client   : Shutdown rpc client, set status to shutdown
17:08:17:774  INFO 21524 --- [SpringApplicationShutdownHook] com.alibaba.nacos.common.remote.client   : Shutdown client event executor java.util.concurrent.ScheduledThreadPoolExecutor@5e5191b0[Running, pool size = 2, active threads = 2, queued tasks = 0, completed tasks = 0]
17:08:17:774  INFO 21524 --- [SpringApplicationShutdownHook] com.alibaba.nacos.common.remote.client   : Close current connection 1777814820907_192.168.150.1_61952
17:08:17:777  INFO 21524 --- [nacos-grpc-client-executor-16021] c.a.n.c.remote.client.grpc.GrpcClient    : [1777814820907_192.168.150.1_61952]Ignore complete event,isRunning:false,isAbandon=false
17:08:17:778  INFO 21524 --- [SpringApplicationShutdownHook] c.a.n.c.remote.client.grpc.GrpcClient    : Shutdown grpc executor java.util.concurrent.ThreadPoolExecutor@56aa718[Running, pool size = 6, active threads = 0, queued tasks = 0, completed tasks = 16022]
17:08:17:789  INFO 21524 --- [SpringApplicationShutdownHook] com.zaxxer.hikari.HikariDataSource       : HikariPool-1 - Shutdown initiated...
17:08:17:824  INFO 21524 --- [SpringApplicationShutdownHook] com.zaxxer.hikari.HikariDataSource       : HikariPool-1 - Shutdown completed.
17:08:31:224  INFO 29476 --- [main] com.hmall.item.ItemApplication           : Starting ItemApplication using Java 11.0.27 on GYL with PID 29476 (D:\hmsc\code\hmall\item-service\target\classes started by 郭译隆 in D:\hmsc\code\hmall)
17:08:31:226 DEBUG 29476 --- [main] com.hmall.item.ItemApplication           : Running with Spring Boot v2.7.12, Spring v5.3.27
17:08:31:227  INFO 29476 --- [main] com.hmall.item.ItemApplication           : The following 1 profile is active: "local"
17:08:32:200  INFO 29476 --- [main] o.s.cloud.context.scope.GenericScope     : BeanFactory id=db27af37-b44e-3270-9c2b-2a30a5d043a1
17:08:32:604  INFO 29476 --- [main] o.s.b.w.embedded.tomcat.TomcatWebServer  : Tomcat initialized with port(s): 8083 (http)
17:08:32:615  INFO 29476 --- [main] o.apache.catalina.core.StandardService   : Starting service [Tomcat]
17:08:32:615  INFO 29476 --- [main] org.apache.catalina.core.StandardEngine  : Starting Servlet engine: [Apache Tomcat/9.0.75]
17:08:32:786  INFO 29476 --- [main] o.a.c.c.C.[Tomcat].[localhost].[/]       : Initializing Spring embedded WebApplicationContext
17:08:32:787  INFO 29476 --- [main] w.s.c.ServletWebServerApplicationContext : Root WebApplicationContext: initialization completed in 1524 ms
17:08:33:894  INFO 27656 --- [main] com.hmall.item.ItemApplication           : Starting ItemApplication using Java 11.0.27 on GYL with PID 27656 (D:\hmsc\code\hmall\item-service\target\classes started by 郭译隆 in D:\hmsc\code\hmall)
17:08:33:896 DEBUG 27656 --- [main] com.hmall.item.ItemApplication           : Running with Spring Boot v2.7.12, Spring v5.3.27
17:08:33:897  INFO 27656 --- [main] com.hmall.item.ItemApplication           : The following 1 profile is active: "local"
17:08:34:682  INFO 27656 --- [main] o.s.cloud.context.scope.GenericScope     : BeanFactory id=db27af37-b44e-3270-9c2b-2a30a5d043a1
17:08:34:968  INFO 27656 --- [main] o.s.b.w.embedded.tomcat.TomcatWebServer  : Tomcat initialized with port(s): 8081 (http)
17:08:34:976  INFO 27656 --- [main] o.apache.catalina.core.StandardService   : Starting service [Tomcat]
17:08:34:976  INFO 27656 --- [main] org.apache.catalina.core.StandardEngine  : Starting Servlet engine: [Apache Tomcat/9.0.75]
17:08:35:081  INFO 27656 --- [main] o.a.c.c.C.[Tomcat].[localhost].[/]       : Initializing Spring embedded WebApplicationContext
17:08:35:082  INFO 27656 --- [main] w.s.c.ServletWebServerApplicationContext : Root WebApplicationContext: initialization completed in 1151 ms
17:08:37:638  INFO 29476 --- [main] pertySourcedRequestMappingHandlerMapping : Mapped URL path [/v2/api-docs] onto method [springfox.documentation.swagger2.web.Swagger2ControllerWebMvc#getDocumentation(String, HttpServletRequest)]
17:08:39:162  INFO 29476 --- [main] com.alibaba.nacos.common.remote.client   : [RpcClientFactory] create a new rpc client of a980ffb0-7022-4e04-88ee-d20b8f2919c8
17:08:39:224  INFO 29476 --- [main] org.reflections.Reflections              : Reflections took 25 ms to scan 1 urls, producing 3 keys and 6 values 
17:08:39:254  INFO 29476 --- [main] org.reflections.Reflections              : Reflections took 11 ms to scan 1 urls, producing 4 keys and 9 values 
17:08:39:263  INFO 29476 --- [main] org.reflections.Reflections              : Reflections took 6 ms to scan 1 urls, producing 3 keys and 10 values 
17:08:39:268  WARN 29476 --- [main] org.reflections.Reflections              : given scan urls are empty. set urls in the configuration
17:08:39:275  INFO 29476 --- [main] org.reflections.Reflections              : Reflections took 6 ms to scan 1 urls, producing 1 keys and 5 values 
17:08:39:284  INFO 29476 --- [main] org.reflections.Reflections              : Reflections took 6 ms to scan 1 urls, producing 1 keys and 7 values 
17:08:39:293  INFO 29476 --- [main] org.reflections.Reflections              : Reflections took 7 ms to scan 1 urls, producing 2 keys and 8 values 
17:08:39:297  WARN 29476 --- [main] org.reflections.Reflections              : given scan urls are empty. set urls in the configuration
17:08:39:298  INFO 29476 --- [main] com.alibaba.nacos.common.remote.client   : [a980ffb0-7022-4e04-88ee-d20b8f2919c8] RpcClient init label, labels = {module=naming, source=sdk}
17:08:39:300  INFO 29476 --- [main] com.alibaba.nacos.common.remote.client   : [a980ffb0-7022-4e04-88ee-d20b8f2919c8] RpcClient init, ServerListFactory = com.alibaba.nacos.client.naming.core.ServerListManager
17:08:39:300  INFO 29476 --- [main] com.alibaba.nacos.common.remote.client   : [a980ffb0-7022-4e04-88ee-d20b8f2919c8] Registry connection listener to current client:com.alibaba.nacos.client.naming.remote.gprc.redo.NamingGrpcRedoService
17:08:39:300  INFO 29476 --- [main] com.alibaba.nacos.common.remote.client   : [a980ffb0-7022-4e04-88ee-d20b8f2919c8] Register server push request handler:com.alibaba.nacos.client.naming.remote.gprc.NamingPushRequestHandler
17:08:39:302  INFO 29476 --- [main] com.alibaba.nacos.common.remote.client   : [a980ffb0-7022-4e04-88ee-d20b8f2919c8] Try to connect to server on start up, server: {serverIp = '192.168.150.101', server main port = 8848}
17:08:40:085  INFO 27656 --- [main] pertySourcedRequestMappingHandlerMapping : Mapped URL path [/v2/api-docs] onto method [springfox.documentation.swagger2.web.Swagger2ControllerWebMvc#getDocumentation(String, HttpServletRequest)]
17:08:41:358  INFO 27656 --- [main] com.alibaba.nacos.common.remote.client   : [RpcClientFactory] create a new rpc client of 3011da57-6ed1-47df-b8fc-399c53803a06
17:08:41:392  INFO 27656 --- [main] org.reflections.Reflections              : Reflections took 19 ms to scan 1 urls, producing 3 keys and 6 values 
17:08:41:411  INFO 27656 --- [main] org.reflections.Reflections              : Reflections took 8 ms to scan 1 urls, producing 4 keys and 9 values 
17:08:41:419  INFO 27656 --- [main] org.reflections.Reflections              : Reflections took 6 ms to scan 1 urls, producing 3 keys and 10 values 
17:08:41:422  WARN 27656 --- [main] org.reflections.Reflections              : given scan urls are empty. set urls in the configuration
17:08:41:428  INFO 27656 --- [main] org.reflections.Reflections              : Reflections took 5 ms to scan 1 urls, producing 1 keys and 5 values 
17:08:41:445  INFO 27656 --- [main] org.reflections.Reflections              : Reflections took 16 ms to scan 1 urls, producing 1 keys and 7 values 
17:08:41:453  INFO 27656 --- [main] org.reflections.Reflections              : Reflections took 6 ms to scan 1 urls, producing 2 keys and 8 values 
17:08:41:455  WARN 27656 --- [main] org.reflections.Reflections              : given scan urls are empty. set urls in the configuration
17:08:41:456  INFO 27656 --- [main] com.alibaba.nacos.common.remote.client   : [3011da57-6ed1-47df-b8fc-399c53803a06] RpcClient init label, labels = {module=naming, source=sdk}
17:08:41:457  INFO 27656 --- [main] com.alibaba.nacos.common.remote.client   : [3011da57-6ed1-47df-b8fc-399c53803a06] RpcClient init, ServerListFactory = com.alibaba.nacos.client.naming.core.ServerListManager
17:08:41:457  INFO 27656 --- [main] com.alibaba.nacos.common.remote.client   : [3011da57-6ed1-47df-b8fc-399c53803a06] Registry connection listener to current client:com.alibaba.nacos.client.naming.remote.gprc.redo.NamingGrpcRedoService
17:08:41:458  INFO 27656 --- [main] com.alibaba.nacos.common.remote.client   : [3011da57-6ed1-47df-b8fc-399c53803a06] Register server push request handler:com.alibaba.nacos.client.naming.remote.gprc.NamingPushRequestHandler
17:08:41:459  INFO 27656 --- [main] com.alibaba.nacos.common.remote.client   : [3011da57-6ed1-47df-b8fc-399c53803a06] Try to connect to server on start up, server: {serverIp = '192.168.150.101', server main port = 8848}
17:08:42:663  INFO 29476 --- [main] com.alibaba.nacos.common.remote.client   : [a980ffb0-7022-4e04-88ee-d20b8f2919c8] Success to connect to server [192.168.150.101:8848] on start up, connectionId = 1777821335987_192.168.150.1_65049
17:08:42:663  INFO 29476 --- [com.alibaba.nacos.client.remote.worker] com.alibaba.nacos.common.remote.client   : [a980ffb0-7022-4e04-88ee-d20b8f2919c8] Notify connected event to listeners.
17:08:42:664  INFO 29476 --- [main] com.alibaba.nacos.common.remote.client   : [a980ffb0-7022-4e04-88ee-d20b8f2919c8] Register server push request handler:com.alibaba.nacos.common.remote.client.RpcClient$ConnectResetRequestHandler
17:08:42:665  INFO 29476 --- [main] com.alibaba.nacos.common.remote.client   : [a980ffb0-7022-4e04-88ee-d20b8f2919c8] Register server push request handler:com.alibaba.nacos.common.remote.client.RpcClient$$Lambda$903/0x0000000800653440
17:08:42:730  INFO 29476 --- [main] o.s.b.w.embedded.tomcat.TomcatWebServer  : Tomcat started on port(s): 8083 (http) with context path ''
17:08:42:742  INFO 29476 --- [main] c.a.c.n.registry.NacosServiceRegistry    : nacos registry, DEFAULT_GROUP item-service 192.168.150.1:8083 register finished
17:08:43:220  INFO 29476 --- [nacos-grpc-client-executor-8] com.alibaba.nacos.common.remote.client   : [a980ffb0-7022-4e04-88ee-d20b8f2919c8] Receive server push request, request = NotifySubscriberRequest, requestId = 102
17:08:43:233  INFO 29476 --- [nacos-grpc-client-executor-8] com.alibaba.nacos.common.remote.client   : [a980ffb0-7022-4e04-88ee-d20b8f2919c8] Ack server push request, request = NotifySubscriberRequest, requestId = 102
17:08:43:884  INFO 29476 --- [main] d.s.w.p.DocumentationPluginsBootstrapper : Documentation plugins bootstrapped
17:08:43:887  INFO 29476 --- [main] d.s.w.p.DocumentationPluginsBootstrapper : Found 1 custom documentation plugin(s)
17:08:43:907  INFO 29476 --- [main] s.d.s.w.s.ApiListingReferenceScanner     : Scanning for api listing references
17:08:43:999  INFO 29476 --- [main] com.hmall.item.ItemApplication           : Started ItemApplication in 14.619 seconds (JVM running for 16.044)
17:08:44:630  INFO 27656 --- [main] com.alibaba.nacos.common.remote.client   : [3011da57-6ed1-47df-b8fc-399c53803a06] Success to connect to server [192.168.150.101:8848] on start up, connectionId = 1777821338132_192.168.150.1_65053
17:08:44:631  INFO 27656 --- [com.alibaba.nacos.client.remote.worker] com.alibaba.nacos.common.remote.client   : [3011da57-6ed1-47df-b8fc-399c53803a06] Notify connected event to listeners.
17:08:44:632  INFO 27656 --- [main] com.alibaba.nacos.common.remote.client   : [3011da57-6ed1-47df-b8fc-399c53803a06] Register server push request handler:com.alibaba.nacos.common.remote.client.RpcClient$ConnectResetRequestHandler
17:08:44:632  INFO 27656 --- [main] com.alibaba.nacos.common.remote.client   : [3011da57-6ed1-47df-b8fc-399c53803a06] Register server push request handler:com.alibaba.nacos.common.remote.client.RpcClient$$Lambda$903/0x0000000800653440
17:08:44:696  INFO 27656 --- [main] o.s.b.w.embedded.tomcat.TomcatWebServer  : Tomcat started on port(s): 8081 (http) with context path ''
17:08:44:706  INFO 27656 --- [main] c.a.c.n.registry.NacosServiceRegistry    : nacos registry, DEFAULT_GROUP item-service 192.168.150.1:8081 register finished
17:08:45:196  INFO 29476 --- [nacos-grpc-client-executor-10] com.alibaba.nacos.common.remote.client   : [a980ffb0-7022-4e04-88ee-d20b8f2919c8] Receive server push request, request = NotifySubscriberRequest, requestId = 104
17:08:45:210  INFO 27656 --- [nacos-grpc-client-executor-9] com.alibaba.nacos.common.remote.client   : [3011da57-6ed1-47df-b8fc-399c53803a06] Receive server push request, request = NotifySubscriberRequest, requestId = 105
17:08:45:212  INFO 29476 --- [nacos-grpc-client-executor-10] com.alibaba.nacos.common.remote.client   : [a980ffb0-7022-4e04-88ee-d20b8f2919c8] Ack server push request, request = NotifySubscriberRequest, requestId = 104
17:08:45:212  INFO 27656 --- [nacos-grpc-client-executor-9] com.alibaba.nacos.common.remote.client   : [3011da57-6ed1-47df-b8fc-399c53803a06] Ack server push request, request = NotifySubscriberRequest, requestId = 105
17:08:45:819  INFO 27656 --- [main] d.s.w.p.DocumentationPluginsBootstrapper : Documentation plugins bootstrapped
17:08:45:821  INFO 27656 --- [main] d.s.w.p.DocumentationPluginsBootstrapper : Found 1 custom documentation plugin(s)
17:08:45:841  INFO 27656 --- [main] s.d.s.w.s.ApiListingReferenceScanner     : Scanning for api listing references
17:08:45:935  INFO 27656 --- [main] com.hmall.item.ItemApplication           : Started ItemApplication in 13.851 seconds (JVM running for 15.373)
17:09:37:349  INFO 27656 --- [http-nio-8081-exec-1] o.a.c.c.C.[Tomcat].[localhost].[/]       : Initializing Spring DispatcherServlet 'dispatcherServlet'
17:09:37:349  INFO 27656 --- [http-nio-8081-exec-1] o.s.web.servlet.DispatcherServlet        : Initializing Servlet 'dispatcherServlet'
17:09:37:351  INFO 27656 --- [http-nio-8081-exec-1] o.s.web.servlet.DispatcherServlet        : Completed initialization in 2 ms
17:10:01:471  INFO 27656 --- [http-nio-8081-exec-3] com.zaxxer.hikari.HikariDataSource       : HikariPool-1 - Starting...
17:10:01:763  INFO 27656 --- [http-nio-8081-exec-3] com.zaxxer.hikari.HikariDataSource       : HikariPool-1 - Start completed.
17:10:01:769 DEBUG 27656 --- [http-nio-8081-exec-3] c.h.i.m.ItemMapper.selectPage_mpCount    : ==>  Preparing: SELECT COUNT(*) FROM item WHERE (status = ?)
17:10:01:795 DEBUG 27656 --- [http-nio-8081-exec-3] c.h.i.m.ItemMapper.selectPage_mpCount    : ==> Parameters: 1(Integer)
17:10:02:008 DEBUG 27656 --- [http-nio-8081-exec-3] c.h.i.m.ItemMapper.selectPage_mpCount    : <==      Total: 1
17:10:02:020 DEBUG 27656 --- [http-nio-8081-exec-3] c.h.item.mapper.ItemMapper.selectPage    : ==>  Preparing: SELECT id, name, price, stock, image, category, brand, spec, sold, comment_count, isAD, status, create_time, update_time, creater, updater FROM item WHERE (status = ?) ORDER BY update_time DESC LIMIT ?
17:10:02:021 DEBUG 27656 --- [http-nio-8081-exec-3] c.h.item.mapper.ItemMapper.selectPage    : ==> Parameters: 1(Integer), 20(Long)
17:10:02:061 DEBUG 27656 --- [http-nio-8081-exec-3] c.h.item.mapper.ItemMapper.selectPage    : <==      Total: 20
17:10:12:320 DEBUG 27656 --- [http-nio-8081-exec-4] c.h.i.m.ItemMapper.selectPage_mpCount    : ==>  Preparing: SELECT COUNT(*) FROM item WHERE (status = ?)
17:10:12:320 DEBUG 27656 --- [http-nio-8081-exec-4] c.h.i.m.ItemMapper.selectPage_mpCount    : ==> Parameters: 1(Integer)
17:10:12:357 DEBUG 27656 --- [http-nio-8081-exec-4] c.h.i.m.ItemMapper.selectPage_mpCount    : <==      Total: 1
17:10:12:359 DEBUG 27656 --- [http-nio-8081-exec-4] c.h.item.mapper.ItemMapper.selectPage    : ==>  Preparing: SELECT id, name, price, stock, image, category, brand, spec, sold, comment_count, isAD, status, create_time, update_time, creater, updater FROM item WHERE (status = ?) ORDER BY update_time DESC LIMIT ?
17:10:12:360 DEBUG 27656 --- [http-nio-8081-exec-4] c.h.item.mapper.ItemMapper.selectPage    : ==> Parameters: 1(Integer), 20(Long)
17:10:12:366 DEBUG 27656 --- [http-nio-8081-exec-4] c.h.item.mapper.ItemMapper.selectPage    : <==      Total: 20
17:16:40:320  INFO 29476 --- [http-nio-8083-exec-1] o.a.c.c.C.[Tomcat].[localhost].[/]       : Initializing Spring DispatcherServlet 'dispatcherServlet'
17:16:40:320  INFO 29476 --- [http-nio-8083-exec-1] o.s.web.servlet.DispatcherServlet        : Initializing Servlet 'dispatcherServlet'
17:16:40:323  INFO 29476 --- [http-nio-8083-exec-1] o.s.web.servlet.DispatcherServlet        : Completed initialization in 3 ms
17:16:40:381  INFO 29476 --- [http-nio-8083-exec-1] com.zaxxer.hikari.HikariDataSource       : HikariPool-1 - Starting...
17:16:40:739  INFO 29476 --- [http-nio-8083-exec-1] com.zaxxer.hikari.HikariDataSource       : HikariPool-1 - Start completed.
17:16:40:747 DEBUG 29476 --- [http-nio-8083-exec-1] c.h.i.mapper.ItemMapper.selectBatchIds   : ==>  Preparing: SELECT id,name,price,stock,image,category,brand,spec,sold,comment_count,isAD,status,create_time,update_time,creater,updater FROM item WHERE id IN ( ? )
17:16:40:760 DEBUG 29476 --- [http-nio-8083-exec-1] c.h.i.mapper.ItemMapper.selectBatchIds   : ==> Parameters: 100000006163(Long)
17:16:40:789 DEBUG 29476 --- [http-nio-8083-exec-1] c.h.i.mapper.ItemMapper.selectBatchIds   : <==      Total: 1
00:47:39:270  WARN 29476 --- [HikariPool-1 housekeeper] com.zaxxer.hikari.pool.HikariPool        : HikariPool-1 - Thread starvation or clock leap detected (housekeeper delta=1h3m57s306ms492µs600ns).
00:48:00:277  WARN 27656 --- [HikariPool-1 housekeeper] com.zaxxer.hikari.pool.HikariPool        : HikariPool-1 - Thread starvation or clock leap detected (housekeeper delta=1h3m57s303ms530µs800ns).
01:34:18:793 DEBUG 29476 --- [http-nio-8083-exec-3] c.h.i.m.ItemMapper.selectPage_mpCount    : ==>  Preparing: SELECT COUNT(*) FROM item
01:34:18:797 DEBUG 29476 --- [http-nio-8083-exec-3] c.h.i.m.ItemMapper.selectPage_mpCount    : ==> Parameters: 
01:34:18:975 DEBUG 29476 --- [http-nio-8083-exec-3] c.h.i.m.ItemMapper.selectPage_mpCount    : <==      Total: 1
01:34:18:988 DEBUG 29476 --- [http-nio-8083-exec-3] c.h.item.mapper.ItemMapper.selectPage    : ==>  Preparing: SELECT id, name, price, stock, image, category, brand, spec, sold, comment_count, isAD, status, create_time, update_time, creater, updater FROM item ORDER BY update_time DESC LIMIT ?
01:34:18:990 DEBUG 29476 --- [http-nio-8083-exec-3] c.h.item.mapper.ItemMapper.selectPage    : ==> Parameters: 20(Long)
01:34:19:012 DEBUG 29476 --- [http-nio-8083-exec-3] c.h.item.mapper.ItemMapper.selectPage    : <==      Total: 20
02:15:42:667 DEBUG 29476 --- [http-nio-8083-exec-5] c.h.i.m.ItemMapper.selectPage_mpCount    : ==>  Preparing: SELECT COUNT(*) FROM item WHERE (status = ?)
02:15:42:673 DEBUG 29476 --- [http-nio-8083-exec-5] c.h.i.m.ItemMapper.selectPage_mpCount    : ==> Parameters: 1(Integer)
02:15:42:721 DEBUG 29476 --- [http-nio-8083-exec-5] c.h.i.m.ItemMapper.selectPage_mpCount    : <==      Total: 1
02:15:42:725 DEBUG 29476 --- [http-nio-8083-exec-5] c.h.item.mapper.ItemMapper.selectPage    : ==>  Preparing: SELECT id, name, price, stock, image, category, brand, spec, sold, comment_count, isAD, status, create_time, update_time, creater, updater FROM item WHERE (status = ?) ORDER BY update_time DESC LIMIT ?
02:15:42:725 DEBUG 29476 --- [http-nio-8083-exec-5] c.h.item.mapper.ItemMapper.selectPage    : ==> Parameters: 1(Integer), 20(Long)
02:15:42:737 DEBUG 29476 --- [http-nio-8083-exec-5] c.h.item.mapper.ItemMapper.selectPage    : <==      Total: 20
02:15:45:495 DEBUG 29476 --- [http-nio-8083-exec-4] c.h.i.mapper.ItemMapper.selectBatchIds   : ==>  Preparing: SELECT id,name,price,stock,image,category,brand,spec,sold,comment_count,isAD,status,create_time,update_time,creater,updater FROM item WHERE id IN ( ? )
02:15:45:495 DEBUG 29476 --- [http-nio-8083-exec-4] c.h.i.mapper.ItemMapper.selectBatchIds   : ==> Parameters: 14741770661(Long)
02:15:45:498 DEBUG 29476 --- [http-nio-8083-exec-4] c.h.i.mapper.ItemMapper.selectBatchIds   : <==      Total: 1
02:40:06:276 DEBUG 29476 --- [http-nio-8083-exec-9] c.h.i.mapper.ItemMapper.selectBatchIds   : ==>  Preparing: SELECT id,name,price,stock,image,category,brand,spec,sold,comment_count,isAD,status,create_time,update_time,creater,updater FROM item WHERE id IN ( ? )
02:40:06:276 DEBUG 29476 --- [http-nio-8083-exec-9] c.h.i.mapper.ItemMapper.selectBatchIds   : ==> Parameters: 14741770661(Long)
02:40:06:280 DEBUG 29476 --- [http-nio-8083-exec-9] c.h.i.mapper.ItemMapper.selectBatchIds   : <==      Total: 1
02:40:06:733  WARN 27656 --- [http-nio-8081-exec-6] c.h.item.service.Impl.ItemServiceImpl    : SqlSession [org.apache.ibatis.session.defaults.DefaultSqlSession@8ddf579] Transaction not enabled
02:40:06:745 DEBUG 27656 --- [http-nio-8081-exec-6] c.h.item.mapper.ItemMapper.updateStock   : ==>  Preparing: UPDATE item SET stock = stock - ? WHERE id = ?
02:40:06:753 DEBUG 27656 --- [http-nio-8081-exec-6] c.h.item.mapper.ItemMapper.updateStock   : ==> Parameters: 1(Integer), 14741770661(Long)
12:19:18:487  INFO 29476 --- [com.alibaba.nacos.client.remote.worker] com.alibaba.nacos.common.remote.client   : [a980ffb0-7022-4e04-88ee-d20b8f2919c8] Server healthy check fail, currentConnection = 1777821335987_192.168.150.1_65049
12:19:18:512  INFO 29476 --- [com.alibaba.nacos.client.remote.worker] com.alibaba.nacos.common.remote.client   : [a980ffb0-7022-4e04-88ee-d20b8f2919c8] Try to reconnect to a new server, server is  not appointed, will choose a random server.
12:19:19:100 ERROR 27656 --- [nacos-grpc-client-executor-7907] c.a.n.c.remote.client.grpc.GrpcClient    : [1777821338132_192.168.150.1_65053]Request stream error, switch server,error={}

com.alibaba.nacos.shaded.io.grpc.StatusRuntimeException: UNAVAILABLE: io exception
	at com.alibaba.nacos.shaded.io.grpc.Status.asRuntimeException(Status.java:533) ~[nacos-client-2.0.4.jar:na]
	at com.alibaba.nacos.shaded.io.grpc.stub.ClientCalls$StreamObserverToCallListenerAdapter.onClose(ClientCalls.java:442) ~[nacos-client-2.0.4.jar:na]
	at com.alibaba.nacos.shaded.io.grpc.PartialForwardingClientCallListener.onClose(PartialForwardingClientCallListener.java:39) ~[nacos-client-2.0.4.jar:na]
	at com.alibaba.nacos.shaded.io.grpc.ForwardingClientCallListener.onClose(ForwardingClientCallListener.java:23) ~[nacos-client-2.0.4.jar:na]
	at com.alibaba.nacos.shaded.io.grpc.ForwardingClientCallListener$SimpleForwardingClientCallListener.onClose(ForwardingClientCallListener.java:40) ~[nacos-client-2.0.4.jar:na]
	at com.alibaba.nacos.shaded.io.grpc.internal.CensusStatsModule$StatsClientInterceptor$1$1.onClose(CensusStatsModule.java:700) ~[nacos-client-2.0.4.jar:na]
	at com.alibaba.nacos.shaded.io.grpc.PartialForwardingClientCallListener.onClose(PartialForwardingClientCallListener.java:39) ~[nacos-client-2.0.4.jar:na]
	at com.alibaba.nacos.shaded.io.grpc.ForwardingClientCallListener.onClose(ForwardingClientCallListener.java:23) ~[nacos-client-2.0.4.jar:na]
	at com.alibaba.nacos.shaded.io.grpc.ForwardingClientCallListener$SimpleForwardingClientCallListener.onClose(ForwardingClientCallListener.java:40) ~[nacos-client-2.0.4.jar:na]
	at com.alibaba.nacos.shaded.io.grpc.internal.CensusTracingModule$TracingClientInterceptor$1$1.onClose(CensusTracingModule.java:399) ~[nacos-client-2.0.4.jar:na]
	at com.alibaba.nacos.shaded.io.grpc.internal.ClientCallImpl.closeObserver(ClientCallImpl.java:510) ~[nacos-client-2.0.4.jar:na]
	at com.alibaba.nacos.shaded.io.grpc.internal.ClientCallImpl.access$300(ClientCallImpl.java:66) ~[nacos-client-2.0.4.jar:na]
	at com.alibaba.nacos.shaded.io.grpc.internal.ClientCallImpl$ClientStreamListenerImpl.close(ClientCallImpl.java:630) ~[nacos-client-2.0.4.jar:na]
	at com.alibaba.nacos.shaded.io.grpc.internal.ClientCallImpl$ClientStreamListenerImpl.access$700(ClientCallImpl.java:518) ~[nacos-client-2.0.4.jar:na]
	at com.alibaba.nacos.shaded.io.grpc.internal.ClientCallImpl$ClientStreamListenerImpl$1StreamClosed.runInternal(ClientCallImpl.java:692) ~[nacos-client-2.0.4.jar:na]
	at com.alibaba.nacos.shaded.io.grpc.internal.ClientCallImpl$ClientStreamListenerImpl$1StreamClosed.runInContext(ClientCallImpl.java:681) ~[nacos-client-2.0.4.jar:na]
	at com.alibaba.nacos.shaded.io.grpc.internal.ContextRunnable.run(ContextRunnable.java:37) ~[nacos-client-2.0.4.jar:na]
	at com.alibaba.nacos.shaded.io.grpc.internal.SerializingExecutor.run(SerializingExecutor.java:123) ~[nacos-client-2.0.4.jar:na]
	at java.base/java.util.concurrent.ThreadPoolExecutor.runWorker(ThreadPoolExecutor.java:1128) ~[na:na]
	at java.base/java.util.concurrent.ThreadPoolExecutor$Worker.run(ThreadPoolExecutor.java:628) ~[na:na]
	at java.base/java.lang.Thread.run(Thread.java:834) ~[na:na]
Caused by: java.io.IOException: 远程主机强迫关闭了一个现有的连接。
	at java.base/sun.nio.ch.SocketDispatcher.read0(Native Method) ~[na:na]
	at java.base/sun.nio.ch.SocketDispatcher.read(SocketDispatcher.java:43) ~[na:na]
	at java.base/sun.nio.ch.IOUtil.readIntoNativeBuffer(IOUtil.java:276) ~[na:na]
	at java.base/sun.nio.ch.IOUtil.read(IOUtil.java:233) ~[na:na]
	at java.base/sun.nio.ch.IOUtil.read(IOUtil.java:223) ~[na:na]
	at java.base/sun.nio.ch.SocketChannelImpl.read(SocketChannelImpl.java:358) ~[na:na]
	at com.alibaba.nacos.shaded.io.grpc.netty.shaded.io.netty.buffer.PooledByteBuf.setBytes(PooledByteBuf.java:247) ~[nacos-client-2.0.4.jar:na]
	at com.alibaba.nacos.shaded.io.grpc.netty.shaded.io.netty.buffer.AbstractByteBuf.writeBytes(AbstractByteBuf.java:1140) ~[nacos-client-2.0.4.jar:na]
	at com.alibaba.nacos.shaded.io.grpc.netty.shaded.io.netty.channel.socket.nio.NioSocketChannel.doReadBytes(NioSocketChannel.java:347) ~[nacos-client-2.0.4.jar:na]
	at com.alibaba.nacos.shaded.io.grpc.netty.shaded.io.netty.channel.nio.AbstractNioByteChannel$NioByteUnsafe.read(AbstractNioByteChannel.java:148) ~[nacos-client-2.0.4.jar:na]
	at com.alibaba.nacos.shaded.io.grpc.netty.shaded.io.netty.channel.nio.NioEventLoop.processSelectedKey(NioEventLoop.java:697) ~[nacos-client-2.0.4.jar:na]
	at com.alibaba.nacos.shaded.io.grpc.netty.shaded.io.netty.channel.nio.NioEventLoop.processSelectedKeysOptimized(NioEventLoop.java:632) ~[nacos-client-2.0.4.jar:na]
	at com.alibaba.nacos.shaded.io.grpc.netty.shaded.io.netty.channel.nio.NioEventLoop.processSelectedKeys(NioEventLoop.java:549) ~[nacos-client-2.0.4.jar:na]
	at com.alibaba.nacos.shaded.io.grpc.netty.shaded.io.netty.channel.nio.NioEventLoop.run(NioEventLoop.java:511) ~[nacos-client-2.0.4.jar:na]
	at com.alibaba.nacos.shaded.io.grpc.netty.shaded.io.netty.util.concurrent.SingleThreadEventExecutor$5.run(SingleThreadEventExecutor.java:918) ~[nacos-client-2.0.4.jar:na]
	at com.alibaba.nacos.shaded.io.grpc.netty.shaded.io.netty.util.internal.ThreadExecutorMap$2.run(ThreadExecutorMap.java:74) ~[nacos-client-2.0.4.jar:na]
	at com.alibaba.nacos.shaded.io.grpc.netty.shaded.io.netty.util.concurrent.FastThreadLocalRunnable.run(FastThreadLocalRunnable.java:30) ~[nacos-client-2.0.4.jar:na]
	... 1 common frames omitted

12:19:19:323  INFO 27656 --- [com.alibaba.nacos.client.remote.worker] com.alibaba.nacos.common.remote.client   : [3011da57-6ed1-47df-b8fc-399c53803a06] Server healthy check fail, currentConnection = 1777821338132_192.168.150.1_65053
12:19:19:324  INFO 27656 --- [com.alibaba.nacos.client.remote.worker] com.alibaba.nacos.common.remote.client   : [3011da57-6ed1-47df-b8fc-399c53803a06] Try to reconnect to a new server, server is  not appointed, will choose a random server.
12:19:19:567 ERROR 29476 --- [nacos-grpc-client-executor-7897] c.a.n.c.remote.client.grpc.GrpcClient    : [1777821335987_192.168.150.1_65049]Request stream error, switch server,error={}

com.alibaba.nacos.shaded.io.grpc.StatusRuntimeException: UNAVAILABLE: io exception
	at com.alibaba.nacos.shaded.io.grpc.Status.asRuntimeException(Status.java:533) ~[nacos-client-2.0.4.jar:na]
	at com.alibaba.nacos.shaded.io.grpc.stub.ClientCalls$StreamObserverToCallListenerAdapter.onClose(ClientCalls.java:442) ~[nacos-client-2.0.4.jar:na]
	at com.alibaba.nacos.shaded.io.grpc.PartialForwardingClientCallListener.onClose(PartialForwardingClientCallListener.java:39) ~[nacos-client-2.0.4.jar:na]
	at com.alibaba.nacos.shaded.io.grpc.ForwardingClientCallListener.onClose(ForwardingClientCallListener.java:23) ~[nacos-client-2.0.4.jar:na]
	at com.alibaba.nacos.shaded.io.grpc.ForwardingClientCallListener$SimpleForwardingClientCallListener.onClose(ForwardingClientCallListener.java:40) ~[nacos-client-2.0.4.jar:na]
	at com.alibaba.nacos.shaded.io.grpc.internal.CensusStatsModule$StatsClientInterceptor$1$1.onClose(CensusStatsModule.java:700) ~[nacos-client-2.0.4.jar:na]
	at com.alibaba.nacos.shaded.io.grpc.PartialForwardingClientCallListener.onClose(PartialForwardingClientCallListener.java:39) ~[nacos-client-2.0.4.jar:na]
	at com.alibaba.nacos.shaded.io.grpc.ForwardingClientCallListener.onClose(ForwardingClientCallListener.java:23) ~[nacos-client-2.0.4.jar:na]
	at com.alibaba.nacos.shaded.io.grpc.ForwardingClientCallListener$SimpleForwardingClientCallListener.onClose(ForwardingClientCallListener.java:40) ~[nacos-client-2.0.4.jar:na]
	at com.alibaba.nacos.shaded.io.grpc.internal.CensusTracingModule$TracingClientInterceptor$1$1.onClose(CensusTracingModule.java:399) ~[nacos-client-2.0.4.jar:na]
	at com.alibaba.nacos.shaded.io.grpc.internal.ClientCallImpl.closeObserver(ClientCallImpl.java:510) ~[nacos-client-2.0.4.jar:na]
	at com.alibaba.nacos.shaded.io.grpc.internal.ClientCallImpl.access$300(ClientCallImpl.java:66) ~[nacos-client-2.0.4.jar:na]
	at com.alibaba.nacos.shaded.io.grpc.internal.ClientCallImpl$ClientStreamListenerImpl.close(ClientCallImpl.java:630) ~[nacos-client-2.0.4.jar:na]
	at com.alibaba.nacos.shaded.io.grpc.internal.ClientCallImpl$ClientStreamListenerImpl.access$700(ClientCallImpl.java:518) ~[nacos-client-2.0.4.jar:na]
	at com.alibaba.nacos.shaded.io.grpc.internal.ClientCallImpl$ClientStreamListenerImpl$1StreamClosed.runInternal(ClientCallImpl.java:692) ~[nacos-client-2.0.4.jar:na]
	at com.alibaba.nacos.shaded.io.grpc.internal.ClientCallImpl$ClientStreamListenerImpl$1StreamClosed.runInContext(ClientCallImpl.java:681) ~[nacos-client-2.0.4.jar:na]
	at com.alibaba.nacos.shaded.io.grpc.internal.ContextRunnable.run(ContextRunnable.java:37) ~[nacos-client-2.0.4.jar:na]
	at com.alibaba.nacos.shaded.io.grpc.internal.SerializingExecutor.run(SerializingExecutor.java:123) ~[nacos-client-2.0.4.jar:na]
	at java.base/java.util.concurrent.ThreadPoolExecutor.runWorker(ThreadPoolExecutor.java:1128) ~[na:na]
	at java.base/java.util.concurrent.ThreadPoolExecutor$Worker.run(ThreadPoolExecutor.java:628) ~[na:na]
	at java.base/java.lang.Thread.run(Thread.java:834) ~[na:na]
Caused by: java.io.IOException: 远程主机强迫关闭了一个现有的连接。
	at java.base/sun.nio.ch.SocketDispatcher.read0(Native Method) ~[na:na]
	at java.base/sun.nio.ch.SocketDispatcher.read(SocketDispatcher.java:43) ~[na:na]
	at java.base/sun.nio.ch.IOUtil.readIntoNativeBuffer(IOUtil.java:276) ~[na:na]
	at java.base/sun.nio.ch.IOUtil.read(IOUtil.java:233) ~[na:na]
	at java.base/sun.nio.ch.IOUtil.read(IOUtil.java:223) ~[na:na]
	at java.base/sun.nio.ch.SocketChannelImpl.read(SocketChannelImpl.java:358) ~[na:na]
	at com.alibaba.nacos.shaded.io.grpc.netty.shaded.io.netty.buffer.PooledByteBuf.setBytes(PooledByteBuf.java:247) ~[nacos-client-2.0.4.jar:na]
	at com.alibaba.nacos.shaded.io.grpc.netty.shaded.io.netty.buffer.AbstractByteBuf.writeBytes(AbstractByteBuf.java:1140) ~[nacos-client-2.0.4.jar:na]
	at com.alibaba.nacos.shaded.io.grpc.netty.shaded.io.netty.channel.socket.nio.NioSocketChannel.doReadBytes(NioSocketChannel.java:347) ~[nacos-client-2.0.4.jar:na]
	at com.alibaba.nacos.shaded.io.grpc.netty.shaded.io.netty.channel.nio.AbstractNioByteChannel$NioByteUnsafe.read(AbstractNioByteChannel.java:148) ~[nacos-client-2.0.4.jar:na]
	at com.alibaba.nacos.shaded.io.grpc.netty.shaded.io.netty.channel.nio.NioEventLoop.processSelectedKey(NioEventLoop.java:697) ~[nacos-client-2.0.4.jar:na]
	at com.alibaba.nacos.shaded.io.grpc.netty.shaded.io.netty.channel.nio.NioEventLoop.processSelectedKeysOptimized(NioEventLoop.java:632) ~[nacos-client-2.0.4.jar:na]
	at com.alibaba.nacos.shaded.io.grpc.netty.shaded.io.netty.channel.nio.NioEventLoop.processSelectedKeys(NioEventLoop.java:549) ~[nacos-client-2.0.4.jar:na]
	at com.alibaba.nacos.shaded.io.grpc.netty.shaded.io.netty.channel.nio.NioEventLoop.run(NioEventLoop.java:511) ~[nacos-client-2.0.4.jar:na]
	at com.alibaba.nacos.shaded.io.grpc.netty.shaded.io.netty.util.concurrent.SingleThreadEventExecutor$5.run(SingleThreadEventExecutor.java:918) ~[nacos-client-2.0.4.jar:na]
	at com.alibaba.nacos.shaded.io.grpc.netty.shaded.io.netty.util.internal.ThreadExecutorMap$2.run(ThreadExecutorMap.java:74) ~[nacos-client-2.0.4.jar:na]
	at com.alibaba.nacos.shaded.io.grpc.netty.shaded.io.netty.util.concurrent.FastThreadLocalRunnable.run(FastThreadLocalRunnable.java:30) ~[nacos-client-2.0.4.jar:na]
	... 1 common frames omitted

12:19:19:641  INFO 29476 --- [com.alibaba.nacos.client.remote.worker] com.alibaba.nacos.common.remote.client   : [a980ffb0-7022-4e04-88ee-d20b8f2919c8] Success to connect a server [192.168.150.101:8848], connectionId = 1777864081401_192.168.150.1_53190
12:19:19:641  INFO 29476 --- [com.alibaba.nacos.client.remote.worker] com.alibaba.nacos.common.remote.client   : [a980ffb0-7022-4e04-88ee-d20b8f2919c8] Abandon prev connection, server is 192.168.150.101:8848, connectionId is 1777821335987_192.168.150.1_65049
12:19:19:643  INFO 29476 --- [com.alibaba.nacos.client.remote.worker] com.alibaba.nacos.common.remote.client   : Close current connection 1777821335987_192.168.150.1_65049
12:19:19:684  INFO 29476 --- [com.alibaba.nacos.client.remote.worker] com.alibaba.nacos.common.remote.client   : [a980ffb0-7022-4e04-88ee-d20b8f2919c8] Notify disconnected event to listeners
12:19:19:703  INFO 27656 --- [com.alibaba.nacos.client.remote.worker] com.alibaba.nacos.common.remote.client   : [3011da57-6ed1-47df-b8fc-399c53803a06] Success to connect a server [192.168.150.101:8848], connectionId = 1777864082282_192.168.150.1_64380
12:19:19:705  INFO 27656 --- [com.alibaba.nacos.client.remote.worker] com.alibaba.nacos.common.remote.client   : [3011da57-6ed1-47df-b8fc-399c53803a06] Abandon prev connection, server is 192.168.150.101:8848, connectionId is 1777821338132_192.168.150.1_65053
12:19:19:707  INFO 27656 --- [com.alibaba.nacos.client.remote.worker] com.alibaba.nacos.common.remote.client   : Close current connection 1777821338132_192.168.150.1_65053
12:19:19:751  INFO 29476 --- [com.alibaba.nacos.client.remote.worker] com.alibaba.nacos.common.remote.client   : [a980ffb0-7022-4e04-88ee-d20b8f2919c8] Notify connected event to listeners.
12:19:19:787  INFO 27656 --- [com.alibaba.nacos.client.remote.worker] com.alibaba.nacos.common.remote.client   : [3011da57-6ed1-47df-b8fc-399c53803a06] Try to reconnect to a new server, server is  not appointed, will choose a random server.
12:19:19:791  INFO 27656 --- [com.alibaba.nacos.client.remote.worker] com.alibaba.nacos.common.remote.client   : [3011da57-6ed1-47df-b8fc-399c53803a06] Notify disconnected event to listeners
12:19:19:865  INFO 27656 --- [com.alibaba.nacos.client.remote.worker] com.alibaba.nacos.common.remote.client   : [3011da57-6ed1-47df-b8fc-399c53803a06] Notify connected event to listeners.
12:19:20:001  INFO 27656 --- [com.alibaba.nacos.client.remote.worker] com.alibaba.nacos.common.remote.client   : [3011da57-6ed1-47df-b8fc-399c53803a06] Success to connect a server [192.168.150.101:8848], connectionId = 1777864082731_192.168.150.1_64404
12:19:20:001  INFO 27656 --- [com.alibaba.nacos.client.remote.worker] com.alibaba.nacos.common.remote.client   : [3011da57-6ed1-47df-b8fc-399c53803a06] Abandon prev connection, server is 192.168.150.101:8848, connectionId is 1777864082282_192.168.150.1_64380
12:19:20:001  INFO 27656 --- [com.alibaba.nacos.client.remote.worker] com.alibaba.nacos.common.remote.client   : Close current connection 1777864082282_192.168.150.1_64380
12:19:20:033  INFO 27656 --- [com.alibaba.nacos.client.remote.worker] com.alibaba.nacos.common.remote.client   : [3011da57-6ed1-47df-b8fc-399c53803a06] Notify disconnected event to listeners
12:19:20:035  INFO 27656 --- [com.alibaba.nacos.client.remote.worker] com.alibaba.nacos.common.remote.client   : [3011da57-6ed1-47df-b8fc-399c53803a06] Notify connected event to listeners.
12:19:20:037  INFO 27656 --- [nacos-grpc-client-executor-7916] c.a.n.c.remote.client.grpc.GrpcClient    : [1777864082282_192.168.150.1_64380]Ignore complete event,isRunning:true,isAbandon=true
12:19:21:763  INFO 29476 --- [nacos-grpc-client-executor-7905] com.alibaba.nacos.common.remote.client   : [a980ffb0-7022-4e04-88ee-d20b8f2919c8] Receive server push request, request = NotifySubscriberRequest, requestId = 157
12:19:21:764  INFO 29476 --- [nacos-grpc-client-executor-7905] com.alibaba.nacos.common.remote.client   : [a980ffb0-7022-4e04-88ee-d20b8f2919c8] Ack server push request, request = NotifySubscriberRequest, requestId = 157
12:19:21:765  INFO 27656 --- [nacos-grpc-client-executor-7919] com.alibaba.nacos.common.remote.client   : [3011da57-6ed1-47df-b8fc-399c53803a06] Receive server push request, request = NotifySubscriberRequest, requestId = 158
12:19:21:766  INFO 27656 --- [nacos-grpc-client-executor-7919] com.alibaba.nacos.common.remote.client   : [3011da57-6ed1-47df-b8fc-399c53803a06] Ack server push request, request = NotifySubscriberRequest, requestId = 158
12:19:32:161  WARN 27656 --- [HikariPool-1 housekeeper] com.zaxxer.hikari.pool.HikariPool        : HikariPool-1 - Thread starvation or clock leap detected (housekeeper delta=7h10m939ms474µs300ns).
12:19:32:517  INFO 27656 --- [nacos-grpc-client-executor-7921] com.alibaba.nacos.common.remote.client   : [3011da57-6ed1-47df-b8fc-399c53803a06] Receive server push request, request = NotifySubscriberRequest, requestId = 186
12:19:32:518  INFO 27656 --- [nacos-grpc-client-executor-7921] com.alibaba.nacos.common.remote.client   : [3011da57-6ed1-47df-b8fc-399c53803a06] Ack server push request, request = NotifySubscriberRequest, requestId = 186
12:19:32:518  INFO 29476 --- [nacos-grpc-client-executor-7907] com.alibaba.nacos.common.remote.client   : [a980ffb0-7022-4e04-88ee-d20b8f2919c8] Receive server push request, request = NotifySubscriberRequest, requestId = 185
12:19:32:518  INFO 29476 --- [nacos-grpc-client-executor-7907] com.alibaba.nacos.common.remote.client   : [a980ffb0-7022-4e04-88ee-d20b8f2919c8] Ack server push request, request = NotifySubscriberRequest, requestId = 185
12:19:36:683  INFO 29476 --- [nacos-grpc-client-executor-7908] com.alibaba.nacos.common.remote.client   : [a980ffb0-7022-4e04-88ee-d20b8f2919c8] Receive server push request, request = NotifySubscriberRequest, requestId = 203
12:19:36:684  INFO 27656 --- [nacos-grpc-client-executor-7922] com.alibaba.nacos.common.remote.client   : [3011da57-6ed1-47df-b8fc-399c53803a06] Receive server push request, request = NotifySubscriberRequest, requestId = 204
12:19:36:684  INFO 27656 --- [nacos-grpc-client-executor-7922] com.alibaba.nacos.common.remote.client   : [3011da57-6ed1-47df-b8fc-399c53803a06] Ack server push request, request = NotifySubscriberRequest, requestId = 204
12:19:36:684  INFO 29476 --- [nacos-grpc-client-executor-7908] com.alibaba.nacos.common.remote.client   : [a980ffb0-7022-4e04-88ee-d20b8f2919c8] Ack server push request, request = NotifySubscriberRequest, requestId = 203
12:19:41:299  WARN 29476 --- [HikariPool-1 housekeeper] com.zaxxer.hikari.pool.HikariPool        : HikariPool-1 - Thread starvation or clock leap detected (housekeeper delta=7h10m940ms819µs500ns).
19:02:49:825 ERROR 29476 --- [nacos-grpc-client-executor-12704] c.a.n.c.remote.client.grpc.GrpcClient    : [1777864081401_192.168.150.1_53190]Request stream error, switch server,error={}

com.alibaba.nacos.shaded.io.grpc.StatusRuntimeException: UNAVAILABLE: io exception
	at com.alibaba.nacos.shaded.io.grpc.Status.asRuntimeException(Status.java:533) ~[nacos-client-2.0.4.jar:na]
	at com.alibaba.nacos.shaded.io.grpc.stub.ClientCalls$StreamObserverToCallListenerAdapter.onClose(ClientCalls.java:442) ~[nacos-client-2.0.4.jar:na]
	at com.alibaba.nacos.shaded.io.grpc.PartialForwardingClientCallListener.onClose(PartialForwardingClientCallListener.java:39) ~[nacos-client-2.0.4.jar:na]
	at com.alibaba.nacos.shaded.io.grpc.ForwardingClientCallListener.onClose(ForwardingClientCallListener.java:23) ~[nacos-client-2.0.4.jar:na]
	at com.alibaba.nacos.shaded.io.grpc.ForwardingClientCallListener$SimpleForwardingClientCallListener.onClose(ForwardingClientCallListener.java:40) ~[nacos-client-2.0.4.jar:na]
	at com.alibaba.nacos.shaded.io.grpc.internal.CensusStatsModule$StatsClientInterceptor$1$1.onClose(CensusStatsModule.java:700) ~[nacos-client-2.0.4.jar:na]
	at com.alibaba.nacos.shaded.io.grpc.PartialForwardingClientCallListener.onClose(PartialForwardingClientCallListener.java:39) ~[nacos-client-2.0.4.jar:na]
	at com.alibaba.nacos.shaded.io.grpc.ForwardingClientCallListener.onClose(ForwardingClientCallListener.java:23) ~[nacos-client-2.0.4.jar:na]
	at com.alibaba.nacos.shaded.io.grpc.ForwardingClientCallListener$SimpleForwardingClientCallListener.onClose(ForwardingClientCallListener.java:40) ~[nacos-client-2.0.4.jar:na]
	at com.alibaba.nacos.shaded.io.grpc.internal.CensusTracingModule$TracingClientInterceptor$1$1.onClose(CensusTracingModule.java:399) ~[nacos-client-2.0.4.jar:na]
	at com.alibaba.nacos.shaded.io.grpc.internal.ClientCallImpl.closeObserver(ClientCallImpl.java:510) ~[nacos-client-2.0.4.jar:na]
	at com.alibaba.nacos.shaded.io.grpc.internal.ClientCallImpl.access$300(ClientCallImpl.java:66) ~[nacos-client-2.0.4.jar:na]
	at com.alibaba.nacos.shaded.io.grpc.internal.ClientCallImpl$ClientStreamListenerImpl.close(ClientCallImpl.java:630) ~[nacos-client-2.0.4.jar:na]
	at com.alibaba.nacos.shaded.io.grpc.internal.ClientCallImpl$ClientStreamListenerImpl.access$700(ClientCallImpl.java:518) ~[nacos-client-2.0.4.jar:na]
	at com.alibaba.nacos.shaded.io.grpc.internal.ClientCallImpl$ClientStreamListenerImpl$1StreamClosed.runInternal(ClientCallImpl.java:692) ~[nacos-client-2.0.4.jar:na]
	at com.alibaba.nacos.shaded.io.grpc.internal.ClientCallImpl$ClientStreamListenerImpl$1StreamClosed.runInContext(ClientCallImpl.java:681) ~[nacos-client-2.0.4.jar:na]
	at com.alibaba.nacos.shaded.io.grpc.internal.ContextRunnable.run(ContextRunnable.java:37) ~[nacos-client-2.0.4.jar:na]
	at com.alibaba.nacos.shaded.io.grpc.internal.SerializingExecutor.run(SerializingExecutor.java:123) ~[nacos-client-2.0.4.jar:na]
	at java.base/java.util.concurrent.ThreadPoolExecutor.runWorker(ThreadPoolExecutor.java:1128) ~[na:na]
	at java.base/java.util.concurrent.ThreadPoolExecutor$Worker.run(ThreadPoolExecutor.java:628) ~[na:na]
	at java.base/java.lang.Thread.run(Thread.java:834) ~[na:na]
Caused by: java.io.IOException: 远程主机强迫关闭了一个现有的连接。
	at java.base/sun.nio.ch.SocketDispatcher.read0(Native Method) ~[na:na]
	at java.base/sun.nio.ch.SocketDispatcher.read(SocketDispatcher.java:43) ~[na:na]
	at java.base/sun.nio.ch.IOUtil.readIntoNativeBuffer(IOUtil.java:276) ~[na:na]
	at java.base/sun.nio.ch.IOUtil.read(IOUtil.java:233) ~[na:na]
	at java.base/sun.nio.ch.IOUtil.read(IOUtil.java:223) ~[na:na]
	at java.base/sun.nio.ch.SocketChannelImpl.read(SocketChannelImpl.java:358) ~[na:na]
	at com.alibaba.nacos.shaded.io.grpc.netty.shaded.io.netty.buffer.PooledByteBuf.setBytes(PooledByteBuf.java:247) ~[nacos-client-2.0.4.jar:na]
	at com.alibaba.nacos.shaded.io.grpc.netty.shaded.io.netty.buffer.AbstractByteBuf.writeBytes(AbstractByteBuf.java:1140) ~[nacos-client-2.0.4.jar:na]
	at com.alibaba.nacos.shaded.io.grpc.netty.shaded.io.netty.channel.socket.nio.NioSocketChannel.doReadBytes(NioSocketChannel.java:347) ~[nacos-client-2.0.4.jar:na]
	at com.alibaba.nacos.shaded.io.grpc.netty.shaded.io.netty.channel.nio.AbstractNioByteChannel$NioByteUnsafe.read(AbstractNioByteChannel.java:148) ~[nacos-client-2.0.4.jar:na]
	at com.alibaba.nacos.shaded.io.grpc.netty.shaded.io.netty.channel.nio.NioEventLoop.processSelectedKey(NioEventLoop.java:697) ~[nacos-client-2.0.4.jar:na]
	at com.alibaba.nacos.shaded.io.grpc.netty.shaded.io.netty.channel.nio.NioEventLoop.processSelectedKeysOptimized(NioEventLoop.java:632) ~[nacos-client-2.0.4.jar:na]
	at com.alibaba.nacos.shaded.io.grpc.netty.shaded.io.netty.channel.nio.NioEventLoop.processSelectedKeys(NioEventLoop.java:549) ~[nacos-client-2.0.4.jar:na]
	at com.alibaba.nacos.shaded.io.grpc.netty.shaded.io.netty.channel.nio.NioEventLoop.run(NioEventLoop.java:511) ~[nacos-client-2.0.4.jar:na]
	at com.alibaba.nacos.shaded.io.grpc.netty.shaded.io.netty.util.concurrent.SingleThreadEventExecutor$5.run(SingleThreadEventExecutor.java:918) ~[nacos-client-2.0.4.jar:na]
	at com.alibaba.nacos.shaded.io.grpc.netty.shaded.io.netty.util.internal.ThreadExecutorMap$2.run(ThreadExecutorMap.java:74) ~[nacos-client-2.0.4.jar:na]
	at com.alibaba.nacos.shaded.io.grpc.netty.shaded.io.netty.util.concurrent.FastThreadLocalRunnable.run(FastThreadLocalRunnable.java:30) ~[nacos-client-2.0.4.jar:na]
	... 1 common frames omitted

19:02:49:869  INFO 29476 --- [com.alibaba.nacos.client.remote.worker] com.alibaba.nacos.common.remote.client   : [a980ffb0-7022-4e04-88ee-d20b8f2919c8] Try to reconnect to a new server, server is  not appointed, will choose a random server.
19:02:49:857 ERROR 27656 --- [nacos-grpc-client-executor-12725] c.a.n.c.remote.client.grpc.GrpcClient    : [1777864082731_192.168.150.1_64404]Request stream error, switch server,error={}

com.alibaba.nacos.shaded.io.grpc.StatusRuntimeException: UNAVAILABLE: io exception
	at com.alibaba.nacos.shaded.io.grpc.Status.asRuntimeException(Status.java:533) ~[nacos-client-2.0.4.jar:na]
	at com.alibaba.nacos.shaded.io.grpc.stub.ClientCalls$StreamObserverToCallListenerAdapter.onClose(ClientCalls.java:442) ~[nacos-client-2.0.4.jar:na]
	at com.alibaba.nacos.shaded.io.grpc.PartialForwardingClientCallListener.onClose(PartialForwardingClientCallListener.java:39) ~[nacos-client-2.0.4.jar:na]
	at com.alibaba.nacos.shaded.io.grpc.ForwardingClientCallListener.onClose(ForwardingClientCallListener.java:23) ~[nacos-client-2.0.4.jar:na]
	at com.alibaba.nacos.shaded.io.grpc.ForwardingClientCallListener$SimpleForwardingClientCallListener.onClose(ForwardingClientCallListener.java:40) ~[nacos-client-2.0.4.jar:na]
	at com.alibaba.nacos.shaded.io.grpc.internal.CensusStatsModule$StatsClientInterceptor$1$1.onClose(CensusStatsModule.java:700) ~[nacos-client-2.0.4.jar:na]
	at com.alibaba.nacos.shaded.io.grpc.PartialForwardingClientCallListener.onClose(PartialForwardingClientCallListener.java:39) ~[nacos-client-2.0.4.jar:na]
	at com.alibaba.nacos.shaded.io.grpc.ForwardingClientCallListener.onClose(ForwardingClientCallListener.java:23) ~[nacos-client-2.0.4.jar:na]
	at com.alibaba.nacos.shaded.io.grpc.ForwardingClientCallListener$SimpleForwardingClientCallListener.onClose(ForwardingClientCallListener.java:40) ~[nacos-client-2.0.4.jar:na]
	at com.alibaba.nacos.shaded.io.grpc.internal.CensusTracingModule$TracingClientInterceptor$1$1.onClose(CensusTracingModule.java:399) ~[nacos-client-2.0.4.jar:na]
	at com.alibaba.nacos.shaded.io.grpc.internal.ClientCallImpl.closeObserver(ClientCallImpl.java:510) ~[nacos-client-2.0.4.jar:na]
	at com.alibaba.nacos.shaded.io.grpc.internal.ClientCallImpl.access$300(ClientCallImpl.java:66) ~[nacos-client-2.0.4.jar:na]
	at com.alibaba.nacos.shaded.io.grpc.internal.ClientCallImpl$ClientStreamListenerImpl.close(ClientCallImpl.java:630) ~[nacos-client-2.0.4.jar:na]
	at com.alibaba.nacos.shaded.io.grpc.internal.ClientCallImpl$ClientStreamListenerImpl.access$700(ClientCallImpl.java:518) ~[nacos-client-2.0.4.jar:na]
	at com.alibaba.nacos.shaded.io.grpc.internal.ClientCallImpl$ClientStreamListenerImpl$1StreamClosed.runInternal(ClientCallImpl.java:692) ~[nacos-client-2.0.4.jar:na]
	at com.alibaba.nacos.shaded.io.grpc.internal.ClientCallImpl$ClientStreamListenerImpl$1StreamClosed.runInContext(ClientCallImpl.java:681) ~[nacos-client-2.0.4.jar:na]
	at com.alibaba.nacos.shaded.io.grpc.internal.ContextRunnable.run(ContextRunnable.java:37) ~[nacos-client-2.0.4.jar:na]
	at com.alibaba.nacos.shaded.io.grpc.internal.SerializingExecutor.run(SerializingExecutor.java:123) ~[nacos-client-2.0.4.jar:na]
	at java.base/java.util.concurrent.ThreadPoolExecutor.runWorker(ThreadPoolExecutor.java:1128) ~[na:na]
	at java.base/java.util.concurrent.ThreadPoolExecutor$Worker.run(ThreadPoolExecutor.java:628) ~[na:na]
	at java.base/java.lang.Thread.run(Thread.java:834) ~[na:na]
Caused by: java.io.IOException: 远程主机强迫关闭了一个现有的连接。
	at java.base/sun.nio.ch.SocketDispatcher.read0(Native Method) ~[na:na]
	at java.base/sun.nio.ch.SocketDispatcher.read(SocketDispatcher.java:43) ~[na:na]
	at java.base/sun.nio.ch.IOUtil.readIntoNativeBuffer(IOUtil.java:276) ~[na:na]
	at java.base/sun.nio.ch.IOUtil.read(IOUtil.java:233) ~[na:na]
	at java.base/sun.nio.ch.IOUtil.read(IOUtil.java:223) ~[na:na]
	at java.base/sun.nio.ch.SocketChannelImpl.read(SocketChannelImpl.java:358) ~[na:na]
	at com.alibaba.nacos.shaded.io.grpc.netty.shaded.io.netty.buffer.PooledByteBuf.setBytes(PooledByteBuf.java:247) ~[nacos-client-2.0.4.jar:na]
	at com.alibaba.nacos.shaded.io.grpc.netty.shaded.io.netty.buffer.AbstractByteBuf.writeBytes(AbstractByteBuf.java:1140) ~[nacos-client-2.0.4.jar:na]
	at com.alibaba.nacos.shaded.io.grpc.netty.shaded.io.netty.channel.socket.nio.NioSocketChannel.doReadBytes(NioSocketChannel.java:347) ~[nacos-client-2.0.4.jar:na]
	at com.alibaba.nacos.shaded.io.grpc.netty.shaded.io.netty.channel.nio.AbstractNioByteChannel$NioByteUnsafe.read(AbstractNioByteChannel.java:148) ~[nacos-client-2.0.4.jar:na]
	at com.alibaba.nacos.shaded.io.grpc.netty.shaded.io.netty.channel.nio.NioEventLoop.processSelectedKey(NioEventLoop.java:697) ~[nacos-client-2.0.4.jar:na]
	at com.alibaba.nacos.shaded.io.grpc.netty.shaded.io.netty.channel.nio.NioEventLoop.processSelectedKeysOptimized(NioEventLoop.java:632) ~[nacos-client-2.0.4.jar:na]
	at com.alibaba.nacos.shaded.io.grpc.netty.shaded.io.netty.channel.nio.NioEventLoop.processSelectedKeys(NioEventLoop.java:549) ~[nacos-client-2.0.4.jar:na]
	at com.alibaba.nacos.shaded.io.grpc.netty.shaded.io.netty.channel.nio.NioEventLoop.run(NioEventLoop.java:511) ~[nacos-client-2.0.4.jar:na]
	at com.alibaba.nacos.shaded.io.grpc.netty.shaded.io.netty.util.concurrent.SingleThreadEventExecutor$5.run(SingleThreadEventExecutor.java:918) ~[nacos-client-2.0.4.jar:na]
	at com.alibaba.nacos.shaded.io.grpc.netty.shaded.io.netty.util.internal.ThreadExecutorMap$2.run(ThreadExecutorMap.java:74) ~[nacos-client-2.0.4.jar:na]
	at com.alibaba.nacos.shaded.io.grpc.netty.shaded.io.netty.util.concurrent.FastThreadLocalRunnable.run(FastThreadLocalRunnable.java:30) ~[nacos-client-2.0.4.jar:na]
	... 1 common frames omitted

19:02:49:893  INFO 27656 --- [com.alibaba.nacos.client.remote.worker] com.alibaba.nacos.common.remote.client   : [3011da57-6ed1-47df-b8fc-399c53803a06] Try to reconnect to a new server, server is  not appointed, will choose a random server.
19:02:50:186 ERROR 29476 --- [com.alibaba.nacos.client.remote.worker] c.a.n.c.remote.client.grpc.GrpcClient    : Server check fail, please check server 192.168.150.101 ,port 9848 is available , error ={}

java.util.concurrent.ExecutionException: com.alibaba.nacos.shaded.io.grpc.StatusRuntimeException: UNAVAILABLE: io exception
	at com.alibaba.nacos.shaded.com.google.common.util.concurrent.AbstractFuture.getDoneValue(AbstractFuture.java:566) ~[nacos-client-2.0.4.jar:na]
	at com.alibaba.nacos.shaded.com.google.common.util.concurrent.AbstractFuture.get(AbstractFuture.java:445) ~[nacos-client-2.0.4.jar:na]
	at com.alibaba.nacos.common.remote.client.grpc.GrpcClient.serverCheck(GrpcClient.java:148) ~[nacos-client-2.0.4.jar:na]
	at com.alibaba.nacos.common.remote.client.grpc.GrpcClient.connectToServer(GrpcClient.java:264) ~[nacos-client-2.0.4.jar:na]
	at com.alibaba.nacos.common.remote.client.RpcClient.reconnect(RpcClient.java:522) ~[nacos-client-2.0.4.jar:na]
	at com.alibaba.nacos.common.remote.client.RpcClient.lambda$start$2(RpcClient.java:370) ~[nacos-client-2.0.4.jar:na]
	at java.base/java.util.concurrent.Executors$RunnableAdapter.call(Executors.java:515) ~[na:na]
	at java.base/java.util.concurrent.FutureTask.run(FutureTask.java:264) ~[na:na]
	at java.base/java.util.concurrent.ScheduledThreadPoolExecutor$ScheduledFutureTask.run(ScheduledThreadPoolExecutor.java:304) ~[na:na]
	at java.base/java.util.concurrent.ThreadPoolExecutor.runWorker(ThreadPoolExecutor.java:1128) ~[na:na]
	at java.base/java.util.concurrent.ThreadPoolExecutor$Worker.run(ThreadPoolExecutor.java:628) ~[na:na]
	at java.base/java.lang.Thread.run(Thread.java:834) ~[na:na]
Caused by: com.alibaba.nacos.shaded.io.grpc.StatusRuntimeException: UNAVAILABLE: io exception
	at com.alibaba.nacos.shaded.io.grpc.Status.asRuntimeException(Status.java:533) ~[nacos-client-2.0.4.jar:na]
	at com.alibaba.nacos.shaded.io.grpc.stub.ClientCalls$UnaryStreamToFuture.onClose(ClientCalls.java:490) ~[nacos-client-2.0.4.jar:na]
	at com.alibaba.nacos.shaded.io.grpc.PartialForwardingClientCallListener.onClose(PartialForwardingClientCallListener.java:39) ~[nacos-client-2.0.4.jar:na]
	at com.alibaba.nacos.shaded.io.grpc.ForwardingClientCallListener.onClose(ForwardingClientCallListener.java:23) ~[nacos-client-2.0.4.jar:na]
	at com.alibaba.nacos.shaded.io.grpc.ForwardingClientCallListener$SimpleForwardingClientCallListener.onClose(ForwardingClientCallListener.java:40) ~[nacos-client-2.0.4.jar:na]
	at com.alibaba.nacos.shaded.io.grpc.internal.CensusStatsModule$StatsClientInterceptor$1$1.onClose(CensusStatsModule.java:700) ~[nacos-client-2.0.4.jar:na]
	at com.alibaba.nacos.shaded.io.grpc.PartialForwardingClientCallListener.onClose(PartialForwardingClientCallListener.java:39) ~[nacos-client-2.0.4.jar:na]
	at com.alibaba.nacos.shaded.io.grpc.ForwardingClientCallListener.onClose(ForwardingClientCallListener.java:23) ~[nacos-client-2.0.4.jar:na]
	at com.alibaba.nacos.shaded.io.grpc.ForwardingClientCallListener$SimpleForwardingClientCallListener.onClose(ForwardingClientCallListener.java:40) ~[nacos-client-2.0.4.jar:na]
	at com.alibaba.nacos.shaded.io.grpc.internal.CensusTracingModule$TracingClientInterceptor$1$1.onClose(CensusTracingModule.java:399) ~[nacos-client-2.0.4.jar:na]
	at com.alibaba.nacos.shaded.io.grpc.internal.ClientCallImpl.closeObserver(ClientCallImpl.java:510) ~[nacos-client-2.0.4.jar:na]
	at com.alibaba.nacos.shaded.io.grpc.internal.ClientCallImpl.access$300(ClientCallImpl.java:66) ~[nacos-client-2.0.4.jar:na]
	at com.alibaba.nacos.shaded.io.grpc.internal.ClientCallImpl$ClientStreamListenerImpl.close(ClientCallImpl.java:630) ~[nacos-client-2.0.4.jar:na]
	at com.alibaba.nacos.shaded.io.grpc.internal.ClientCallImpl$ClientStreamListenerImpl.access$700(ClientCallImpl.java:518) ~[nacos-client-2.0.4.jar:na]
	at com.alibaba.nacos.shaded.io.grpc.internal.ClientCallImpl$ClientStreamListenerImpl$1StreamClosed.runInternal(ClientCallImpl.java:692) ~[nacos-client-2.0.4.jar:na]
	at com.alibaba.nacos.shaded.io.grpc.internal.ClientCallImpl$ClientStreamListenerImpl$1StreamClosed.runInContext(ClientCallImpl.java:681) ~[nacos-client-2.0.4.jar:na]
	at com.alibaba.nacos.shaded.io.grpc.internal.ContextRunnable.run(ContextRunnable.java:37) ~[nacos-client-2.0.4.jar:na]
	at com.alibaba.nacos.shaded.io.grpc.internal.SerializingExecutor.run(SerializingExecutor.java:123) ~[nacos-client-2.0.4.jar:na]
	... 3 common frames omitted
Caused by: com.alibaba.nacos.shaded.io.grpc.netty.shaded.io.netty.channel.AbstractChannel$AnnotatedSocketException: Network is unreachable: no further information: /192.168.150.101:9848
Caused by: java.net.SocketException: Network is unreachable: no further information
	at java.base/sun.nio.ch.SocketChannelImpl.checkConnect(Native Method) ~[na:na]
	at java.base/sun.nio.ch.SocketChannelImpl.finishConnect(SocketChannelImpl.java:779) ~[na:na]
	at com.alibaba.nacos.shaded.io.grpc.netty.shaded.io.netty.channel.socket.nio.NioSocketChannel.doFinishConnect(NioSocketChannel.java:327) ~[nacos-client-2.0.4.jar:na]
	at com.alibaba.nacos.shaded.io.grpc.netty.shaded.io.netty.channel.nio.AbstractNioChannel$AbstractNioUnsafe.finishConnect(AbstractNioChannel.java:336) ~[nacos-client-2.0.4.jar:na]
	at com.alibaba.nacos.shaded.io.grpc.netty.shaded.io.netty.channel.nio.NioEventLoop.processSelectedKey(NioEventLoop.java:685) ~[nacos-client-2.0.4.jar:na]
	at com.alibaba.nacos.shaded.io.grpc.netty.shaded.io.netty.channel.nio.NioEventLoop.processSelectedKeysOptimized(NioEventLoop.java:632) ~[nacos-client-2.0.4.jar:na]
	at com.alibaba.nacos.shaded.io.grpc.netty.shaded.io.netty.channel.nio.NioEventLoop.processSelectedKeys(NioEventLoop.java:549) ~[nacos-client-2.0.4.jar:na]
	at com.alibaba.nacos.shaded.io.grpc.netty.shaded.io.netty.channel.nio.NioEventLoop.run(NioEventLoop.java:511) ~[nacos-client-2.0.4.jar:na]
	at com.alibaba.nacos.shaded.io.grpc.netty.shaded.io.netty.util.concurrent.SingleThreadEventExecutor$5.run(SingleThreadEventExecutor.java:918) ~[nacos-client-2.0.4.jar:na]
	at com.alibaba.nacos.shaded.io.grpc.netty.shaded.io.netty.util.internal.ThreadExecutorMap$2.run(ThreadExecutorMap.java:74) ~[nacos-client-2.0.4.jar:na]
	at com.alibaba.nacos.shaded.io.grpc.netty.shaded.io.netty.util.concurrent.FastThreadLocalRunnable.run(FastThreadLocalRunnable.java:30) ~[nacos-client-2.0.4.jar:na]
	at java.base/java.lang.Thread.run(Thread.java:834) ~[na:na]

19:02:50:214 ERROR 27656 --- [com.alibaba.nacos.client.remote.worker] c.a.n.c.remote.client.grpc.GrpcClient    : Server check fail, please check server 192.168.150.101 ,port 9848 is available , error ={}

java.util.concurrent.ExecutionException: com.alibaba.nacos.shaded.io.grpc.StatusRuntimeException: UNAVAILABLE: io exception
	at com.alibaba.nacos.shaded.com.google.common.util.concurrent.AbstractFuture.getDoneValue(AbstractFuture.java:566) ~[nacos-client-2.0.4.jar:na]
	at com.alibaba.nacos.shaded.com.google.common.util.concurrent.AbstractFuture.get(AbstractFuture.java:445) ~[nacos-client-2.0.4.jar:na]
	at com.alibaba.nacos.common.remote.client.grpc.GrpcClient.serverCheck(GrpcClient.java:148) ~[nacos-client-2.0.4.jar:na]
	at com.alibaba.nacos.common.remote.client.grpc.GrpcClient.connectToServer(GrpcClient.java:264) ~[nacos-client-2.0.4.jar:na]
	at com.alibaba.nacos.common.remote.client.RpcClient.reconnect(RpcClient.java:522) ~[nacos-client-2.0.4.jar:na]
	at com.alibaba.nacos.common.remote.client.RpcClient.lambda$start$2(RpcClient.java:370) ~[nacos-client-2.0.4.jar:na]
	at java.base/java.util.concurrent.Executors$RunnableAdapter.call(Executors.java:515) ~[na:na]
	at java.base/java.util.concurrent.FutureTask.run(FutureTask.java:264) ~[na:na]
	at java.base/java.util.concurrent.ScheduledThreadPoolExecutor$ScheduledFutureTask.run(ScheduledThreadPoolExecutor.java:304) ~[na:na]
	at java.base/java.util.concurrent.ThreadPoolExecutor.runWorker(ThreadPoolExecutor.java:1128) ~[na:na]
	at java.base/java.util.concurrent.ThreadPoolExecutor$Worker.run(ThreadPoolExecutor.java:628) ~[na:na]
	at java.base/java.lang.Thread.run(Thread.java:834) ~[na:na]
Caused by: com.alibaba.nacos.shaded.io.grpc.StatusRuntimeException: UNAVAILABLE: io exception
	at com.alibaba.nacos.shaded.io.grpc.Status.asRuntimeException(Status.java:533) ~[nacos-client-2.0.4.jar:na]
	at com.alibaba.nacos.shaded.io.grpc.stub.ClientCalls$UnaryStreamToFuture.onClose(ClientCalls.java:490) ~[nacos-client-2.0.4.jar:na]
	at com.alibaba.nacos.shaded.io.grpc.PartialForwardingClientCallListener.onClose(PartialForwardingClientCallListener.java:39) ~[nacos-client-2.0.4.jar:na]
	at com.alibaba.nacos.shaded.io.grpc.ForwardingClientCallListener.onClose(ForwardingClientCallListener.java:23) ~[nacos-client-2.0.4.jar:na]
	at com.alibaba.nacos.shaded.io.grpc.ForwardingClientCallListener$SimpleForwardingClientCallListener.onClose(ForwardingClientCallListener.java:40) ~[nacos-client-2.0.4.jar:na]
	at com.alibaba.nacos.shaded.io.grpc.internal.CensusStatsModule$StatsClientInterceptor$1$1.onClose(CensusStatsModule.java:700) ~[nacos-client-2.0.4.jar:na]
	at com.alibaba.nacos.shaded.io.grpc.PartialForwardingClientCallListener.onClose(PartialForwardingClientCallListener.java:39) ~[nacos-client-2.0.4.jar:na]
	at com.alibaba.nacos.shaded.io.grpc.ForwardingClientCallListener.onClose(ForwardingClientCallListener.java:23) ~[nacos-client-2.0.4.jar:na]
	at com.alibaba.nacos.shaded.io.grpc.ForwardingClientCallListener$SimpleForwardingClientCallListener.onClose(ForwardingClientCallListener.java:40) ~[nacos-client-2.0.4.jar:na]
	at com.alibaba.nacos.shaded.io.grpc.internal.CensusTracingModule$TracingClientInterceptor$1$1.onClose(CensusTracingModule.java:399) ~[nacos-client-2.0.4.jar:na]
	at com.alibaba.nacos.shaded.io.grpc.internal.ClientCallImpl.closeObserver(ClientCallImpl.java:510) ~[nacos-client-2.0.4.jar:na]
	at com.alibaba.nacos.shaded.io.grpc.internal.ClientCallImpl.access$300(ClientCallImpl.java:66) ~[nacos-client-2.0.4.jar:na]
	at com.alibaba.nacos.shaded.io.grpc.internal.ClientCallImpl$ClientStreamListenerImpl.close(ClientCallImpl.java:630) ~[nacos-client-2.0.4.jar:na]
	at com.alibaba.nacos.shaded.io.grpc.internal.ClientCallImpl$ClientStreamListenerImpl.access$700(ClientCallImpl.java:518) ~[nacos-client-2.0.4.jar:na]
	at com.alibaba.nacos.shaded.io.grpc.internal.ClientCallImpl$ClientStreamListenerImpl$1StreamClosed.runInternal(ClientCallImpl.java:692) ~[nacos-client-2.0.4.jar:na]
	at com.alibaba.nacos.shaded.io.grpc.internal.ClientCallImpl$ClientStreamListenerImpl$1StreamClosed.runInContext(ClientCallImpl.java:681) ~[nacos-client-2.0.4.jar:na]
	at com.alibaba.nacos.shaded.io.grpc.internal.ContextRunnable.run(ContextRunnable.java:37) ~[nacos-client-2.0.4.jar:na]
	at com.alibaba.nacos.shaded.io.grpc.internal.SerializingExecutor.run(SerializingExecutor.java:123) ~[nacos-client-2.0.4.jar:na]
	... 3 common frames omitted
Caused by: com.alibaba.nacos.shaded.io.grpc.netty.shaded.io.netty.channel.AbstractChannel$AnnotatedSocketException: Network is unreachable: no further information: /192.168.150.101:9848
Caused by: java.net.SocketException: Network is unreachable: no further information
	at java.base/sun.nio.ch.SocketChannelImpl.checkConnect(Native Method) ~[na:na]
	at java.base/sun.nio.ch.SocketChannelImpl.finishConnect(SocketChannelImpl.java:779) ~[na:na]
	at com.alibaba.nacos.shaded.io.grpc.netty.shaded.io.netty.channel.socket.nio.NioSocketChannel.doFinishConnect(NioSocketChannel.java:327) ~[nacos-client-2.0.4.jar:na]
	at com.alibaba.nacos.shaded.io.grpc.netty.shaded.io.netty.channel.nio.AbstractNioChannel$AbstractNioUnsafe.finishConnect(AbstractNioChannel.java:336) ~[nacos-client-2.0.4.jar:na]
	at com.alibaba.nacos.shaded.io.grpc.netty.shaded.io.netty.channel.nio.NioEventLoop.processSelectedKey(NioEventLoop.java:685) ~[nacos-client-2.0.4.jar:na]
	at com.alibaba.nacos.shaded.io.grpc.netty.shaded.io.netty.channel.nio.NioEventLoop.processSelectedKeysOptimized(NioEventLoop.java:632) ~[nacos-client-2.0.4.jar:na]
	at com.alibaba.nacos.shaded.io.grpc.netty.shaded.io.netty.channel.nio.NioEventLoop.processSelectedKeys(NioEventLoop.java:549) ~[nacos-client-2.0.4.jar:na]
	at com.alibaba.nacos.shaded.io.grpc.netty.shaded.io.netty.channel.nio.NioEventLoop.run(NioEventLoop.java:511) ~[nacos-client-2.0.4.jar:na]
	at com.alibaba.nacos.shaded.io.grpc.netty.shaded.io.netty.util.concurrent.SingleThreadEventExecutor$5.run(SingleThreadEventExecutor.java:918) ~[nacos-client-2.0.4.jar:na]
	at com.alibaba.nacos.shaded.io.grpc.netty.shaded.io.netty.util.internal.ThreadExecutorMap$2.run(ThreadExecutorMap.java:74) ~[nacos-client-2.0.4.jar:na]
	at com.alibaba.nacos.shaded.io.grpc.netty.shaded.io.netty.util.concurrent.FastThreadLocalRunnable.run(FastThreadLocalRunnable.java:30) ~[nacos-client-2.0.4.jar:na]
	at java.base/java.lang.Thread.run(Thread.java:834) ~[na:na]

19:02:50:307 ERROR 29476 --- [com.alibaba.nacos.client.remote.worker] c.a.n.c.remote.client.grpc.GrpcClient    : Server check fail, please check server 192.168.150.101 ,port 9848 is available , error ={}

java.util.concurrent.ExecutionException: com.alibaba.nacos.shaded.io.grpc.StatusRuntimeException: UNAVAILABLE: io exception
	at com.alibaba.nacos.shaded.com.google.common.util.concurrent.AbstractFuture.getDoneValue(AbstractFuture.java:566) ~[nacos-client-2.0.4.jar:na]
	at com.alibaba.nacos.shaded.com.google.common.util.concurrent.AbstractFuture.get(AbstractFuture.java:445) ~[nacos-client-2.0.4.jar:na]
	at com.alibaba.nacos.common.remote.client.grpc.GrpcClient.serverCheck(GrpcClient.java:148) ~[nacos-client-2.0.4.jar:na]
	at com.alibaba.nacos.common.remote.client.grpc.GrpcClient.connectToServer(GrpcClient.java:264) ~[nacos-client-2.0.4.jar:na]
	at com.alibaba.nacos.common.remote.client.RpcClient.reconnect(RpcClient.java:522) ~[nacos-client-2.0.4.jar:na]
	at com.alibaba.nacos.common.remote.client.RpcClient.lambda$start$2(RpcClient.java:370) ~[nacos-client-2.0.4.jar:na]
	at java.base/java.util.concurrent.Executors$RunnableAdapter.call(Executors.java:515) ~[na:na]
	at java.base/java.util.concurrent.FutureTask.run(FutureTask.java:264) ~[na:na]
	at java.base/java.util.concurrent.ScheduledThreadPoolExecutor$ScheduledFutureTask.run(ScheduledThreadPoolExecutor.java:304) ~[na:na]
	at java.base/java.util.concurrent.ThreadPoolExecutor.runWorker(ThreadPoolExecutor.java:1128) ~[na:na]
	at java.base/java.util.concurrent.ThreadPoolExecutor$Worker.run(ThreadPoolExecutor.java:628) ~[na:na]
	at java.base/java.lang.Thread.run(Thread.java:834) ~[na:na]
Caused by: com.alibaba.nacos.shaded.io.grpc.StatusRuntimeException: UNAVAILABLE: io exception
	at com.alibaba.nacos.shaded.io.grpc.Status.asRuntimeException(Status.java:533) ~[nacos-client-2.0.4.jar:na]
	at com.alibaba.nacos.shaded.io.grpc.stub.ClientCalls$UnaryStreamToFuture.onClose(ClientCalls.java:490) ~[nacos-client-2.0.4.jar:na]
	at com.alibaba.nacos.shaded.io.grpc.PartialForwardingClientCallListener.onClose(PartialForwardingClientCallListener.java:39) ~[nacos-client-2.0.4.jar:na]
	at com.alibaba.nacos.shaded.io.grpc.ForwardingClientCallListener.onClose(ForwardingClientCallListener.java:23) ~[nacos-client-2.0.4.jar:na]
	at com.alibaba.nacos.shaded.io.grpc.ForwardingClientCallListener$SimpleForwardingClientCallListener.onClose(ForwardingClientCallListener.java:40) ~[nacos-client-2.0.4.jar:na]
	at com.alibaba.nacos.shaded.io.grpc.internal.CensusStatsModule$StatsClientInterceptor$1$1.onClose(CensusStatsModule.java:700) ~[nacos-client-2.0.4.jar:na]
	at com.alibaba.nacos.shaded.io.grpc.PartialForwardingClientCallListener.onClose(PartialForwardingClientCallListener.java:39) ~[nacos-client-2.0.4.jar:na]
	at com.alibaba.nacos.shaded.io.grpc.ForwardingClientCallListener.onClose(ForwardingClientCallListener.java:23) ~[nacos-client-2.0.4.jar:na]
	at com.alibaba.nacos.shaded.io.grpc.ForwardingClientCallListener$SimpleForwardingClientCallListener.onClose(ForwardingClientCallListener.java:40) ~[nacos-client-2.0.4.jar:na]
	at com.alibaba.nacos.shaded.io.grpc.internal.CensusTracingModule$TracingClientInterceptor$1$1.onClose(CensusTracingModule.java:399) ~[nacos-client-2.0.4.jar:na]
	at com.alibaba.nacos.shaded.io.grpc.internal.ClientCallImpl.closeObserver(ClientCallImpl.java:510) ~[nacos-client-2.0.4.jar:na]
	at com.alibaba.nacos.shaded.io.grpc.internal.ClientCallImpl.access$300(ClientCallImpl.java:66) ~[nacos-client-2.0.4.jar:na]
	at com.alibaba.nacos.shaded.io.grpc.internal.ClientCallImpl$ClientStreamListenerImpl.close(ClientCallImpl.java:630) ~[nacos-client-2.0.4.jar:na]
	at com.alibaba.nacos.shaded.io.grpc.internal.ClientCallImpl$ClientStreamListenerImpl.access$700(ClientCallImpl.java:518) ~[nacos-client-2.0.4.jar:na]
	at com.alibaba.nacos.shaded.io.grpc.internal.ClientCallImpl$ClientStreamListenerImpl$1StreamClosed.runInternal(ClientCallImpl.java:692) ~[nacos-client-2.0.4.jar:na]
	at com.alibaba.nacos.shaded.io.grpc.internal.ClientCallImpl$ClientStreamListenerImpl$1StreamClosed.runInContext(ClientCallImpl.java:681) ~[nacos-client-2.0.4.jar:na]
	at com.alibaba.nacos.shaded.io.grpc.internal.ContextRunnable.run(ContextRunnable.java:37) ~[nacos-client-2.0.4.jar:na]
	at com.alibaba.nacos.shaded.io.grpc.internal.SerializingExecutor.run(SerializingExecutor.java:123) ~[nacos-client-2.0.4.jar:na]
	... 3 common frames omitted
Caused by: com.alibaba.nacos.shaded.io.grpc.netty.shaded.io.netty.channel.AbstractChannel$AnnotatedSocketException: Network is unreachable: no further information: /192.168.150.101:9848
Caused by: java.net.SocketException: Network is unreachable: no further information
	at java.base/sun.nio.ch.SocketChannelImpl.checkConnect(Native Method) ~[na:na]
	at java.base/sun.nio.ch.SocketChannelImpl.finishConnect(SocketChannelImpl.java:779) ~[na:na]
	at com.alibaba.nacos.shaded.io.grpc.netty.shaded.io.netty.channel.socket.nio.NioSocketChannel.doFinishConnect(NioSocketChannel.java:327) ~[nacos-client-2.0.4.jar:na]
	at com.alibaba.nacos.shaded.io.grpc.netty.shaded.io.netty.channel.nio.AbstractNioChannel$AbstractNioUnsafe.finishConnect(AbstractNioChannel.java:336) ~[nacos-client-2.0.4.jar:na]
	at com.alibaba.nacos.shaded.io.grpc.netty.shaded.io.netty.channel.nio.NioEventLoop.processSelectedKey(NioEventLoop.java:685) ~[nacos-client-2.0.4.jar:na]
	at com.alibaba.nacos.shaded.io.grpc.netty.shaded.io.netty.channel.nio.NioEventLoop.processSelectedKeysOptimized(NioEventLoop.java:632) ~[nacos-client-2.0.4.jar:na]
	at com.alibaba.nacos.shaded.io.grpc.netty.shaded.io.netty.channel.nio.NioEventLoop.processSelectedKeys(NioEventLoop.java:549) ~[nacos-client-2.0.4.jar:na]
	at com.alibaba.nacos.shaded.io.grpc.netty.shaded.io.netty.channel.nio.NioEventLoop.run(NioEventLoop.java:511) ~[nacos-client-2.0.4.jar:na]
	at com.alibaba.nacos.shaded.io.grpc.netty.shaded.io.netty.util.concurrent.SingleThreadEventExecutor$5.run(SingleThreadEventExecutor.java:918) ~[nacos-client-2.0.4.jar:na]
	at com.alibaba.nacos.shaded.io.grpc.netty.shaded.io.netty.util.internal.ThreadExecutorMap$2.run(ThreadExecutorMap.java:74) ~[nacos-client-2.0.4.jar:na]
	at com.alibaba.nacos.shaded.io.grpc.netty.shaded.io.netty.util.concurrent.FastThreadLocalRunnable.run(FastThreadLocalRunnable.java:30) ~[nacos-client-2.0.4.jar:na]
	at java.base/java.lang.Thread.run(Thread.java:834) ~[na:na]

19:02:50:307  INFO 29476 --- [com.alibaba.nacos.client.remote.worker] com.alibaba.nacos.common.remote.client   : [a980ffb0-7022-4e04-88ee-d20b8f2919c8] Fail to connect server, after trying 1 times, last try server is {serverIp = '192.168.150.101', server main port = 8848}, error = unknown
19:02:50:332 ERROR 27656 --- [com.alibaba.nacos.client.remote.worker] c.a.n.c.remote.client.grpc.GrpcClient    : Server check fail, please check server 192.168.150.101 ,port 9848 is available , error ={}

java.util.concurrent.ExecutionException: com.alibaba.nacos.shaded.io.grpc.StatusRuntimeException: UNAVAILABLE: io exception
	at com.alibaba.nacos.shaded.com.google.common.util.concurrent.AbstractFuture.getDoneValue(AbstractFuture.java:566) ~[nacos-client-2.0.4.jar:na]
	at com.alibaba.nacos.shaded.com.google.common.util.concurrent.AbstractFuture.get(AbstractFuture.java:445) ~[nacos-client-2.0.4.jar:na]
	at com.alibaba.nacos.common.remote.client.grpc.GrpcClient.serverCheck(GrpcClient.java:148) ~[nacos-client-2.0.4.jar:na]
	at com.alibaba.nacos.common.remote.client.grpc.GrpcClient.connectToServer(GrpcClient.java:264) ~[nacos-client-2.0.4.jar:na]
	at com.alibaba.nacos.common.remote.client.RpcClient.reconnect(RpcClient.java:522) ~[nacos-client-2.0.4.jar:na]
	at com.alibaba.nacos.common.remote.client.RpcClient.lambda$start$2(RpcClient.java:370) ~[nacos-client-2.0.4.jar:na]
	at java.base/java.util.concurrent.Executors$RunnableAdapter.call(Executors.java:515) ~[na:na]
	at java.base/java.util.concurrent.FutureTask.run(FutureTask.java:264) ~[na:na]
	at java.base/java.util.concurrent.ScheduledThreadPoolExecutor$ScheduledFutureTask.run(ScheduledThreadPoolExecutor.java:304) ~[na:na]
	at java.base/java.util.concurrent.ThreadPoolExecutor.runWorker(ThreadPoolExecutor.java:1128) ~[na:na]
	at java.base/java.util.concurrent.ThreadPoolExecutor$Worker.run(ThreadPoolExecutor.java:628) ~[na:na]
	at java.base/java.lang.Thread.run(Thread.java:834) ~[na:na]
Caused by: com.alibaba.nacos.shaded.io.grpc.StatusRuntimeException: UNAVAILABLE: io exception
	at com.alibaba.nacos.shaded.io.grpc.Status.asRuntimeException(Status.java:533) ~[nacos-client-2.0.4.jar:na]
	at com.alibaba.nacos.shaded.io.grpc.stub.ClientCalls$UnaryStreamToFuture.onClose(ClientCalls.java:490) ~[nacos-client-2.0.4.jar:na]
	at com.alibaba.nacos.shaded.io.grpc.PartialForwardingClientCallListener.onClose(PartialForwardingClientCallListener.java:39) ~[nacos-client-2.0.4.jar:na]
	at com.alibaba.nacos.shaded.io.grpc.ForwardingClientCallListener.onClose(ForwardingClientCallListener.java:23) ~[nacos-client-2.0.4.jar:na]
	at com.alibaba.nacos.shaded.io.grpc.ForwardingClientCallListener$SimpleForwardingClientCallListener.onClose(ForwardingClientCallListener.java:40) ~[nacos-client-2.0.4.jar:na]
	at com.alibaba.nacos.shaded.io.grpc.internal.CensusStatsModule$StatsClientInterceptor$1$1.onClose(CensusStatsModule.java:700) ~[nacos-client-2.0.4.jar:na]
	at com.alibaba.nacos.shaded.io.grpc.PartialForwardingClientCallListener.onClose(PartialForwardingClientCallListener.java:39) ~[nacos-client-2.0.4.jar:na]
	at com.alibaba.nacos.shaded.io.grpc.ForwardingClientCallListener.onClose(ForwardingClientCallListener.java:23) ~[nacos-client-2.0.4.jar:na]
	at com.alibaba.nacos.shaded.io.grpc.ForwardingClientCallListener$SimpleForwardingClientCallListener.onClose(ForwardingClientCallListener.java:40) ~[nacos-client-2.0.4.jar:na]
	at com.alibaba.nacos.shaded.io.grpc.internal.CensusTracingModule$TracingClientInterceptor$1$1.onClose(CensusTracingModule.java:399) ~[nacos-client-2.0.4.jar:na]
	at com.alibaba.nacos.shaded.io.grpc.internal.ClientCallImpl.closeObserver(ClientCallImpl.java:510) ~[nacos-client-2.0.4.jar:na]
	at com.alibaba.nacos.shaded.io.grpc.internal.ClientCallImpl.access$300(ClientCallImpl.java:66) ~[nacos-client-2.0.4.jar:na]
	at com.alibaba.nacos.shaded.io.grpc.internal.ClientCallImpl$ClientStreamListenerImpl.close(ClientCallImpl.java:630) ~[nacos-client-2.0.4.jar:na]
	at com.alibaba.nacos.shaded.io.grpc.internal.ClientCallImpl$ClientStreamListenerImpl.access$700(ClientCallImpl.java:518) ~[nacos-client-2.0.4.jar:na]
	at com.alibaba.nacos.shaded.io.grpc.internal.ClientCallImpl$ClientStreamListenerImpl$1StreamClosed.runInternal(ClientCallImpl.java:692) ~[nacos-client-2.0.4.jar:na]
	at com.alibaba.nacos.shaded.io.grpc.internal.ClientCallImpl$ClientStreamListenerImpl$1StreamClosed.runInContext(ClientCallImpl.java:681) ~[nacos-client-2.0.4.jar:na]
	at com.alibaba.nacos.shaded.io.grpc.internal.ContextRunnable.run(ContextRunnable.java:37) ~[nacos-client-2.0.4.jar:na]
	at com.alibaba.nacos.shaded.io.grpc.internal.SerializingExecutor.run(SerializingExecutor.java:123) ~[nacos-client-2.0.4.jar:na]
	... 3 common frames omitted
Caused by: com.alibaba.nacos.shaded.io.grpc.netty.shaded.io.netty.channel.AbstractChannel$AnnotatedSocketException: Network is unreachable: no further information: /192.168.150.101:9848
Caused by: java.net.SocketException: Network is unreachable: no further information
	at java.base/sun.nio.ch.SocketChannelImpl.checkConnect(Native Method) ~[na:na]
	at java.base/sun.nio.ch.SocketChannelImpl.finishConnect(SocketChannelImpl.java:779) ~[na:na]
	at com.alibaba.nacos.shaded.io.grpc.netty.shaded.io.netty.channel.socket.nio.NioSocketChannel.doFinishConnect(NioSocketChannel.java:327) ~[nacos-client-2.0.4.jar:na]
	at com.alibaba.nacos.shaded.io.grpc.netty.shaded.io.netty.channel.nio.AbstractNioChannel$AbstractNioUnsafe.finishConnect(AbstractNioChannel.java:336) ~[nacos-client-2.0.4.jar:na]
	at com.alibaba.nacos.shaded.io.grpc.netty.shaded.io.netty.channel.nio.NioEventLoop.processSelectedKey(NioEventLoop.java:685) ~[nacos-client-2.0.4.jar:na]
	at com.alibaba.nacos.shaded.io.grpc.netty.shaded.io.netty.channel.nio.NioEventLoop.processSelectedKeysOptimized(NioEventLoop.java:632) ~[nacos-client-2.0.4.jar:na]
	at com.alibaba.nacos.shaded.io.grpc.netty.shaded.io.netty.channel.nio.NioEventLoop.processSelectedKeys(NioEventLoop.java:549) ~[nacos-client-2.0.4.jar:na]
	at com.alibaba.nacos.shaded.io.grpc.netty.shaded.io.netty.channel.nio.NioEventLoop.run(NioEventLoop.java:511) ~[nacos-client-2.0.4.jar:na]
	at com.alibaba.nacos.shaded.io.grpc.netty.shaded.io.netty.util.concurrent.SingleThreadEventExecutor$5.run(SingleThreadEventExecutor.java:918) ~[nacos-client-2.0.4.jar:na]
	at com.alibaba.nacos.shaded.io.grpc.netty.shaded.io.netty.util.internal.ThreadExecutorMap$2.run(ThreadExecutorMap.java:74) ~[nacos-client-2.0.4.jar:na]
	at com.alibaba.nacos.shaded.io.grpc.netty.shaded.io.netty.util.concurrent.FastThreadLocalRunnable.run(FastThreadLocalRunnable.java:30) ~[nacos-client-2.0.4.jar:na]
	at java.base/java.lang.Thread.run(Thread.java:834) ~[na:na]

19:02:50:335  INFO 27656 --- [com.alibaba.nacos.client.remote.worker] com.alibaba.nacos.common.remote.client   : [3011da57-6ed1-47df-b8fc-399c53803a06] Fail to connect server, after trying 1 times, last try server is {serverIp = '192.168.150.101', server main port = 8848}, error = unknown
19:02:50:522 ERROR 29476 --- [com.alibaba.nacos.client.remote.worker] c.a.n.c.remote.client.grpc.GrpcClient    : Server check fail, please check server 192.168.150.101 ,port 9848 is available , error ={}

java.util.concurrent.ExecutionException: com.alibaba.nacos.shaded.io.grpc.StatusRuntimeException: UNAVAILABLE: io exception
	at com.alibaba.nacos.shaded.com.google.common.util.concurrent.AbstractFuture.getDoneValue(AbstractFuture.java:566) ~[nacos-client-2.0.4.jar:na]
	at com.alibaba.nacos.shaded.com.google.common.util.concurrent.AbstractFuture.get(AbstractFuture.java:445) ~[nacos-client-2.0.4.jar:na]
	at com.alibaba.nacos.common.remote.client.grpc.GrpcClient.serverCheck(GrpcClient.java:148) ~[nacos-client-2.0.4.jar:na]
	at com.alibaba.nacos.common.remote.client.grpc.GrpcClient.connectToServer(GrpcClient.java:264) ~[nacos-client-2.0.4.jar:na]
	at com.alibaba.nacos.common.remote.client.RpcClient.reconnect(RpcClient.java:522) ~[nacos-client-2.0.4.jar:na]
	at com.alibaba.nacos.common.remote.client.RpcClient.lambda$start$2(RpcClient.java:370) ~[nacos-client-2.0.4.jar:na]
	at java.base/java.util.concurrent.Executors$RunnableAdapter.call(Executors.java:515) ~[na:na]
	at java.base/java.util.concurrent.FutureTask.run(FutureTask.java:264) ~[na:na]
	at java.base/java.util.concurrent.ScheduledThreadPoolExecutor$ScheduledFutureTask.run(ScheduledThreadPoolExecutor.java:304) ~[na:na]
	at java.base/java.util.concurrent.ThreadPoolExecutor.runWorker(ThreadPoolExecutor.java:1128) ~[na:na]
	at java.base/java.util.concurrent.ThreadPoolExecutor$Worker.run(ThreadPoolExecutor.java:628) ~[na:na]
	at java.base/java.lang.Thread.run(Thread.java:834) ~[na:na]
Caused by: com.alibaba.nacos.shaded.io.grpc.StatusRuntimeException: UNAVAILABLE: io exception
	at com.alibaba.nacos.shaded.io.grpc.Status.asRuntimeException(Status.java:533) ~[nacos-client-2.0.4.jar:na]
	at com.alibaba.nacos.shaded.io.grpc.stub.ClientCalls$UnaryStreamToFuture.onClose(ClientCalls.java:490) ~[nacos-client-2.0.4.jar:na]
	at com.alibaba.nacos.shaded.io.grpc.PartialForwardingClientCallListener.onClose(PartialForwardingClientCallListener.java:39) ~[nacos-client-2.0.4.jar:na]
	at com.alibaba.nacos.shaded.io.grpc.ForwardingClientCallListener.onClose(ForwardingClientCallListener.java:23) ~[nacos-client-2.0.4.jar:na]
	at com.alibaba.nacos.shaded.io.grpc.ForwardingClientCallListener$SimpleForwardingClientCallListener.onClose(ForwardingClientCallListener.java:40) ~[nacos-client-2.0.4.jar:na]
	at com.alibaba.nacos.shaded.io.grpc.internal.CensusStatsModule$StatsClientInterceptor$1$1.onClose(CensusStatsModule.java:700) ~[nacos-client-2.0.4.jar:na]
	at com.alibaba.nacos.shaded.io.grpc.PartialForwardingClientCallListener.onClose(PartialForwardingClientCallListener.java:39) ~[nacos-client-2.0.4.jar:na]
	at com.alibaba.nacos.shaded.io.grpc.ForwardingClientCallListener.onClose(ForwardingClientCallListener.java:23) ~[nacos-client-2.0.4.jar:na]
	at com.alibaba.nacos.shaded.io.grpc.ForwardingClientCallListener$SimpleForwardingClientCallListener.onClose(ForwardingClientCallListener.java:40) ~[nacos-client-2.0.4.jar:na]
	at com.alibaba.nacos.shaded.io.grpc.internal.CensusTracingModule$TracingClientInterceptor$1$1.onClose(CensusTracingModule.java:399) ~[nacos-client-2.0.4.jar:na]
	at com.alibaba.nacos.shaded.io.grpc.internal.ClientCallImpl.closeObserver(ClientCallImpl.java:510) ~[nacos-client-2.0.4.jar:na]
	at com.alibaba.nacos.shaded.io.grpc.internal.ClientCallImpl.access$300(ClientCallImpl.java:66) ~[nacos-client-2.0.4.jar:na]
	at com.alibaba.nacos.shaded.io.grpc.internal.ClientCallImpl$ClientStreamListenerImpl.close(ClientCallImpl.java:630) ~[nacos-client-2.0.4.jar:na]
	at com.alibaba.nacos.shaded.io.grpc.internal.ClientCallImpl$ClientStreamListenerImpl.access$700(ClientCallImpl.java:518) ~[nacos-client-2.0.4.jar:na]
	at com.alibaba.nacos.shaded.io.grpc.internal.ClientCallImpl$ClientStreamListenerImpl$1StreamClosed.runInternal(ClientCallImpl.java:692) ~[nacos-client-2.0.4.jar:na]
	at com.alibaba.nacos.shaded.io.grpc.internal.ClientCallImpl$ClientStreamListenerImpl$1StreamClosed.runInContext(ClientCallImpl.java:681) ~[nacos-client-2.0.4.jar:na]
	at com.alibaba.nacos.shaded.io.grpc.internal.ContextRunnable.run(ContextRunnable.java:37) ~[nacos-client-2.0.4.jar:na]
	at com.alibaba.nacos.shaded.io.grpc.internal.SerializingExecutor.run(SerializingExecutor.java:123) ~[nacos-client-2.0.4.jar:na]
	... 3 common frames omitted
Caused by: com.alibaba.nacos.shaded.io.grpc.netty.shaded.io.netty.channel.AbstractChannel$AnnotatedSocketException: Network is unreachable: no further information: /192.168.150.101:9848
Caused by: java.net.SocketException: Network is unreachable: no further information
	at java.base/sun.nio.ch.SocketChannelImpl.checkConnect(Native Method) ~[na:na]
	at java.base/sun.nio.ch.SocketChannelImpl.finishConnect(SocketChannelImpl.java:779) ~[na:na]
	at com.alibaba.nacos.shaded.io.grpc.netty.shaded.io.netty.channel.socket.nio.NioSocketChannel.doFinishConnect(NioSocketChannel.java:327) ~[nacos-client-2.0.4.jar:na]
	at com.alibaba.nacos.shaded.io.grpc.netty.shaded.io.netty.channel.nio.AbstractNioChannel$AbstractNioUnsafe.finishConnect(AbstractNioChannel.java:336) ~[nacos-client-2.0.4.jar:na]
	at com.alibaba.nacos.shaded.io.grpc.netty.shaded.io.netty.channel.nio.NioEventLoop.processSelectedKey(NioEventLoop.java:685) ~[nacos-client-2.0.4.jar:na]
	at com.alibaba.nacos.shaded.io.grpc.netty.shaded.io.netty.channel.nio.NioEventLoop.processSelectedKeysOptimized(NioEventLoop.java:632) ~[nacos-client-2.0.4.jar:na]
	at com.alibaba.nacos.shaded.io.grpc.netty.shaded.io.netty.channel.nio.NioEventLoop.processSelectedKeys(NioEventLoop.java:549) ~[nacos-client-2.0.4.jar:na]
	at com.alibaba.nacos.shaded.io.grpc.netty.shaded.io.netty.channel.nio.NioEventLoop.run(NioEventLoop.java:511) ~[nacos-client-2.0.4.jar:na]
	at com.alibaba.nacos.shaded.io.grpc.netty.shaded.io.netty.util.concurrent.SingleThreadEventExecutor$5.run(SingleThreadEventExecutor.java:918) ~[nacos-client-2.0.4.jar:na]
	at com.alibaba.nacos.shaded.io.grpc.netty.shaded.io.netty.util.internal.ThreadExecutorMap$2.run(ThreadExecutorMap.java:74) ~[nacos-client-2.0.4.jar:na]
	at com.alibaba.nacos.shaded.io.grpc.netty.shaded.io.netty.util.concurrent.FastThreadLocalRunnable.run(FastThreadLocalRunnable.java:30) ~[nacos-client-2.0.4.jar:na]
	at java.base/java.lang.Thread.run(Thread.java:834) ~[na:na]

19:02:50:524  INFO 29476 --- [com.alibaba.nacos.client.remote.worker] com.alibaba.nacos.common.remote.client   : [a980ffb0-7022-4e04-88ee-d20b8f2919c8] Fail to connect server, after trying 2 times, last try server is {serverIp = '192.168.150.101', server main port = 8848}, error = unknown
19:02:50:558 ERROR 27656 --- [com.alibaba.nacos.client.remote.worker] c.a.n.c.remote.client.grpc.GrpcClient    : Server check fail, please check server 192.168.150.101 ,port 9848 is available , error ={}

java.util.concurrent.ExecutionException: com.alibaba.nacos.shaded.io.grpc.StatusRuntimeException: UNAVAILABLE: io exception
	at com.alibaba.nacos.shaded.com.google.common.util.concurrent.AbstractFuture.getDoneValue(AbstractFuture.java:566) ~[nacos-client-2.0.4.jar:na]
	at com.alibaba.nacos.shaded.com.google.common.util.concurrent.AbstractFuture.get(AbstractFuture.java:445) ~[nacos-client-2.0.4.jar:na]
	at com.alibaba.nacos.common.remote.client.grpc.GrpcClient.serverCheck(GrpcClient.java:148) ~[nacos-client-2.0.4.jar:na]
	at com.alibaba.nacos.common.remote.client.grpc.GrpcClient.connectToServer(GrpcClient.java:264) ~[nacos-client-2.0.4.jar:na]
	at com.alibaba.nacos.common.remote.client.RpcClient.reconnect(RpcClient.java:522) ~[nacos-client-2.0.4.jar:na]
	at com.alibaba.nacos.common.remote.client.RpcClient.lambda$start$2(RpcClient.java:370) ~[nacos-client-2.0.4.jar:na]
	at java.base/java.util.concurrent.Executors$RunnableAdapter.call(Executors.java:515) ~[na:na]
	at java.base/java.util.concurrent.FutureTask.run(FutureTask.java:264) ~[na:na]
	at java.base/java.util.concurrent.ScheduledThreadPoolExecutor$ScheduledFutureTask.run(ScheduledThreadPoolExecutor.java:304) ~[na:na]
	at java.base/java.util.concurrent.ThreadPoolExecutor.runWorker(ThreadPoolExecutor.java:1128) ~[na:na]
	at java.base/java.util.concurrent.ThreadPoolExecutor$Worker.run(ThreadPoolExecutor.java:628) ~[na:na]
	at java.base/java.lang.Thread.run(Thread.java:834) ~[na:na]
Caused by: com.alibaba.nacos.shaded.io.grpc.StatusRuntimeException: UNAVAILABLE: io exception
	at com.alibaba.nacos.shaded.io.grpc.Status.asRuntimeException(Status.java:533) ~[nacos-client-2.0.4.jar:na]
	at com.alibaba.nacos.shaded.io.grpc.stub.ClientCalls$UnaryStreamToFuture.onClose(ClientCalls.java:490) ~[nacos-client-2.0.4.jar:na]
	at com.alibaba.nacos.shaded.io.grpc.PartialForwardingClientCallListener.onClose(PartialForwardingClientCallListener.java:39) ~[nacos-client-2.0.4.jar:na]
	at com.alibaba.nacos.shaded.io.grpc.ForwardingClientCallListener.onClose(ForwardingClientCallListener.java:23) ~[nacos-client-2.0.4.jar:na]
	at com.alibaba.nacos.shaded.io.grpc.ForwardingClientCallListener$SimpleForwardingClientCallListener.onClose(ForwardingClientCallListener.java:40) ~[nacos-client-2.0.4.jar:na]
	at com.alibaba.nacos.shaded.io.grpc.internal.CensusStatsModule$StatsClientInterceptor$1$1.onClose(CensusStatsModule.java:700) ~[nacos-client-2.0.4.jar:na]
	at com.alibaba.nacos.shaded.io.grpc.PartialForwardingClientCallListener.onClose(PartialForwardingClientCallListener.java:39) ~[nacos-client-2.0.4.jar:na]
	at com.alibaba.nacos.shaded.io.grpc.ForwardingClientCallListener.onClose(ForwardingClientCallListener.java:23) ~[nacos-client-2.0.4.jar:na]
	at com.alibaba.nacos.shaded.io.grpc.ForwardingClientCallListener$SimpleForwardingClientCallListener.onClose(ForwardingClientCallListener.java:40) ~[nacos-client-2.0.4.jar:na]
	at com.alibaba.nacos.shaded.io.grpc.internal.CensusTracingModule$TracingClientInterceptor$1$1.onClose(CensusTracingModule.java:399) ~[nacos-client-2.0.4.jar:na]
	at com.alibaba.nacos.shaded.io.grpc.internal.ClientCallImpl.closeObserver(ClientCallImpl.java:510) ~[nacos-client-2.0.4.jar:na]
	at com.alibaba.nacos.shaded.io.grpc.internal.ClientCallImpl.access$300(ClientCallImpl.java:66) ~[nacos-client-2.0.4.jar:na]
	at com.alibaba.nacos.shaded.io.grpc.internal.ClientCallImpl$ClientStreamListenerImpl.close(ClientCallImpl.java:630) ~[nacos-client-2.0.4.jar:na]
	at com.alibaba.nacos.shaded.io.grpc.internal.ClientCallImpl$ClientStreamListenerImpl.access$700(ClientCallImpl.java:518) ~[nacos-client-2.0.4.jar:na]
	at com.alibaba.nacos.shaded.io.grpc.internal.ClientCallImpl$ClientStreamListenerImpl$1StreamClosed.runInternal(ClientCallImpl.java:692) ~[nacos-client-2.0.4.jar:na]
	at com.alibaba.nacos.shaded.io.grpc.internal.ClientCallImpl$ClientStreamListenerImpl$1StreamClosed.runInContext(ClientCallImpl.java:681) ~[nacos-client-2.0.4.jar:na]
	at com.alibaba.nacos.shaded.io.grpc.internal.ContextRunnable.run(ContextRunnable.java:37) ~[nacos-client-2.0.4.jar:na]
	at com.alibaba.nacos.shaded.io.grpc.internal.SerializingExecutor.run(SerializingExecutor.java:123) ~[nacos-client-2.0.4.jar:na]
	... 3 common frames omitted
Caused by: com.alibaba.nacos.shaded.io.grpc.netty.shaded.io.netty.channel.AbstractChannel$AnnotatedSocketException: Network is unreachable: no further information: /192.168.150.101:9848
Caused by: java.net.SocketException: Network is unreachable: no further information
	at java.base/sun.nio.ch.SocketChannelImpl.checkConnect(Native Method) ~[na:na]
	at java.base/sun.nio.ch.SocketChannelImpl.finishConnect(SocketChannelImpl.java:779) ~[na:na]
	at com.alibaba.nacos.shaded.io.grpc.netty.shaded.io.netty.channel.socket.nio.NioSocketChannel.doFinishConnect(NioSocketChannel.java:327) ~[nacos-client-2.0.4.jar:na]
	at com.alibaba.nacos.shaded.io.grpc.netty.shaded.io.netty.channel.nio.AbstractNioChannel$AbstractNioUnsafe.finishConnect(AbstractNioChannel.java:336) ~[nacos-client-2.0.4.jar:na]
	at com.alibaba.nacos.shaded.io.grpc.netty.shaded.io.netty.channel.nio.NioEventLoop.processSelectedKey(NioEventLoop.java:685) ~[nacos-client-2.0.4.jar:na]
	at com.alibaba.nacos.shaded.io.grpc.netty.shaded.io.netty.channel.nio.NioEventLoop.processSelectedKeysOptimized(NioEventLoop.java:632) ~[nacos-client-2.0.4.jar:na]
	at com.alibaba.nacos.shaded.io.grpc.netty.shaded.io.netty.channel.nio.NioEventLoop.processSelectedKeys(NioEventLoop.java:549) ~[nacos-client-2.0.4.jar:na]
	at com.alibaba.nacos.shaded.io.grpc.netty.shaded.io.netty.channel.nio.NioEventLoop.run(NioEventLoop.java:511) ~[nacos-client-2.0.4.jar:na]
	at com.alibaba.nacos.shaded.io.grpc.netty.shaded.io.netty.util.concurrent.SingleThreadEventExecutor$5.run(SingleThreadEventExecutor.java:918) ~[nacos-client-2.0.4.jar:na]
	at com.alibaba.nacos.shaded.io.grpc.netty.shaded.io.netty.util.internal.ThreadExecutorMap$2.run(ThreadExecutorMap.java:74) ~[nacos-client-2.0.4.jar:na]
	at com.alibaba.nacos.shaded.io.grpc.netty.shaded.io.netty.util.concurrent.FastThreadLocalRunnable.run(FastThreadLocalRunnable.java:30) ~[nacos-client-2.0.4.jar:na]
	at java.base/java.lang.Thread.run(Thread.java:834) ~[na:na]

19:02:50:558  INFO 27656 --- [com.alibaba.nacos.client.remote.worker] com.alibaba.nacos.common.remote.client   : [3011da57-6ed1-47df-b8fc-399c53803a06] Fail to connect server, after trying 2 times, last try server is {serverIp = '192.168.150.101', server main port = 8848}, error = unknown
19:02:50:842 ERROR 29476 --- [com.alibaba.nacos.client.remote.worker] c.a.n.c.remote.client.grpc.GrpcClient    : Server check fail, please check server 192.168.150.101 ,port 9848 is available , error ={}

java.util.concurrent.ExecutionException: com.alibaba.nacos.shaded.io.grpc.StatusRuntimeException: UNAVAILABLE: io exception
	at com.alibaba.nacos.shaded.com.google.common.util.concurrent.AbstractFuture.getDoneValue(AbstractFuture.java:566) ~[nacos-client-2.0.4.jar:na]
	at com.alibaba.nacos.shaded.com.google.common.util.concurrent.AbstractFuture.get(AbstractFuture.java:445) ~[nacos-client-2.0.4.jar:na]
	at com.alibaba.nacos.common.remote.client.grpc.GrpcClient.serverCheck(GrpcClient.java:148) ~[nacos-client-2.0.4.jar:na]
	at com.alibaba.nacos.common.remote.client.grpc.GrpcClient.connectToServer(GrpcClient.java:264) ~[nacos-client-2.0.4.jar:na]
	at com.alibaba.nacos.common.remote.client.RpcClient.reconnect(RpcClient.java:522) ~[nacos-client-2.0.4.jar:na]
	at com.alibaba.nacos.common.remote.client.RpcClient.lambda$start$2(RpcClient.java:370) ~[nacos-client-2.0.4.jar:na]
	at java.base/java.util.concurrent.Executors$RunnableAdapter.call(Executors.java:515) ~[na:na]
	at java.base/java.util.concurrent.FutureTask.run(FutureTask.java:264) ~[na:na]
	at java.base/java.util.concurrent.ScheduledThreadPoolExecutor$ScheduledFutureTask.run(ScheduledThreadPoolExecutor.java:304) ~[na:na]
	at java.base/java.util.concurrent.ThreadPoolExecutor.runWorker(ThreadPoolExecutor.java:1128) ~[na:na]
	at java.base/java.util.concurrent.ThreadPoolExecutor$Worker.run(ThreadPoolExecutor.java:628) ~[na:na]
	at java.base/java.lang.Thread.run(Thread.java:834) ~[na:na]
Caused by: com.alibaba.nacos.shaded.io.grpc.StatusRuntimeException: UNAVAILABLE: io exception
	at com.alibaba.nacos.shaded.io.grpc.Status.asRuntimeException(Status.java:533) ~[nacos-client-2.0.4.jar:na]
	at com.alibaba.nacos.shaded.io.grpc.stub.ClientCalls$UnaryStreamToFuture.onClose(ClientCalls.java:490) ~[nacos-client-2.0.4.jar:na]
	at com.alibaba.nacos.shaded.io.grpc.PartialForwardingClientCallListener.onClose(PartialForwardingClientCallListener.java:39) ~[nacos-client-2.0.4.jar:na]
	at com.alibaba.nacos.shaded.io.grpc.ForwardingClientCallListener.onClose(ForwardingClientCallListener.java:23) ~[nacos-client-2.0.4.jar:na]
	at com.alibaba.nacos.shaded.io.grpc.ForwardingClientCallListener$SimpleForwardingClientCallListener.onClose(ForwardingClientCallListener.java:40) ~[nacos-client-2.0.4.jar:na]
	at com.alibaba.nacos.shaded.io.grpc.internal.CensusStatsModule$StatsClientInterceptor$1$1.onClose(CensusStatsModule.java:700) ~[nacos-client-2.0.4.jar:na]
	at com.alibaba.nacos.shaded.io.grpc.PartialForwardingClientCallListener.onClose(PartialForwardingClientCallListener.java:39) ~[nacos-client-2.0.4.jar:na]
	at com.alibaba.nacos.shaded.io.grpc.ForwardingClientCallListener.onClose(ForwardingClientCallListener.java:23) ~[nacos-client-2.0.4.jar:na]
	at com.alibaba.nacos.shaded.io.grpc.ForwardingClientCallListener$SimpleForwardingClientCallListener.onClose(ForwardingClientCallListener.java:40) ~[nacos-client-2.0.4.jar:na]
	at com.alibaba.nacos.shaded.io.grpc.internal.CensusTracingModule$TracingClientInterceptor$1$1.onClose(CensusTracingModule.java:399) ~[nacos-client-2.0.4.jar:na]
	at com.alibaba.nacos.shaded.io.grpc.internal.ClientCallImpl.closeObserver(ClientCallImpl.java:510) ~[nacos-client-2.0.4.jar:na]
	at com.alibaba.nacos.shaded.io.grpc.internal.ClientCallImpl.access$300(ClientCallImpl.java:66) ~[nacos-client-2.0.4.jar:na]
	at com.alibaba.nacos.shaded.io.grpc.internal.ClientCallImpl$ClientStreamListenerImpl.close(ClientCallImpl.java:630) ~[nacos-client-2.0.4.jar:na]
	at com.alibaba.nacos.shaded.io.grpc.internal.ClientCallImpl$ClientStreamListenerImpl.access$700(ClientCallImpl.java:518) ~[nacos-client-2.0.4.jar:na]
	at com.alibaba.nacos.shaded.io.grpc.internal.ClientCallImpl$ClientStreamListenerImpl$1StreamClosed.runInternal(ClientCallImpl.java:692) ~[nacos-client-2.0.4.jar:na]
	at com.alibaba.nacos.shaded.io.grpc.internal.ClientCallImpl$ClientStreamListenerImpl$1StreamClosed.runInContext(ClientCallImpl.java:681) ~[nacos-client-2.0.4.jar:na]
	at com.alibaba.nacos.shaded.io.grpc.internal.ContextRunnable.run(ContextRunnable.java:37) ~[nacos-client-2.0.4.jar:na]
	at com.alibaba.nacos.shaded.io.grpc.internal.SerializingExecutor.run(SerializingExecutor.java:123) ~[nacos-client-2.0.4.jar:na]
	... 3 common frames omitted
Caused by: com.alibaba.nacos.shaded.io.grpc.netty.shaded.io.netty.channel.AbstractChannel$AnnotatedSocketException: Network is unreachable: no further information: /192.168.150.101:9848
Caused by: java.net.SocketException: Network is unreachable: no further information
	at java.base/sun.nio.ch.SocketChannelImpl.checkConnect(Native Method) ~[na:na]
	at java.base/sun.nio.ch.SocketChannelImpl.finishConnect(SocketChannelImpl.java:779) ~[na:na]
	at com.alibaba.nacos.shaded.io.grpc.netty.shaded.io.netty.channel.socket.nio.NioSocketChannel.doFinishConnect(NioSocketChannel.java:327) ~[nacos-client-2.0.4.jar:na]
	at com.alibaba.nacos.shaded.io.grpc.netty.shaded.io.netty.channel.nio.AbstractNioChannel$AbstractNioUnsafe.finishConnect(AbstractNioChannel.java:336) ~[nacos-client-2.0.4.jar:na]
	at com.alibaba.nacos.shaded.io.grpc.netty.shaded.io.netty.channel.nio.NioEventLoop.processSelectedKey(NioEventLoop.java:685) ~[nacos-client-2.0.4.jar:na]
	at com.alibaba.nacos.shaded.io.grpc.netty.shaded.io.netty.channel.nio.NioEventLoop.processSelectedKeysOptimized(NioEventLoop.java:632) ~[nacos-client-2.0.4.jar:na]
	at com.alibaba.nacos.shaded.io.grpc.netty.shaded.io.netty.channel.nio.NioEventLoop.processSelectedKeys(NioEventLoop.java:549) ~[nacos-client-2.0.4.jar:na]
	at com.alibaba.nacos.shaded.io.grpc.netty.shaded.io.netty.channel.nio.NioEventLoop.run(NioEventLoop.java:511) ~[nacos-client-2.0.4.jar:na]
	at com.alibaba.nacos.shaded.io.grpc.netty.shaded.io.netty.util.concurrent.SingleThreadEventExecutor$5.run(SingleThreadEventExecutor.java:918) ~[nacos-client-2.0.4.jar:na]
	at com.alibaba.nacos.shaded.io.grpc.netty.shaded.io.netty.util.internal.ThreadExecutorMap$2.run(ThreadExecutorMap.java:74) ~[nacos-client-2.0.4.jar:na]
	at com.alibaba.nacos.shaded.io.grpc.netty.shaded.io.netty.util.concurrent.FastThreadLocalRunnable.run(FastThreadLocalRunnable.java:30) ~[nacos-client-2.0.4.jar:na]
	at java.base/java.lang.Thread.run(Thread.java:834) ~[na:na]

19:02:50:842  INFO 29476 --- [com.alibaba.nacos.client.remote.worker] com.alibaba.nacos.common.remote.client   : [a980ffb0-7022-4e04-88ee-d20b8f2919c8] Fail to connect server, after trying 3 times, last try server is {serverIp = '192.168.150.101', server main port = 8848}, error = unknown
19:02:50:875 ERROR 27656 --- [com.alibaba.nacos.client.remote.worker] c.a.n.c.remote.client.grpc.GrpcClient    : Server check fail, please check server 192.168.150.101 ,port 9848 is available , error ={}

java.util.concurrent.ExecutionException: com.alibaba.nacos.shaded.io.grpc.StatusRuntimeException: UNAVAILABLE: io exception
	at com.alibaba.nacos.shaded.com.google.common.util.concurrent.AbstractFuture.getDoneValue(AbstractFuture.java:566) ~[nacos-client-2.0.4.jar:na]
	at com.alibaba.nacos.shaded.com.google.common.util.concurrent.AbstractFuture.get(AbstractFuture.java:445) ~[nacos-client-2.0.4.jar:na]
	at com.alibaba.nacos.common.remote.client.grpc.GrpcClient.serverCheck(GrpcClient.java:148) ~[nacos-client-2.0.4.jar:na]
	at com.alibaba.nacos.common.remote.client.grpc.GrpcClient.connectToServer(GrpcClient.java:264) ~[nacos-client-2.0.4.jar:na]
	at com.alibaba.nacos.common.remote.client.RpcClient.reconnect(RpcClient.java:522) ~[nacos-client-2.0.4.jar:na]
	at com.alibaba.nacos.common.remote.client.RpcClient.lambda$start$2(RpcClient.java:370) ~[nacos-client-2.0.4.jar:na]
	at java.base/java.util.concurrent.Executors$RunnableAdapter.call(Executors.java:515) ~[na:na]
	at java.base/java.util.concurrent.FutureTask.run(FutureTask.java:264) ~[na:na]
	at java.base/java.util.concurrent.ScheduledThreadPoolExecutor$ScheduledFutureTask.run(ScheduledThreadPoolExecutor.java:304) ~[na:na]
	at java.base/java.util.concurrent.ThreadPoolExecutor.runWorker(ThreadPoolExecutor.java:1128) ~[na:na]
	at java.base/java.util.concurrent.ThreadPoolExecutor$Worker.run(ThreadPoolExecutor.java:628) ~[na:na]
	at java.base/java.lang.Thread.run(Thread.java:834) ~[na:na]
Caused by: com.alibaba.nacos.shaded.io.grpc.StatusRuntimeException: UNAVAILABLE: io exception
	at com.alibaba.nacos.shaded.io.grpc.Status.asRuntimeException(Status.java:533) ~[nacos-client-2.0.4.jar:na]
	at com.alibaba.nacos.shaded.io.grpc.stub.ClientCalls$UnaryStreamToFuture.onClose(ClientCalls.java:490) ~[nacos-client-2.0.4.jar:na]
	at com.alibaba.nacos.shaded.io.grpc.PartialForwardingClientCallListener.onClose(PartialForwardingClientCallListener.java:39) ~[nacos-client-2.0.4.jar:na]
	at com.alibaba.nacos.shaded.io.grpc.ForwardingClientCallListener.onClose(ForwardingClientCallListener.java:23) ~[nacos-client-2.0.4.jar:na]
	at com.alibaba.nacos.shaded.io.grpc.ForwardingClientCallListener$SimpleForwardingClientCallListener.onClose(ForwardingClientCallListener.java:40) ~[nacos-client-2.0.4.jar:na]
	at com.alibaba.nacos.shaded.io.grpc.internal.CensusStatsModule$StatsClientInterceptor$1$1.onClose(CensusStatsModule.java:700) ~[nacos-client-2.0.4.jar:na]
	at com.alibaba.nacos.shaded.io.grpc.PartialForwardingClientCallListener.onClose(PartialForwardingClientCallListener.java:39) ~[nacos-client-2.0.4.jar:na]
	at com.alibaba.nacos.shaded.io.grpc.ForwardingClientCallListener.onClose(ForwardingClientCallListener.java:23) ~[nacos-client-2.0.4.jar:na]
	at com.alibaba.nacos.shaded.io.grpc.ForwardingClientCallListener$SimpleForwardingClientCallListener.onClose(ForwardingClientCallListener.java:40) ~[nacos-client-2.0.4.jar:na]
	at com.alibaba.nacos.shaded.io.grpc.internal.CensusTracingModule$TracingClientInterceptor$1$1.onClose(CensusTracingModule.java:399) ~[nacos-client-2.0.4.jar:na]
	at com.alibaba.nacos.shaded.io.grpc.internal.ClientCallImpl.closeObserver(ClientCallImpl.java:510) ~[nacos-client-2.0.4.jar:na]
	at com.alibaba.nacos.shaded.io.grpc.internal.ClientCallImpl.access$300(ClientCallImpl.java:66) ~[nacos-client-2.0.4.jar:na]
	at com.alibaba.nacos.shaded.io.grpc.internal.ClientCallImpl$ClientStreamListenerImpl.close(ClientCallImpl.java:630) ~[nacos-client-2.0.4.jar:na]
	at com.alibaba.nacos.shaded.io.grpc.internal.ClientCallImpl$ClientStreamListenerImpl.access$700(ClientCallImpl.java:518) ~[nacos-client-2.0.4.jar:na]
	at com.alibaba.nacos.shaded.io.grpc.internal.ClientCallImpl$ClientStreamListenerImpl$1StreamClosed.runInternal(ClientCallImpl.java:692) ~[nacos-client-2.0.4.jar:na]
	at com.alibaba.nacos.shaded.io.grpc.internal.ClientCallImpl$ClientStreamListenerImpl$1StreamClosed.runInContext(ClientCallImpl.java:681) ~[nacos-client-2.0.4.jar:na]
	at com.alibaba.nacos.shaded.io.grpc.internal.ContextRunnable.run(ContextRunnable.java:37) ~[nacos-client-2.0.4.jar:na]
	at com.alibaba.nacos.shaded.io.grpc.internal.SerializingExecutor.run(SerializingExecutor.java:123) ~[nacos-client-2.0.4.jar:na]
	... 3 common frames omitted
Caused by: com.alibaba.nacos.shaded.io.grpc.netty.shaded.io.netty.channel.AbstractChannel$AnnotatedSocketException: Network is unreachable: no further information: /192.168.150.101:9848
Caused by: java.net.SocketException: Network is unreachable: no further information
	at java.base/sun.nio.ch.SocketChannelImpl.checkConnect(Native Method) ~[na:na]
	at java.base/sun.nio.ch.SocketChannelImpl.finishConnect(SocketChannelImpl.java:779) ~[na:na]
	at com.alibaba.nacos.shaded.io.grpc.netty.shaded.io.netty.channel.socket.nio.NioSocketChannel.doFinishConnect(NioSocketChannel.java:327) ~[nacos-client-2.0.4.jar:na]
	at com.alibaba.nacos.shaded.io.grpc.netty.shaded.io.netty.channel.nio.AbstractNioChannel$AbstractNioUnsafe.finishConnect(AbstractNioChannel.java:336) ~[nacos-client-2.0.4.jar:na]
	at com.alibaba.nacos.shaded.io.grpc.netty.shaded.io.netty.channel.nio.NioEventLoop.processSelectedKey(NioEventLoop.java:685) ~[nacos-client-2.0.4.jar:na]
	at com.alibaba.nacos.shaded.io.grpc.netty.shaded.io.netty.channel.nio.NioEventLoop.processSelectedKeysOptimized(NioEventLoop.java:632) ~[nacos-client-2.0.4.jar:na]
	at com.alibaba.nacos.shaded.io.grpc.netty.shaded.io.netty.channel.nio.NioEventLoop.processSelectedKeys(NioEventLoop.java:549) ~[nacos-client-2.0.4.jar:na]
	at com.alibaba.nacos.shaded.io.grpc.netty.shaded.io.netty.channel.nio.NioEventLoop.run(NioEventLoop.java:511) ~[nacos-client-2.0.4.jar:na]
	at com.alibaba.nacos.shaded.io.grpc.netty.shaded.io.netty.util.concurrent.SingleThreadEventExecutor$5.run(SingleThreadEventExecutor.java:918) ~[nacos-client-2.0.4.jar:na]
	at com.alibaba.nacos.shaded.io.grpc.netty.shaded.io.netty.util.internal.ThreadExecutorMap$2.run(ThreadExecutorMap.java:74) ~[nacos-client-2.0.4.jar:na]
	at com.alibaba.nacos.shaded.io.grpc.netty.shaded.io.netty.util.concurrent.FastThreadLocalRunnable.run(FastThreadLocalRunnable.java:30) ~[nacos-client-2.0.4.jar:na]
	at java.base/java.lang.Thread.run(Thread.java:834) ~[na:na]

19:02:50:875  INFO 27656 --- [com.alibaba.nacos.client.remote.worker] com.alibaba.nacos.common.remote.client   : [3011da57-6ed1-47df-b8fc-399c53803a06] Fail to connect server, after trying 3 times, last try server is {serverIp = '192.168.150.101', server main port = 8848}, error = unknown
19:02:51:250 ERROR 29476 --- [com.alibaba.nacos.client.remote.worker] c.a.n.c.remote.client.grpc.GrpcClient    : Server check fail, please check server 192.168.150.101 ,port 9848 is available , error ={}

java.util.concurrent.ExecutionException: com.alibaba.nacos.shaded.io.grpc.StatusRuntimeException: UNAVAILABLE: io exception
	at com.alibaba.nacos.shaded.com.google.common.util.concurrent.AbstractFuture.getDoneValue(AbstractFuture.java:566) ~[nacos-client-2.0.4.jar:na]
	at com.alibaba.nacos.shaded.com.google.common.util.concurrent.AbstractFuture.get(AbstractFuture.java:445) ~[nacos-client-2.0.4.jar:na]
	at com.alibaba.nacos.common.remote.client.grpc.GrpcClient.serverCheck(GrpcClient.java:148) ~[nacos-client-2.0.4.jar:na]
	at com.alibaba.nacos.common.remote.client.grpc.GrpcClient.connectToServer(GrpcClient.java:264) ~[nacos-client-2.0.4.jar:na]
	at com.alibaba.nacos.common.remote.client.RpcClient.reconnect(RpcClient.java:522) ~[nacos-client-2.0.4.jar:na]
	at com.alibaba.nacos.common.remote.client.RpcClient.lambda$start$2(RpcClient.java:370) ~[nacos-client-2.0.4.jar:na]
	at java.base/java.util.concurrent.Executors$RunnableAdapter.call(Executors.java:515) ~[na:na]
	at java.base/java.util.concurrent.FutureTask.run(FutureTask.java:264) ~[na:na]
	at java.base/java.util.concurrent.ScheduledThreadPoolExecutor$ScheduledFutureTask.run(ScheduledThreadPoolExecutor.java:304) ~[na:na]
	at java.base/java.util.concurrent.ThreadPoolExecutor.runWorker(ThreadPoolExecutor.java:1128) ~[na:na]
	at java.base/java.util.concurrent.ThreadPoolExecutor$Worker.run(ThreadPoolExecutor.java:628) ~[na:na]
	at java.base/java.lang.Thread.run(Thread.java:834) ~[na:na]
Caused by: com.alibaba.nacos.shaded.io.grpc.StatusRuntimeException: UNAVAILABLE: io exception
	at com.alibaba.nacos.shaded.io.grpc.Status.asRuntimeException(Status.java:533) ~[nacos-client-2.0.4.jar:na]
	at com.alibaba.nacos.shaded.io.grpc.stub.ClientCalls$UnaryStreamToFuture.onClose(ClientCalls.java:490) ~[nacos-client-2.0.4.jar:na]
	at com.alibaba.nacos.shaded.io.grpc.PartialForwardingClientCallListener.onClose(PartialForwardingClientCallListener.java:39) ~[nacos-client-2.0.4.jar:na]
	at com.alibaba.nacos.shaded.io.grpc.ForwardingClientCallListener.onClose(ForwardingClientCallListener.java:23) ~[nacos-client-2.0.4.jar:na]
	at com.alibaba.nacos.shaded.io.grpc.ForwardingClientCallListener$SimpleForwardingClientCallListener.onClose(ForwardingClientCallListener.java:40) ~[nacos-client-2.0.4.jar:na]
	at com.alibaba.nacos.shaded.io.grpc.internal.CensusStatsModule$StatsClientInterceptor$1$1.onClose(CensusStatsModule.java:700) ~[nacos-client-2.0.4.jar:na]
	at com.alibaba.nacos.shaded.io.grpc.PartialForwardingClientCallListener.onClose(PartialForwardingClientCallListener.java:39) ~[nacos-client-2.0.4.jar:na]
	at com.alibaba.nacos.shaded.io.grpc.ForwardingClientCallListener.onClose(ForwardingClientCallListener.java:23) ~[nacos-client-2.0.4.jar:na]
	at com.alibaba.nacos.shaded.io.grpc.ForwardingClientCallListener$SimpleForwardingClientCallListener.onClose(ForwardingClientCallListener.java:40) ~[nacos-client-2.0.4.jar:na]
	at com.alibaba.nacos.shaded.io.grpc.internal.CensusTracingModule$TracingClientInterceptor$1$1.onClose(CensusTracingModule.java:399) ~[nacos-client-2.0.4.jar:na]
	at com.alibaba.nacos.shaded.io.grpc.internal.ClientCallImpl.closeObserver(ClientCallImpl.java:510) ~[nacos-client-2.0.4.jar:na]
	at com.alibaba.nacos.shaded.io.grpc.internal.ClientCallImpl.access$300(ClientCallImpl.java:66) ~[nacos-client-2.0.4.jar:na]
	at com.alibaba.nacos.shaded.io.grpc.internal.ClientCallImpl$ClientStreamListenerImpl.close(ClientCallImpl.java:630) ~[nacos-client-2.0.4.jar:na]
	at com.alibaba.nacos.shaded.io.grpc.internal.ClientCallImpl$ClientStreamListenerImpl.access$700(ClientCallImpl.java:518) ~[nacos-client-2.0.4.jar:na]
	at com.alibaba.nacos.shaded.io.grpc.internal.ClientCallImpl$ClientStreamListenerImpl$1StreamClosed.runInternal(ClientCallImpl.java:692) ~[nacos-client-2.0.4.jar:na]
	at com.alibaba.nacos.shaded.io.grpc.internal.ClientCallImpl$ClientStreamListenerImpl$1StreamClosed.runInContext(ClientCallImpl.java:681) ~[nacos-client-2.0.4.jar:na]
	at com.alibaba.nacos.shaded.io.grpc.internal.ContextRunnable.run(ContextRunnable.java:37) ~[nacos-client-2.0.4.jar:na]
	at com.alibaba.nacos.shaded.io.grpc.internal.SerializingExecutor.run(SerializingExecutor.java:123) ~[nacos-client-2.0.4.jar:na]
	... 3 common frames omitted
Caused by: com.alibaba.nacos.shaded.io.grpc.netty.shaded.io.netty.channel.AbstractChannel$AnnotatedSocketException: Network is unreachable: no further information: /192.168.150.101:9848
Caused by: java.net.SocketException: Network is unreachable: no further information
	at java.base/sun.nio.ch.SocketChannelImpl.checkConnect(Native Method) ~[na:na]
	at java.base/sun.nio.ch.SocketChannelImpl.finishConnect(SocketChannelImpl.java:779) ~[na:na]
	at com.alibaba.nacos.shaded.io.grpc.netty.shaded.io.netty.channel.socket.nio.NioSocketChannel.doFinishConnect(NioSocketChannel.java:327) ~[nacos-client-2.0.4.jar:na]
	at com.alibaba.nacos.shaded.io.grpc.netty.shaded.io.netty.channel.nio.AbstractNioChannel$AbstractNioUnsafe.finishConnect(AbstractNioChannel.java:336) ~[nacos-client-2.0.4.jar:na]
	at com.alibaba.nacos.shaded.io.grpc.netty.shaded.io.netty.channel.nio.NioEventLoop.processSelectedKey(NioEventLoop.java:685) ~[nacos-client-2.0.4.jar:na]
	at com.alibaba.nacos.shaded.io.grpc.netty.shaded.io.netty.channel.nio.NioEventLoop.processSelectedKeysOptimized(NioEventLoop.java:632) ~[nacos-client-2.0.4.jar:na]
	at com.alibaba.nacos.shaded.io.grpc.netty.shaded.io.netty.channel.nio.NioEventLoop.processSelectedKeys(NioEventLoop.java:549) ~[nacos-client-2.0.4.jar:na]
	at com.alibaba.nacos.shaded.io.grpc.netty.shaded.io.netty.channel.nio.NioEventLoop.run(NioEventLoop.java:511) ~[nacos-client-2.0.4.jar:na]
	at com.alibaba.nacos.shaded.io.grpc.netty.shaded.io.netty.util.concurrent.SingleThreadEventExecutor$5.run(SingleThreadEventExecutor.java:918) ~[nacos-client-2.0.4.jar:na]
	at com.alibaba.nacos.shaded.io.grpc.netty.shaded.io.netty.util.internal.ThreadExecutorMap$2.run(ThreadExecutorMap.java:74) ~[nacos-client-2.0.4.jar:na]
	at com.alibaba.nacos.shaded.io.grpc.netty.shaded.io.netty.util.concurrent.FastThreadLocalRunnable.run(FastThreadLocalRunnable.java:30) ~[nacos-client-2.0.4.jar:na]
	at java.base/java.lang.Thread.run(Thread.java:834) ~[na:na]

19:02:51:254  INFO 29476 --- [com.alibaba.nacos.client.remote.worker] com.alibaba.nacos.common.remote.client   : [a980ffb0-7022-4e04-88ee-d20b8f2919c8] Fail to connect server, after trying 4 times, last try server is {serverIp = '192.168.150.101', server main port = 8848}, error = unknown
19:02:51:291 ERROR 27656 --- [com.alibaba.nacos.client.remote.worker] c.a.n.c.remote.client.grpc.GrpcClient    : Server check fail, please check server 192.168.150.101 ,port 9848 is available , error ={}

java.util.concurrent.ExecutionException: com.alibaba.nacos.shaded.io.grpc.StatusRuntimeException: UNAVAILABLE: io exception
	at com.alibaba.nacos.shaded.com.google.common.util.concurrent.AbstractFuture.getDoneValue(AbstractFuture.java:566) ~[nacos-client-2.0.4.jar:na]
	at com.alibaba.nacos.shaded.com.google.common.util.concurrent.AbstractFuture.get(AbstractFuture.java:445) ~[nacos-client-2.0.4.jar:na]
	at com.alibaba.nacos.common.remote.client.grpc.GrpcClient.serverCheck(GrpcClient.java:148) ~[nacos-client-2.0.4.jar:na]
	at com.alibaba.nacos.common.remote.client.grpc.GrpcClient.connectToServer(GrpcClient.java:264) ~[nacos-client-2.0.4.jar:na]
	at com.alibaba.nacos.common.remote.client.RpcClient.reconnect(RpcClient.java:522) ~[nacos-client-2.0.4.jar:na]
	at com.alibaba.nacos.common.remote.client.RpcClient.lambda$start$2(RpcClient.java:370) ~[nacos-client-2.0.4.jar:na]
	at java.base/java.util.concurrent.Executors$RunnableAdapter.call(Executors.java:515) ~[na:na]
	at java.base/java.util.concurrent.FutureTask.run(FutureTask.java:264) ~[na:na]
	at java.base/java.util.concurrent.ScheduledThreadPoolExecutor$ScheduledFutureTask.run(ScheduledThreadPoolExecutor.java:304) ~[na:na]
	at java.base/java.util.concurrent.ThreadPoolExecutor.runWorker(ThreadPoolExecutor.java:1128) ~[na:na]
	at java.base/java.util.concurrent.ThreadPoolExecutor$Worker.run(ThreadPoolExecutor.java:628) ~[na:na]
	at java.base/java.lang.Thread.run(Thread.java:834) ~[na:na]
Caused by: com.alibaba.nacos.shaded.io.grpc.StatusRuntimeException: UNAVAILABLE: io exception
	at com.alibaba.nacos.shaded.io.grpc.Status.asRuntimeException(Status.java:533) ~[nacos-client-2.0.4.jar:na]
	at com.alibaba.nacos.shaded.io.grpc.stub.ClientCalls$UnaryStreamToFuture.onClose(ClientCalls.java:490) ~[nacos-client-2.0.4.jar:na]
	at com.alibaba.nacos.shaded.io.grpc.PartialForwardingClientCallListener.onClose(PartialForwardingClientCallListener.java:39) ~[nacos-client-2.0.4.jar:na]
	at com.alibaba.nacos.shaded.io.grpc.ForwardingClientCallListener.onClose(ForwardingClientCallListener.java:23) ~[nacos-client-2.0.4.jar:na]
	at com.alibaba.nacos.shaded.io.grpc.ForwardingClientCallListener$SimpleForwardingClientCallListener.onClose(ForwardingClientCallListener.java:40) ~[nacos-client-2.0.4.jar:na]
	at com.alibaba.nacos.shaded.io.grpc.internal.CensusStatsModule$StatsClientInterceptor$1$1.onClose(CensusStatsModule.java:700) ~[nacos-client-2.0.4.jar:na]
	at com.alibaba.nacos.shaded.io.grpc.PartialForwardingClientCallListener.onClose(PartialForwardingClientCallListener.java:39) ~[nacos-client-2.0.4.jar:na]
	at com.alibaba.nacos.shaded.io.grpc.ForwardingClientCallListener.onClose(ForwardingClientCallListener.java:23) ~[nacos-client-2.0.4.jar:na]
	at com.alibaba.nacos.shaded.io.grpc.ForwardingClientCallListener$SimpleForwardingClientCallListener.onClose(ForwardingClientCallListener.java:40) ~[nacos-client-2.0.4.jar:na]
	at com.alibaba.nacos.shaded.io.grpc.internal.CensusTracingModule$TracingClientInterceptor$1$1.onClose(CensusTracingModule.java:399) ~[nacos-client-2.0.4.jar:na]
	at com.alibaba.nacos.shaded.io.grpc.internal.ClientCallImpl.closeObserver(ClientCallImpl.java:510) ~[nacos-client-2.0.4.jar:na]
	at com.alibaba.nacos.shaded.io.grpc.internal.ClientCallImpl.access$300(ClientCallImpl.java:66) ~[nacos-client-2.0.4.jar:na]
	at com.alibaba.nacos.shaded.io.grpc.internal.ClientCallImpl$ClientStreamListenerImpl.close(ClientCallImpl.java:630) ~[nacos-client-2.0.4.jar:na]
	at com.alibaba.nacos.shaded.io.grpc.internal.ClientCallImpl$ClientStreamListenerImpl.access$700(ClientCallImpl.java:518) ~[nacos-client-2.0.4.jar:na]
	at com.alibaba.nacos.shaded.io.grpc.internal.ClientCallImpl$ClientStreamListenerImpl$1StreamClosed.runInternal(ClientCallImpl.java:692) ~[nacos-client-2.0.4.jar:na]
	at com.alibaba.nacos.shaded.io.grpc.internal.ClientCallImpl$ClientStreamListenerImpl$1StreamClosed.runInContext(ClientCallImpl.java:681) ~[nacos-client-2.0.4.jar:na]
	at com.alibaba.nacos.shaded.io.grpc.internal.ContextRunnable.run(ContextRunnable.java:37) ~[nacos-client-2.0.4.jar:na]
	at com.alibaba.nacos.shaded.io.grpc.internal.SerializingExecutor.run(SerializingExecutor.java:123) ~[nacos-client-2.0.4.jar:na]
	... 3 common frames omitted
Caused by: com.alibaba.nacos.shaded.io.grpc.netty.shaded.io.netty.channel.AbstractChannel$AnnotatedSocketException: Network is unreachable: no further information: /192.168.150.101:9848
Caused by: java.net.SocketException: Network is unreachable: no further information
	at java.base/sun.nio.ch.SocketChannelImpl.checkConnect(Native Method) ~[na:na]
	at java.base/sun.nio.ch.SocketChannelImpl.finishConnect(SocketChannelImpl.java:779) ~[na:na]
	at com.alibaba.nacos.shaded.io.grpc.netty.shaded.io.netty.channel.socket.nio.NioSocketChannel.doFinishConnect(NioSocketChannel.java:327) ~[nacos-client-2.0.4.jar:na]
	at com.alibaba.nacos.shaded.io.grpc.netty.shaded.io.netty.channel.nio.AbstractNioChannel$AbstractNioUnsafe.finishConnect(AbstractNioChannel.java:336) ~[nacos-client-2.0.4.jar:na]
	at com.alibaba.nacos.shaded.io.grpc.netty.shaded.io.netty.channel.nio.NioEventLoop.processSelectedKey(NioEventLoop.java:685) ~[nacos-client-2.0.4.jar:na]
	at com.alibaba.nacos.shaded.io.grpc.netty.shaded.io.netty.channel.nio.NioEventLoop.processSelectedKeysOptimized(NioEventLoop.java:632) ~[nacos-client-2.0.4.jar:na]
	at com.alibaba.nacos.shaded.io.grpc.netty.shaded.io.netty.channel.nio.NioEventLoop.processSelectedKeys(NioEventLoop.java:549) ~[nacos-client-2.0.4.jar:na]
	at com.alibaba.nacos.shaded.io.grpc.netty.shaded.io.netty.channel.nio.NioEventLoop.run(NioEventLoop.java:511) ~[nacos-client-2.0.4.jar:na]
	at com.alibaba.nacos.shaded.io.grpc.netty.shaded.io.netty.util.concurrent.SingleThreadEventExecutor$5.run(SingleThreadEventExecutor.java:918) ~[nacos-client-2.0.4.jar:na]
	at com.alibaba.nacos.shaded.io.grpc.netty.shaded.io.netty.util.internal.ThreadExecutorMap$2.run(ThreadExecutorMap.java:74) ~[nacos-client-2.0.4.jar:na]
	at com.alibaba.nacos.shaded.io.grpc.netty.shaded.io.netty.util.concurrent.FastThreadLocalRunnable.run(FastThreadLocalRunnable.java:30) ~[nacos-client-2.0.4.jar:na]
	at java.base/java.lang.Thread.run(Thread.java:834) ~[na:na]

19:02:51:291  INFO 27656 --- [com.alibaba.nacos.client.remote.worker] com.alibaba.nacos.common.remote.client   : [3011da57-6ed1-47df-b8fc-399c53803a06] Fail to connect server, after trying 4 times, last try server is {serverIp = '192.168.150.101', server main port = 8848}, error = unknown
19:02:51:762 ERROR 29476 --- [com.alibaba.nacos.client.remote.worker] c.a.n.c.remote.client.grpc.GrpcClient    : Server check fail, please check server 192.168.150.101 ,port 9848 is available , error ={}

java.util.concurrent.ExecutionException: com.alibaba.nacos.shaded.io.grpc.StatusRuntimeException: UNAVAILABLE: io exception
	at com.alibaba.nacos.shaded.com.google.common.util.concurrent.AbstractFuture.getDoneValue(AbstractFuture.java:566) ~[nacos-client-2.0.4.jar:na]
	at com.alibaba.nacos.shaded.com.google.common.util.concurrent.AbstractFuture.get(AbstractFuture.java:445) ~[nacos-client-2.0.4.jar:na]
	at com.alibaba.nacos.common.remote.client.grpc.GrpcClient.serverCheck(GrpcClient.java:148) ~[nacos-client-2.0.4.jar:na]
	at com.alibaba.nacos.common.remote.client.grpc.GrpcClient.connectToServer(GrpcClient.java:264) ~[nacos-client-2.0.4.jar:na]
	at com.alibaba.nacos.common.remote.client.RpcClient.reconnect(RpcClient.java:522) ~[nacos-client-2.0.4.jar:na]
	at com.alibaba.nacos.common.remote.client.RpcClient.lambda$start$2(RpcClient.java:370) ~[nacos-client-2.0.4.jar:na]
	at java.base/java.util.concurrent.Executors$RunnableAdapter.call(Executors.java:515) ~[na:na]
	at java.base/java.util.concurrent.FutureTask.run(FutureTask.java:264) ~[na:na]
	at java.base/java.util.concurrent.ScheduledThreadPoolExecutor$ScheduledFutureTask.run(ScheduledThreadPoolExecutor.java:304) ~[na:na]
	at java.base/java.util.concurrent.ThreadPoolExecutor.runWorker(ThreadPoolExecutor.java:1128) ~[na:na]
	at java.base/java.util.concurrent.ThreadPoolExecutor$Worker.run(ThreadPoolExecutor.java:628) ~[na:na]
	at java.base/java.lang.Thread.run(Thread.java:834) ~[na:na]
Caused by: com.alibaba.nacos.shaded.io.grpc.StatusRuntimeException: UNAVAILABLE: io exception
	at com.alibaba.nacos.shaded.io.grpc.Status.asRuntimeException(Status.java:533) ~[nacos-client-2.0.4.jar:na]
	at com.alibaba.nacos.shaded.io.grpc.stub.ClientCalls$UnaryStreamToFuture.onClose(ClientCalls.java:490) ~[nacos-client-2.0.4.jar:na]
	at com.alibaba.nacos.shaded.io.grpc.PartialForwardingClientCallListener.onClose(PartialForwardingClientCallListener.java:39) ~[nacos-client-2.0.4.jar:na]
	at com.alibaba.nacos.shaded.io.grpc.ForwardingClientCallListener.onClose(ForwardingClientCallListener.java:23) ~[nacos-client-2.0.4.jar:na]
	at com.alibaba.nacos.shaded.io.grpc.ForwardingClientCallListener$SimpleForwardingClientCallListener.onClose(ForwardingClientCallListener.java:40) ~[nacos-client-2.0.4.jar:na]
	at com.alibaba.nacos.shaded.io.grpc.internal.CensusStatsModule$StatsClientInterceptor$1$1.onClose(CensusStatsModule.java:700) ~[nacos-client-2.0.4.jar:na]
	at com.alibaba.nacos.shaded.io.grpc.PartialForwardingClientCallListener.onClose(PartialForwardingClientCallListener.java:39) ~[nacos-client-2.0.4.jar:na]
	at com.alibaba.nacos.shaded.io.grpc.ForwardingClientCallListener.onClose(ForwardingClientCallListener.java:23) ~[nacos-client-2.0.4.jar:na]
	at com.alibaba.nacos.shaded.io.grpc.ForwardingClientCallListener$SimpleForwardingClientCallListener.onClose(ForwardingClientCallListener.java:40) ~[nacos-client-2.0.4.jar:na]
	at com.alibaba.nacos.shaded.io.grpc.internal.CensusTracingModule$TracingClientInterceptor$1$1.onClose(CensusTracingModule.java:399) ~[nacos-client-2.0.4.jar:na]
	at com.alibaba.nacos.shaded.io.grpc.internal.ClientCallImpl.closeObserver(ClientCallImpl.java:510) ~[nacos-client-2.0.4.jar:na]
	at com.alibaba.nacos.shaded.io.grpc.internal.ClientCallImpl.access$300(ClientCallImpl.java:66) ~[nacos-client-2.0.4.jar:na]
	at com.alibaba.nacos.shaded.io.grpc.internal.ClientCallImpl$ClientStreamListenerImpl.close(ClientCallImpl.java:630) ~[nacos-client-2.0.4.jar:na]
	at com.alibaba.nacos.shaded.io.grpc.internal.ClientCallImpl$ClientStreamListenerImpl.access$700(ClientCallImpl.java:518) ~[nacos-client-2.0.4.jar:na]
	at com.alibaba.nacos.shaded.io.grpc.internal.ClientCallImpl$ClientStreamListenerImpl$1StreamClosed.runInternal(ClientCallImpl.java:692) ~[nacos-client-2.0.4.jar:na]
	at com.alibaba.nacos.shaded.io.grpc.internal.ClientCallImpl$ClientStreamListenerImpl$1StreamClosed.runInContext(ClientCallImpl.java:681) ~[nacos-client-2.0.4.jar:na]
	at com.alibaba.nacos.shaded.io.grpc.internal.ContextRunnable.run(ContextRunnable.java:37) ~[nacos-client-2.0.4.jar:na]
	at com.alibaba.nacos.shaded.io.grpc.internal.SerializingExecutor.run(SerializingExecutor.java:123) ~[nacos-client-2.0.4.jar:na]
	... 3 common frames omitted
Caused by: com.alibaba.nacos.shaded.io.grpc.netty.shaded.io.netty.channel.AbstractChannel$AnnotatedSocketException: Network is unreachable: no further information: /192.168.150.101:9848
Caused by: java.net.SocketException: Network is unreachable: no further information
	at java.base/sun.nio.ch.SocketChannelImpl.checkConnect(Native Method) ~[na:na]
	at java.base/sun.nio.ch.SocketChannelImpl.finishConnect(SocketChannelImpl.java:779) ~[na:na]
	at com.alibaba.nacos.shaded.io.grpc.netty.shaded.io.netty.channel.socket.nio.NioSocketChannel.doFinishConnect(NioSocketChannel.java:327) ~[nacos-client-2.0.4.jar:na]
	at com.alibaba.nacos.shaded.io.grpc.netty.shaded.io.netty.channel.nio.AbstractNioChannel$AbstractNioUnsafe.finishConnect(AbstractNioChannel.java:336) ~[nacos-client-2.0.4.jar:na]
	at com.alibaba.nacos.shaded.io.grpc.netty.shaded.io.netty.channel.nio.NioEventLoop.processSelectedKey(NioEventLoop.java:685) ~[nacos-client-2.0.4.jar:na]
	at com.alibaba.nacos.shaded.io.grpc.netty.shaded.io.netty.channel.nio.NioEventLoop.processSelectedKeysOptimized(NioEventLoop.java:632) ~[nacos-client-2.0.4.jar:na]
	at com.alibaba.nacos.shaded.io.grpc.netty.shaded.io.netty.channel.nio.NioEventLoop.processSelectedKeys(NioEventLoop.java:549) ~[nacos-client-2.0.4.jar:na]
	at com.alibaba.nacos.shaded.io.grpc.netty.shaded.io.netty.channel.nio.NioEventLoop.run(NioEventLoop.java:511) ~[nacos-client-2.0.4.jar:na]
	at com.alibaba.nacos.shaded.io.grpc.netty.shaded.io.netty.util.concurrent.SingleThreadEventExecutor$5.run(SingleThreadEventExecutor.java:918) ~[nacos-client-2.0.4.jar:na]
	at com.alibaba.nacos.shaded.io.grpc.netty.shaded.io.netty.util.internal.ThreadExecutorMap$2.run(ThreadExecutorMap.java:74) ~[nacos-client-2.0.4.jar:na]
	at com.alibaba.nacos.shaded.io.grpc.netty.shaded.io.netty.util.concurrent.FastThreadLocalRunnable.run(FastThreadLocalRunnable.java:30) ~[nacos-client-2.0.4.jar:na]
	at java.base/java.lang.Thread.run(Thread.java:834) ~[na:na]

19:02:51:762  INFO 29476 --- [com.alibaba.nacos.client.remote.worker] com.alibaba.nacos.common.remote.client   : [a980ffb0-7022-4e04-88ee-d20b8f2919c8] Fail to connect server, after trying 5 times, last try server is {serverIp = '192.168.150.101', server main port = 8848}, error = unknown
19:02:51:797 ERROR 27656 --- [com.alibaba.nacos.client.remote.worker] c.a.n.c.remote.client.grpc.GrpcClient    : Server check fail, please check server 192.168.150.101 ,port 9848 is available , error ={}

java.util.concurrent.ExecutionException: com.alibaba.nacos.shaded.io.grpc.StatusRuntimeException: UNAVAILABLE: io exception
	at com.alibaba.nacos.shaded.com.google.common.util.concurrent.AbstractFuture.getDoneValue(AbstractFuture.java:566) ~[nacos-client-2.0.4.jar:na]
	at com.alibaba.nacos.shaded.com.google.common.util.concurrent.AbstractFuture.get(AbstractFuture.java:445) ~[nacos-client-2.0.4.jar:na]
	at com.alibaba.nacos.common.remote.client.grpc.GrpcClient.serverCheck(GrpcClient.java:148) ~[nacos-client-2.0.4.jar:na]
	at com.alibaba.nacos.common.remote.client.grpc.GrpcClient.connectToServer(GrpcClient.java:264) ~[nacos-client-2.0.4.jar:na]
	at com.alibaba.nacos.common.remote.client.RpcClient.reconnect(RpcClient.java:522) ~[nacos-client-2.0.4.jar:na]
	at com.alibaba.nacos.common.remote.client.RpcClient.lambda$start$2(RpcClient.java:370) ~[nacos-client-2.0.4.jar:na]
	at java.base/java.util.concurrent.Executors$RunnableAdapter.call(Executors.java:515) ~[na:na]
	at java.base/java.util.concurrent.FutureTask.run(FutureTask.java:264) ~[na:na]
	at java.base/java.util.concurrent.ScheduledThreadPoolExecutor$ScheduledFutureTask.run(ScheduledThreadPoolExecutor.java:304) ~[na:na]
	at java.base/java.util.concurrent.ThreadPoolExecutor.runWorker(ThreadPoolExecutor.java:1128) ~[na:na]
	at java.base/java.util.concurrent.ThreadPoolExecutor$Worker.run(ThreadPoolExecutor.java:628) ~[na:na]
	at java.base/java.lang.Thread.run(Thread.java:834) ~[na:na]
Caused by: com.alibaba.nacos.shaded.io.grpc.StatusRuntimeException: UNAVAILABLE: io exception
	at com.alibaba.nacos.shaded.io.grpc.Status.asRuntimeException(Status.java:533) ~[nacos-client-2.0.4.jar:na]
	at com.alibaba.nacos.shaded.io.grpc.stub.ClientCalls$UnaryStreamToFuture.onClose(ClientCalls.java:490) ~[nacos-client-2.0.4.jar:na]
	at com.alibaba.nacos.shaded.io.grpc.PartialForwardingClientCallListener.onClose(PartialForwardingClientCallListener.java:39) ~[nacos-client-2.0.4.jar:na]
	at com.alibaba.nacos.shaded.io.grpc.ForwardingClientCallListener.onClose(ForwardingClientCallListener.java:23) ~[nacos-client-2.0.4.jar:na]
	at com.alibaba.nacos.shaded.io.grpc.ForwardingClientCallListener$SimpleForwardingClientCallListener.onClose(ForwardingClientCallListener.java:40) ~[nacos-client-2.0.4.jar:na]
	at com.alibaba.nacos.shaded.io.grpc.internal.CensusStatsModule$StatsClientInterceptor$1$1.onClose(CensusStatsModule.java:700) ~[nacos-client-2.0.4.jar:na]
	at com.alibaba.nacos.shaded.io.grpc.PartialForwardingClientCallListener.onClose(PartialForwardingClientCallListener.java:39) ~[nacos-client-2.0.4.jar:na]
	at com.alibaba.nacos.shaded.io.grpc.ForwardingClientCallListener.onClose(ForwardingClientCallListener.java:23) ~[nacos-client-2.0.4.jar:na]
	at com.alibaba.nacos.shaded.io.grpc.ForwardingClientCallListener$SimpleForwardingClientCallListener.onClose(ForwardingClientCallListener.java:40) ~[nacos-client-2.0.4.jar:na]
	at com.alibaba.nacos.shaded.io.grpc.internal.CensusTracingModule$TracingClientInterceptor$1$1.onClose(CensusTracingModule.java:399) ~[nacos-client-2.0.4.jar:na]
	at com.alibaba.nacos.shaded.io.grpc.internal.ClientCallImpl.closeObserver(ClientCallImpl.java:510) ~[nacos-client-2.0.4.jar:na]
	at com.alibaba.nacos.shaded.io.grpc.internal.ClientCallImpl.access$300(ClientCallImpl.java:66) ~[nacos-client-2.0.4.jar:na]
	at com.alibaba.nacos.shaded.io.grpc.internal.ClientCallImpl$ClientStreamListenerImpl.close(ClientCallImpl.java:630) ~[nacos-client-2.0.4.jar:na]
	at com.alibaba.nacos.shaded.io.grpc.internal.ClientCallImpl$ClientStreamListenerImpl.access$700(ClientCallImpl.java:518) ~[nacos-client-2.0.4.jar:na]
	at com.alibaba.nacos.shaded.io.grpc.internal.ClientCallImpl$ClientStreamListenerImpl$1StreamClosed.runInternal(ClientCallImpl.java:692) ~[nacos-client-2.0.4.jar:na]
	at com.alibaba.nacos.shaded.io.grpc.internal.ClientCallImpl$ClientStreamListenerImpl$1StreamClosed.runInContext(ClientCallImpl.java:681) ~[nacos-client-2.0.4.jar:na]
	at com.alibaba.nacos.shaded.io.grpc.internal.ContextRunnable.run(ContextRunnable.java:37) ~[nacos-client-2.0.4.jar:na]
	at com.alibaba.nacos.shaded.io.grpc.internal.SerializingExecutor.run(SerializingExecutor.java:123) ~[nacos-client-2.0.4.jar:na]
	... 3 common frames omitted
Caused by: com.alibaba.nacos.shaded.io.grpc.netty.shaded.io.netty.channel.AbstractChannel$AnnotatedSocketException: Network is unreachable: no further information: /192.168.150.101:9848
Caused by: java.net.SocketException: Network is unreachable: no further information
	at java.base/sun.nio.ch.SocketChannelImpl.checkConnect(Native Method) ~[na:na]
	at java.base/sun.nio.ch.SocketChannelImpl.finishConnect(SocketChannelImpl.java:779) ~[na:na]
	at com.alibaba.nacos.shaded.io.grpc.netty.shaded.io.netty.channel.socket.nio.NioSocketChannel.doFinishConnect(NioSocketChannel.java:327) ~[nacos-client-2.0.4.jar:na]
	at com.alibaba.nacos.shaded.io.grpc.netty.shaded.io.netty.channel.nio.AbstractNioChannel$AbstractNioUnsafe.finishConnect(AbstractNioChannel.java:336) ~[nacos-client-2.0.4.jar:na]
	at com.alibaba.nacos.shaded.io.grpc.netty.shaded.io.netty.channel.nio.NioEventLoop.processSelectedKey(NioEventLoop.java:685) ~[nacos-client-2.0.4.jar:na]
	at com.alibaba.nacos.shaded.io.grpc.netty.shaded.io.netty.channel.nio.NioEventLoop.processSelectedKeysOptimized(NioEventLoop.java:632) ~[nacos-client-2.0.4.jar:na]
	at com.alibaba.nacos.shaded.io.grpc.netty.shaded.io.netty.channel.nio.NioEventLoop.processSelectedKeys(NioEventLoop.java:549) ~[nacos-client-2.0.4.jar:na]
	at com.alibaba.nacos.shaded.io.grpc.netty.shaded.io.netty.channel.nio.NioEventLoop.run(NioEventLoop.java:511) ~[nacos-client-2.0.4.jar:na]
	at com.alibaba.nacos.shaded.io.grpc.netty.shaded.io.netty.util.concurrent.SingleThreadEventExecutor$5.run(SingleThreadEventExecutor.java:918) ~[nacos-client-2.0.4.jar:na]
	at com.alibaba.nacos.shaded.io.grpc.netty.shaded.io.netty.util.internal.ThreadExecutorMap$2.run(ThreadExecutorMap.java:74) ~[nacos-client-2.0.4.jar:na]
	at com.alibaba.nacos.shaded.io.grpc.netty.shaded.io.netty.util.concurrent.FastThreadLocalRunnable.run(FastThreadLocalRunnable.java:30) ~[nacos-client-2.0.4.jar:na]
	at java.base/java.lang.Thread.run(Thread.java:834) ~[na:na]

19:02:51:797  INFO 27656 --- [com.alibaba.nacos.client.remote.worker] com.alibaba.nacos.common.remote.client   : [3011da57-6ed1-47df-b8fc-399c53803a06] Fail to connect server, after trying 5 times, last try server is {serverIp = '192.168.150.101', server main port = 8848}, error = unknown
19:02:52:373 ERROR 29476 --- [com.alibaba.nacos.client.remote.worker] c.a.n.c.remote.client.grpc.GrpcClient    : Server check fail, please check server 192.168.150.101 ,port 9848 is available , error ={}

java.util.concurrent.ExecutionException: com.alibaba.nacos.shaded.io.grpc.StatusRuntimeException: UNAVAILABLE: io exception
	at com.alibaba.nacos.shaded.com.google.common.util.concurrent.AbstractFuture.getDoneValue(AbstractFuture.java:566) ~[nacos-client-2.0.4.jar:na]
	at com.alibaba.nacos.shaded.com.google.common.util.concurrent.AbstractFuture.get(AbstractFuture.java:445) ~[nacos-client-2.0.4.jar:na]
	at com.alibaba.nacos.common.remote.client.grpc.GrpcClient.serverCheck(GrpcClient.java:148) ~[nacos-client-2.0.4.jar:na]
	at com.alibaba.nacos.common.remote.client.grpc.GrpcClient.connectToServer(GrpcClient.java:264) ~[nacos-client-2.0.4.jar:na]
	at com.alibaba.nacos.common.remote.client.RpcClient.reconnect(RpcClient.java:522) ~[nacos-client-2.0.4.jar:na]
	at com.alibaba.nacos.common.remote.client.RpcClient.lambda$start$2(RpcClient.java:370) ~[nacos-client-2.0.4.jar:na]
	at java.base/java.util.concurrent.Executors$RunnableAdapter.call(Executors.java:515) ~[na:na]
	at java.base/java.util.concurrent.FutureTask.run(FutureTask.java:264) ~[na:na]
	at java.base/java.util.concurrent.ScheduledThreadPoolExecutor$ScheduledFutureTask.run(ScheduledThreadPoolExecutor.java:304) ~[na:na]
	at java.base/java.util.concurrent.ThreadPoolExecutor.runWorker(ThreadPoolExecutor.java:1128) ~[na:na]
	at java.base/java.util.concurrent.ThreadPoolExecutor$Worker.run(ThreadPoolExecutor.java:628) ~[na:na]
	at java.base/java.lang.Thread.run(Thread.java:834) ~[na:na]
Caused by: com.alibaba.nacos.shaded.io.grpc.StatusRuntimeException: UNAVAILABLE: io exception
	at com.alibaba.nacos.shaded.io.grpc.Status.asRuntimeException(Status.java:533) ~[nacos-client-2.0.4.jar:na]
	at com.alibaba.nacos.shaded.io.grpc.stub.ClientCalls$UnaryStreamToFuture.onClose(ClientCalls.java:490) ~[nacos-client-2.0.4.jar:na]
	at com.alibaba.nacos.shaded.io.grpc.PartialForwardingClientCallListener.onClose(PartialForwardingClientCallListener.java:39) ~[nacos-client-2.0.4.jar:na]
	at com.alibaba.nacos.shaded.io.grpc.ForwardingClientCallListener.onClose(ForwardingClientCallListener.java:23) ~[nacos-client-2.0.4.jar:na]
	at com.alibaba.nacos.shaded.io.grpc.ForwardingClientCallListener$SimpleForwardingClientCallListener.onClose(ForwardingClientCallListener.java:40) ~[nacos-client-2.0.4.jar:na]
	at com.alibaba.nacos.shaded.io.grpc.internal.CensusStatsModule$StatsClientInterceptor$1$1.onClose(CensusStatsModule.java:700) ~[nacos-client-2.0.4.jar:na]
	at com.alibaba.nacos.shaded.io.grpc.PartialForwardingClientCallListener.onClose(PartialForwardingClientCallListener.java:39) ~[nacos-client-2.0.4.jar:na]
	at com.alibaba.nacos.shaded.io.grpc.ForwardingClientCallListener.onClose(ForwardingClientCallListener.java:23) ~[nacos-client-2.0.4.jar:na]
	at com.alibaba.nacos.shaded.io.grpc.ForwardingClientCallListener$SimpleForwardingClientCallListener.onClose(ForwardingClientCallListener.java:40) ~[nacos-client-2.0.4.jar:na]
	at com.alibaba.nacos.shaded.io.grpc.internal.CensusTracingModule$TracingClientInterceptor$1$1.onClose(CensusTracingModule.java:399) ~[nacos-client-2.0.4.jar:na]
	at com.alibaba.nacos.shaded.io.grpc.internal.ClientCallImpl.closeObserver(ClientCallImpl.java:510) ~[nacos-client-2.0.4.jar:na]
	at com.alibaba.nacos.shaded.io.grpc.internal.ClientCallImpl.access$300(ClientCallImpl.java:66) ~[nacos-client-2.0.4.jar:na]
	at com.alibaba.nacos.shaded.io.grpc.internal.ClientCallImpl$ClientStreamListenerImpl.close(ClientCallImpl.java:630) ~[nacos-client-2.0.4.jar:na]
	at com.alibaba.nacos.shaded.io.grpc.internal.ClientCallImpl$ClientStreamListenerImpl.access$700(ClientCallImpl.java:518) ~[nacos-client-2.0.4.jar:na]
	at com.alibaba.nacos.shaded.io.grpc.internal.ClientCallImpl$ClientStreamListenerImpl$1StreamClosed.runInternal(ClientCallImpl.java:692) ~[nacos-client-2.0.4.jar:na]
	at com.alibaba.nacos.shaded.io.grpc.internal.ClientCallImpl$ClientStreamListenerImpl$1StreamClosed.runInContext(ClientCallImpl.java:681) ~[nacos-client-2.0.4.jar:na]
	at com.alibaba.nacos.shaded.io.grpc.internal.ContextRunnable.run(ContextRunnable.java:37) ~[nacos-client-2.0.4.jar:na]
	at com.alibaba.nacos.shaded.io.grpc.internal.SerializingExecutor.run(SerializingExecutor.java:123) ~[nacos-client-2.0.4.jar:na]
	... 3 common frames omitted
Caused by: com.alibaba.nacos.shaded.io.grpc.netty.shaded.io.netty.channel.AbstractChannel$AnnotatedSocketException: Network is unreachable: no further information: /192.168.150.101:9848
Caused by: java.net.SocketException: Network is unreachable: no further information
	at java.base/sun.nio.ch.SocketChannelImpl.checkConnect(Native Method) ~[na:na]
	at java.base/sun.nio.ch.SocketChannelImpl.finishConnect(SocketChannelImpl.java:779) ~[na:na]
	at com.alibaba.nacos.shaded.io.grpc.netty.shaded.io.netty.channel.socket.nio.NioSocketChannel.doFinishConnect(NioSocketChannel.java:327) ~[nacos-client-2.0.4.jar:na]
	at com.alibaba.nacos.shaded.io.grpc.netty.shaded.io.netty.channel.nio.AbstractNioChannel$AbstractNioUnsafe.finishConnect(AbstractNioChannel.java:336) ~[nacos-client-2.0.4.jar:na]
	at com.alibaba.nacos.shaded.io.grpc.netty.shaded.io.netty.channel.nio.NioEventLoop.processSelectedKey(NioEventLoop.java:685) ~[nacos-client-2.0.4.jar:na]
	at com.alibaba.nacos.shaded.io.grpc.netty.shaded.io.netty.channel.nio.NioEventLoop.processSelectedKeysOptimized(NioEventLoop.java:632) ~[nacos-client-2.0.4.jar:na]
	at com.alibaba.nacos.shaded.io.grpc.netty.shaded.io.netty.channel.nio.NioEventLoop.processSelectedKeys(NioEventLoop.java:549) ~[nacos-client-2.0.4.jar:na]
	at com.alibaba.nacos.shaded.io.grpc.netty.shaded.io.netty.channel.nio.NioEventLoop.run(NioEventLoop.java:511) ~[nacos-client-2.0.4.jar:na]
	at com.alibaba.nacos.shaded.io.grpc.netty.shaded.io.netty.util.concurrent.SingleThreadEventExecutor$5.run(SingleThreadEventExecutor.java:918) ~[nacos-client-2.0.4.jar:na]
	at com.alibaba.nacos.shaded.io.grpc.netty.shaded.io.netty.util.internal.ThreadExecutorMap$2.run(ThreadExecutorMap.java:74) ~[nacos-client-2.0.4.jar:na]
	at com.alibaba.nacos.shaded.io.grpc.netty.shaded.io.netty.util.concurrent.FastThreadLocalRunnable.run(FastThreadLocalRunnable.java:30) ~[nacos-client-2.0.4.jar:na]
	at java.base/java.lang.Thread.run(Thread.java:834) ~[na:na]

19:02:52:373  INFO 29476 --- [com.alibaba.nacos.client.remote.worker] com.alibaba.nacos.common.remote.client   : [a980ffb0-7022-4e04-88ee-d20b8f2919c8] Fail to connect server, after trying 6 times, last try server is {serverIp = '192.168.150.101', server main port = 8848}, error = unknown
19:02:52:405 ERROR 27656 --- [com.alibaba.nacos.client.remote.worker] c.a.n.c.remote.client.grpc.GrpcClient    : Server check fail, please check server 192.168.150.101 ,port 9848 is available , error ={}

java.util.concurrent.ExecutionException: com.alibaba.nacos.shaded.io.grpc.StatusRuntimeException: UNAVAILABLE: io exception
	at com.alibaba.nacos.shaded.com.google.common.util.concurrent.AbstractFuture.getDoneValue(AbstractFuture.java:566) ~[nacos-client-2.0.4.jar:na]
	at com.alibaba.nacos.shaded.com.google.common.util.concurrent.AbstractFuture.get(AbstractFuture.java:445) ~[nacos-client-2.0.4.jar:na]
	at com.alibaba.nacos.common.remote.client.grpc.GrpcClient.serverCheck(GrpcClient.java:148) ~[nacos-client-2.0.4.jar:na]
	at com.alibaba.nacos.common.remote.client.grpc.GrpcClient.connectToServer(GrpcClient.java:264) ~[nacos-client-2.0.4.jar:na]
	at com.alibaba.nacos.common.remote.client.RpcClient.reconnect(RpcClient.java:522) ~[nacos-client-2.0.4.jar:na]
	at com.alibaba.nacos.common.remote.client.RpcClient.lambda$start$2(RpcClient.java:370) ~[nacos-client-2.0.4.jar:na]
	at java.base/java.util.concurrent.Executors$RunnableAdapter.call(Executors.java:515) ~[na:na]
	at java.base/java.util.concurrent.FutureTask.run(FutureTask.java:264) ~[na:na]
	at java.base/java.util.concurrent.ScheduledThreadPoolExecutor$ScheduledFutureTask.run(ScheduledThreadPoolExecutor.java:304) ~[na:na]
	at java.base/java.util.concurrent.ThreadPoolExecutor.runWorker(ThreadPoolExecutor.java:1128) ~[na:na]
	at java.base/java.util.concurrent.ThreadPoolExecutor$Worker.run(ThreadPoolExecutor.java:628) ~[na:na]
	at java.base/java.lang.Thread.run(Thread.java:834) ~[na:na]
Caused by: com.alibaba.nacos.shaded.io.grpc.StatusRuntimeException: UNAVAILABLE: io exception
	at com.alibaba.nacos.shaded.io.grpc.Status.asRuntimeException(Status.java:533) ~[nacos-client-2.0.4.jar:na]
	at com.alibaba.nacos.shaded.io.grpc.stub.ClientCalls$UnaryStreamToFuture.onClose(ClientCalls.java:490) ~[nacos-client-2.0.4.jar:na]
	at com.alibaba.nacos.shaded.io.grpc.PartialForwardingClientCallListener.onClose(PartialForwardingClientCallListener.java:39) ~[nacos-client-2.0.4.jar:na]
	at com.alibaba.nacos.shaded.io.grpc.ForwardingClientCallListener.onClose(ForwardingClientCallListener.java:23) ~[nacos-client-2.0.4.jar:na]
	at com.alibaba.nacos.shaded.io.grpc.ForwardingClientCallListener$SimpleForwardingClientCallListener.onClose(ForwardingClientCallListener.java:40) ~[nacos-client-2.0.4.jar:na]
	at com.alibaba.nacos.shaded.io.grpc.internal.CensusStatsModule$StatsClientInterceptor$1$1.onClose(CensusStatsModule.java:700) ~[nacos-client-2.0.4.jar:na]
	at com.alibaba.nacos.shaded.io.grpc.PartialForwardingClientCallListener.onClose(PartialForwardingClientCallListener.java:39) ~[nacos-client-2.0.4.jar:na]
	at com.alibaba.nacos.shaded.io.grpc.ForwardingClientCallListener.onClose(ForwardingClientCallListener.java:23) ~[nacos-client-2.0.4.jar:na]
	at com.alibaba.nacos.shaded.io.grpc.ForwardingClientCallListener$SimpleForwardingClientCallListener.onClose(ForwardingClientCallListener.java:40) ~[nacos-client-2.0.4.jar:na]
	at com.alibaba.nacos.shaded.io.grpc.internal.CensusTracingModule$TracingClientInterceptor$1$1.onClose(CensusTracingModule.java:399) ~[nacos-client-2.0.4.jar:na]
	at com.alibaba.nacos.shaded.io.grpc.internal.ClientCallImpl.closeObserver(ClientCallImpl.java:510) ~[nacos-client-2.0.4.jar:na]
	at com.alibaba.nacos.shaded.io.grpc.internal.ClientCallImpl.access$300(ClientCallImpl.java:66) ~[nacos-client-2.0.4.jar:na]
	at com.alibaba.nacos.shaded.io.grpc.internal.ClientCallImpl$ClientStreamListenerImpl.close(ClientCallImpl.java:630) ~[nacos-client-2.0.4.jar:na]
	at com.alibaba.nacos.shaded.io.grpc.internal.ClientCallImpl$ClientStreamListenerImpl.access$700(ClientCallImpl.java:518) ~[nacos-client-2.0.4.jar:na]
	at com.alibaba.nacos.shaded.io.grpc.internal.ClientCallImpl$ClientStreamListenerImpl$1StreamClosed.runInternal(ClientCallImpl.java:692) ~[nacos-client-2.0.4.jar:na]
	at com.alibaba.nacos.shaded.io.grpc.internal.ClientCallImpl$ClientStreamListenerImpl$1StreamClosed.runInContext(ClientCallImpl.java:681) ~[nacos-client-2.0.4.jar:na]
	at com.alibaba.nacos.shaded.io.grpc.internal.ContextRunnable.run(ContextRunnable.java:37) ~[nacos-client-2.0.4.jar:na]
	at com.alibaba.nacos.shaded.io.grpc.internal.SerializingExecutor.run(SerializingExecutor.java:123) ~[nacos-client-2.0.4.jar:na]
	... 3 common frames omitted
Caused by: com.alibaba.nacos.shaded.io.grpc.netty.shaded.io.netty.channel.AbstractChannel$AnnotatedSocketException: Network is unreachable: no further information: /192.168.150.101:9848
Caused by: java.net.SocketException: Network is unreachable: no further information
	at java.base/sun.nio.ch.SocketChannelImpl.checkConnect(Native Method) ~[na:na]
	at java.base/sun.nio.ch.SocketChannelImpl.finishConnect(SocketChannelImpl.java:779) ~[na:na]
	at com.alibaba.nacos.shaded.io.grpc.netty.shaded.io.netty.channel.socket.nio.NioSocketChannel.doFinishConnect(NioSocketChannel.java:327) ~[nacos-client-2.0.4.jar:na]
	at com.alibaba.nacos.shaded.io.grpc.netty.shaded.io.netty.channel.nio.AbstractNioChannel$AbstractNioUnsafe.finishConnect(AbstractNioChannel.java:336) ~[nacos-client-2.0.4.jar:na]
	at com.alibaba.nacos.shaded.io.grpc.netty.shaded.io.netty.channel.nio.NioEventLoop.processSelectedKey(NioEventLoop.java:685) ~[nacos-client-2.0.4.jar:na]
	at com.alibaba.nacos.shaded.io.grpc.netty.shaded.io.netty.channel.nio.NioEventLoop.processSelectedKeysOptimized(NioEventLoop.java:632) ~[nacos-client-2.0.4.jar:na]
	at com.alibaba.nacos.shaded.io.grpc.netty.shaded.io.netty.channel.nio.NioEventLoop.processSelectedKeys(NioEventLoop.java:549) ~[nacos-client-2.0.4.jar:na]
	at com.alibaba.nacos.shaded.io.grpc.netty.shaded.io.netty.channel.nio.NioEventLoop.run(NioEventLoop.java:511) ~[nacos-client-2.0.4.jar:na]
	at com.alibaba.nacos.shaded.io.grpc.netty.shaded.io.netty.util.concurrent.SingleThreadEventExecutor$5.run(SingleThreadEventExecutor.java:918) ~[nacos-client-2.0.4.jar:na]
	at com.alibaba.nacos.shaded.io.grpc.netty.shaded.io.netty.util.internal.ThreadExecutorMap$2.run(ThreadExecutorMap.java:74) ~[nacos-client-2.0.4.jar:na]
	at com.alibaba.nacos.shaded.io.grpc.netty.shaded.io.netty.util.concurrent.FastThreadLocalRunnable.run(FastThreadLocalRunnable.java:30) ~[nacos-client-2.0.4.jar:na]
	at java.base/java.lang.Thread.run(Thread.java:834) ~[na:na]

19:02:52:405  INFO 27656 --- [com.alibaba.nacos.client.remote.worker] com.alibaba.nacos.common.remote.client   : [3011da57-6ed1-47df-b8fc-399c53803a06] Fail to connect server, after trying 6 times, last try server is {serverIp = '192.168.150.101', server main port = 8848}, error = unknown
19:02:52:699  WARN 27656 --- [HikariPool-1 housekeeper] com.zaxxer.hikari.pool.HikariPool        : HikariPool-1 - Thread starvation or clock leap detected (housekeeper delta=49s972ms539µs100ns).
19:02:53:080 ERROR 29476 --- [com.alibaba.nacos.client.remote.worker] c.a.n.c.remote.client.grpc.GrpcClient    : Server check fail, please check server 192.168.150.101 ,port 9848 is available , error ={}

java.util.concurrent.ExecutionException: com.alibaba.nacos.shaded.io.grpc.StatusRuntimeException: UNAVAILABLE: io exception
	at com.alibaba.nacos.shaded.com.google.common.util.concurrent.AbstractFuture.getDoneValue(AbstractFuture.java:566) ~[nacos-client-2.0.4.jar:na]
	at com.alibaba.nacos.shaded.com.google.common.util.concurrent.AbstractFuture.get(AbstractFuture.java:445) ~[nacos-client-2.0.4.jar:na]
	at com.alibaba.nacos.common.remote.client.grpc.GrpcClient.serverCheck(GrpcClient.java:148) ~[nacos-client-2.0.4.jar:na]
	at com.alibaba.nacos.common.remote.client.grpc.GrpcClient.connectToServer(GrpcClient.java:264) ~[nacos-client-2.0.4.jar:na]
	at com.alibaba.nacos.common.remote.client.RpcClient.reconnect(RpcClient.java:522) ~[nacos-client-2.0.4.jar:na]
	at com.alibaba.nacos.common.remote.client.RpcClient.lambda$start$2(RpcClient.java:370) ~[nacos-client-2.0.4.jar:na]
	at java.base/java.util.concurrent.Executors$RunnableAdapter.call(Executors.java:515) ~[na:na]
	at java.base/java.util.concurrent.FutureTask.run(FutureTask.java:264) ~[na:na]
	at java.base/java.util.concurrent.ScheduledThreadPoolExecutor$ScheduledFutureTask.run(ScheduledThreadPoolExecutor.java:304) ~[na:na]
	at java.base/java.util.concurrent.ThreadPoolExecutor.runWorker(ThreadPoolExecutor.java:1128) ~[na:na]
	at java.base/java.util.concurrent.ThreadPoolExecutor$Worker.run(ThreadPoolExecutor.java:628) ~[na:na]
	at java.base/java.lang.Thread.run(Thread.java:834) ~[na:na]
Caused by: com.alibaba.nacos.shaded.io.grpc.StatusRuntimeException: UNAVAILABLE: io exception
	at com.alibaba.nacos.shaded.io.grpc.Status.asRuntimeException(Status.java:533) ~[nacos-client-2.0.4.jar:na]
	at com.alibaba.nacos.shaded.io.grpc.stub.ClientCalls$UnaryStreamToFuture.onClose(ClientCalls.java:490) ~[nacos-client-2.0.4.jar:na]
	at com.alibaba.nacos.shaded.io.grpc.PartialForwardingClientCallListener.onClose(PartialForwardingClientCallListener.java:39) ~[nacos-client-2.0.4.jar:na]
	at com.alibaba.nacos.shaded.io.grpc.ForwardingClientCallListener.onClose(ForwardingClientCallListener.java:23) ~[nacos-client-2.0.4.jar:na]
	at com.alibaba.nacos.shaded.io.grpc.ForwardingClientCallListener$SimpleForwardingClientCallListener.onClose(ForwardingClientCallListener.java:40) ~[nacos-client-2.0.4.jar:na]
	at com.alibaba.nacos.shaded.io.grpc.internal.CensusStatsModule$StatsClientInterceptor$1$1.onClose(CensusStatsModule.java:700) ~[nacos-client-2.0.4.jar:na]
	at com.alibaba.nacos.shaded.io.grpc.PartialForwardingClientCallListener.onClose(PartialForwardingClientCallListener.java:39) ~[nacos-client-2.0.4.jar:na]
	at com.alibaba.nacos.shaded.io.grpc.ForwardingClientCallListener.onClose(ForwardingClientCallListener.java:23) ~[nacos-client-2.0.4.jar:na]
	at com.alibaba.nacos.shaded.io.grpc.ForwardingClientCallListener$SimpleForwardingClientCallListener.onClose(ForwardingClientCallListener.java:40) ~[nacos-client-2.0.4.jar:na]
	at com.alibaba.nacos.shaded.io.grpc.internal.CensusTracingModule$TracingClientInterceptor$1$1.onClose(CensusTracingModule.java:399) ~[nacos-client-2.0.4.jar:na]
	at com.alibaba.nacos.shaded.io.grpc.internal.ClientCallImpl.closeObserver(ClientCallImpl.java:510) ~[nacos-client-2.0.4.jar:na]
	at com.alibaba.nacos.shaded.io.grpc.internal.ClientCallImpl.access$300(ClientCallImpl.java:66) ~[nacos-client-2.0.4.jar:na]
	at com.alibaba.nacos.shaded.io.grpc.internal.ClientCallImpl$ClientStreamListenerImpl.close(ClientCallImpl.java:630) ~[nacos-client-2.0.4.jar:na]
	at com.alibaba.nacos.shaded.io.grpc.internal.ClientCallImpl$ClientStreamListenerImpl.access$700(ClientCallImpl.java:518) ~[nacos-client-2.0.4.jar:na]
	at com.alibaba.nacos.shaded.io.grpc.internal.ClientCallImpl$ClientStreamListenerImpl$1StreamClosed.runInternal(ClientCallImpl.java:692) ~[nacos-client-2.0.4.jar:na]
	at com.alibaba.nacos.shaded.io.grpc.internal.ClientCallImpl$ClientStreamListenerImpl$1StreamClosed.runInContext(ClientCallImpl.java:681) ~[nacos-client-2.0.4.jar:na]
	at com.alibaba.nacos.shaded.io.grpc.internal.ContextRunnable.run(ContextRunnable.java:37) ~[nacos-client-2.0.4.jar:na]
	at com.alibaba.nacos.shaded.io.grpc.internal.SerializingExecutor.run(SerializingExecutor.java:123) ~[nacos-client-2.0.4.jar:na]
	... 3 common frames omitted
Caused by: com.alibaba.nacos.shaded.io.grpc.netty.shaded.io.netty.channel.AbstractChannel$AnnotatedSocketException: Network is unreachable: no further information: /192.168.150.101:9848
Caused by: java.net.SocketException: Network is unreachable: no further information
	at java.base/sun.nio.ch.SocketChannelImpl.checkConnect(Native Method) ~[na:na]
	at java.base/sun.nio.ch.SocketChannelImpl.finishConnect(SocketChannelImpl.java:779) ~[na:na]
	at com.alibaba.nacos.shaded.io.grpc.netty.shaded.io.netty.channel.socket.nio.NioSocketChannel.doFinishConnect(NioSocketChannel.java:327) ~[nacos-client-2.0.4.jar:na]
	at com.alibaba.nacos.shaded.io.grpc.netty.shaded.io.netty.channel.nio.AbstractNioChannel$AbstractNioUnsafe.finishConnect(AbstractNioChannel.java:336) ~[nacos-client-2.0.4.jar:na]
	at com.alibaba.nacos.shaded.io.grpc.netty.shaded.io.netty.channel.nio.NioEventLoop.processSelectedKey(NioEventLoop.java:685) ~[nacos-client-2.0.4.jar:na]
	at com.alibaba.nacos.shaded.io.grpc.netty.shaded.io.netty.channel.nio.NioEventLoop.processSelectedKeysOptimized(NioEventLoop.java:632) ~[nacos-client-2.0.4.jar:na]
	at com.alibaba.nacos.shaded.io.grpc.netty.shaded.io.netty.channel.nio.NioEventLoop.processSelectedKeys(NioEventLoop.java:549) ~[nacos-client-2.0.4.jar:na]
	at com.alibaba.nacos.shaded.io.grpc.netty.shaded.io.netty.channel.nio.NioEventLoop.run(NioEventLoop.java:511) ~[nacos-client-2.0.4.jar:na]
	at com.alibaba.nacos.shaded.io.grpc.netty.shaded.io.netty.util.concurrent.SingleThreadEventExecutor$5.run(SingleThreadEventExecutor.java:918) ~[nacos-client-2.0.4.jar:na]
	at com.alibaba.nacos.shaded.io.grpc.netty.shaded.io.netty.util.internal.ThreadExecutorMap$2.run(ThreadExecutorMap.java:74) ~[nacos-client-2.0.4.jar:na]
	at com.alibaba.nacos.shaded.io.grpc.netty.shaded.io.netty.util.concurrent.FastThreadLocalRunnable.run(FastThreadLocalRunnable.java:30) ~[nacos-client-2.0.4.jar:na]
	at java.base/java.lang.Thread.run(Thread.java:834) ~[na:na]

19:02:53:080  INFO 29476 --- [com.alibaba.nacos.client.remote.worker] com.alibaba.nacos.common.remote.client   : [a980ffb0-7022-4e04-88ee-d20b8f2919c8] Fail to connect server, after trying 7 times, last try server is {serverIp = '192.168.150.101', server main port = 8848}, error = unknown
19:02:53:114 ERROR 27656 --- [com.alibaba.nacos.client.remote.worker] c.a.n.c.remote.client.grpc.GrpcClient    : Server check fail, please check server 192.168.150.101 ,port 9848 is available , error ={}

java.util.concurrent.ExecutionException: com.alibaba.nacos.shaded.io.grpc.StatusRuntimeException: UNAVAILABLE: io exception
	at com.alibaba.nacos.shaded.com.google.common.util.concurrent.AbstractFuture.getDoneValue(AbstractFuture.java:566) ~[nacos-client-2.0.4.jar:na]
	at com.alibaba.nacos.shaded.com.google.common.util.concurrent.AbstractFuture.get(AbstractFuture.java:445) ~[nacos-client-2.0.4.jar:na]
	at com.alibaba.nacos.common.remote.client.grpc.GrpcClient.serverCheck(GrpcClient.java:148) ~[nacos-client-2.0.4.jar:na]
	at com.alibaba.nacos.common.remote.client.grpc.GrpcClient.connectToServer(GrpcClient.java:264) ~[nacos-client-2.0.4.jar:na]
	at com.alibaba.nacos.common.remote.client.RpcClient.reconnect(RpcClient.java:522) ~[nacos-client-2.0.4.jar:na]
	at com.alibaba.nacos.common.remote.client.RpcClient.lambda$start$2(RpcClient.java:370) ~[nacos-client-2.0.4.jar:na]
	at java.base/java.util.concurrent.Executors$RunnableAdapter.call(Executors.java:515) ~[na:na]
	at java.base/java.util.concurrent.FutureTask.run(FutureTask.java:264) ~[na:na]
	at java.base/java.util.concurrent.ScheduledThreadPoolExecutor$ScheduledFutureTask.run(ScheduledThreadPoolExecutor.java:304) ~[na:na]
	at java.base/java.util.concurrent.ThreadPoolExecutor.runWorker(ThreadPoolExecutor.java:1128) ~[na:na]
	at java.base/java.util.concurrent.ThreadPoolExecutor$Worker.run(ThreadPoolExecutor.java:628) ~[na:na]
	at java.base/java.lang.Thread.run(Thread.java:834) ~[na:na]
Caused by: com.alibaba.nacos.shaded.io.grpc.StatusRuntimeException: UNAVAILABLE: io exception
	at com.alibaba.nacos.shaded.io.grpc.Status.asRuntimeException(Status.java:533) ~[nacos-client-2.0.4.jar:na]
	at com.alibaba.nacos.shaded.io.grpc.stub.ClientCalls$UnaryStreamToFuture.onClose(ClientCalls.java:490) ~[nacos-client-2.0.4.jar:na]
	at com.alibaba.nacos.shaded.io.grpc.PartialForwardingClientCallListener.onClose(PartialForwardingClientCallListener.java:39) ~[nacos-client-2.0.4.jar:na]
	at com.alibaba.nacos.shaded.io.grpc.ForwardingClientCallListener.onClose(ForwardingClientCallListener.java:23) ~[nacos-client-2.0.4.jar:na]
	at com.alibaba.nacos.shaded.io.grpc.ForwardingClientCallListener$SimpleForwardingClientCallListener.onClose(ForwardingClientCallListener.java:40) ~[nacos-client-2.0.4.jar:na]
	at com.alibaba.nacos.shaded.io.grpc.internal.CensusStatsModule$StatsClientInterceptor$1$1.onClose(CensusStatsModule.java:700) ~[nacos-client-2.0.4.jar:na]
	at com.alibaba.nacos.shaded.io.grpc.PartialForwardingClientCallListener.onClose(PartialForwardingClientCallListener.java:39) ~[nacos-client-2.0.4.jar:na]
	at com.alibaba.nacos.shaded.io.grpc.ForwardingClientCallListener.onClose(ForwardingClientCallListener.java:23) ~[nacos-client-2.0.4.jar:na]
	at com.alibaba.nacos.shaded.io.grpc.ForwardingClientCallListener$SimpleForwardingClientCallListener.onClose(ForwardingClientCallListener.java:40) ~[nacos-client-2.0.4.jar:na]
	at com.alibaba.nacos.shaded.io.grpc.internal.CensusTracingModule$TracingClientInterceptor$1$1.onClose(CensusTracingModule.java:399) ~[nacos-client-2.0.4.jar:na]
	at com.alibaba.nacos.shaded.io.grpc.internal.ClientCallImpl.closeObserver(ClientCallImpl.java:510) ~[nacos-client-2.0.4.jar:na]
	at com.alibaba.nacos.shaded.io.grpc.internal.ClientCallImpl.access$300(ClientCallImpl.java:66) ~[nacos-client-2.0.4.jar:na]
	at com.alibaba.nacos.shaded.io.grpc.internal.ClientCallImpl$ClientStreamListenerImpl.close(ClientCallImpl.java:630) ~[nacos-client-2.0.4.jar:na]
	at com.alibaba.nacos.shaded.io.grpc.internal.ClientCallImpl$ClientStreamListenerImpl.access$700(ClientCallImpl.java:518) ~[nacos-client-2.0.4.jar:na]
	at com.alibaba.nacos.shaded.io.grpc.internal.ClientCallImpl$ClientStreamListenerImpl$1StreamClosed.runInternal(ClientCallImpl.java:692) ~[nacos-client-2.0.4.jar:na]
	at com.alibaba.nacos.shaded.io.grpc.internal.ClientCallImpl$ClientStreamListenerImpl$1StreamClosed.runInContext(ClientCallImpl.java:681) ~[nacos-client-2.0.4.jar:na]
	at com.alibaba.nacos.shaded.io.grpc.internal.ContextRunnable.run(ContextRunnable.java:37) ~[nacos-client-2.0.4.jar:na]
	at com.alibaba.nacos.shaded.io.grpc.internal.SerializingExecutor.run(SerializingExecutor.java:123) ~[nacos-client-2.0.4.jar:na]
	... 3 common frames omitted
Caused by: com.alibaba.nacos.shaded.io.grpc.netty.shaded.io.netty.channel.AbstractChannel$AnnotatedSocketException: Network is unreachable: no further information: /192.168.150.101:9848
Caused by: java.net.SocketException: Network is unreachable: no further information
	at java.base/sun.nio.ch.SocketChannelImpl.checkConnect(Native Method) ~[na:na]
	at java.base/sun.nio.ch.SocketChannelImpl.finishConnect(SocketChannelImpl.java:779) ~[na:na]
	at com.alibaba.nacos.shaded.io.grpc.netty.shaded.io.netty.channel.socket.nio.NioSocketChannel.doFinishConnect(NioSocketChannel.java:327) ~[nacos-client-2.0.4.jar:na]
	at com.alibaba.nacos.shaded.io.grpc.netty.shaded.io.netty.channel.nio.AbstractNioChannel$AbstractNioUnsafe.finishConnect(AbstractNioChannel.java:336) ~[nacos-client-2.0.4.jar:na]
	at com.alibaba.nacos.shaded.io.grpc.netty.shaded.io.netty.channel.nio.NioEventLoop.processSelectedKey(NioEventLoop.java:685) ~[nacos-client-2.0.4.jar:na]
	at com.alibaba.nacos.shaded.io.grpc.netty.shaded.io.netty.channel.nio.NioEventLoop.processSelectedKeysOptimized(NioEventLoop.java:632) ~[nacos-client-2.0.4.jar:na]
	at com.alibaba.nacos.shaded.io.grpc.netty.shaded.io.netty.channel.nio.NioEventLoop.processSelectedKeys(NioEventLoop.java:549) ~[nacos-client-2.0.4.jar:na]
	at com.alibaba.nacos.shaded.io.grpc.netty.shaded.io.netty.channel.nio.NioEventLoop.run(NioEventLoop.java:511) ~[nacos-client-2.0.4.jar:na]
	at com.alibaba.nacos.shaded.io.grpc.netty.shaded.io.netty.util.concurrent.SingleThreadEventExecutor$5.run(SingleThreadEventExecutor.java:918) ~[nacos-client-2.0.4.jar:na]
	at com.alibaba.nacos.shaded.io.grpc.netty.shaded.io.netty.util.internal.ThreadExecutorMap$2.run(ThreadExecutorMap.java:74) ~[nacos-client-2.0.4.jar:na]
	at com.alibaba.nacos.shaded.io.grpc.netty.shaded.io.netty.util.concurrent.FastThreadLocalRunnable.run(FastThreadLocalRunnable.java:30) ~[nacos-client-2.0.4.jar:na]
	at java.base/java.lang.Thread.run(Thread.java:834) ~[na:na]

19:02:53:114  INFO 27656 --- [com.alibaba.nacos.client.remote.worker] com.alibaba.nacos.common.remote.client   : [3011da57-6ed1-47df-b8fc-399c53803a06] Fail to connect server, after trying 7 times, last try server is {serverIp = '192.168.150.101', server main port = 8848}, error = unknown
19:02:53:885 ERROR 29476 --- [com.alibaba.nacos.client.remote.worker] c.a.n.c.remote.client.grpc.GrpcClient    : Server check fail, please check server 192.168.150.101 ,port 9848 is available , error ={}

java.util.concurrent.ExecutionException: com.alibaba.nacos.shaded.io.grpc.StatusRuntimeException: UNAVAILABLE: io exception
	at com.alibaba.nacos.shaded.com.google.common.util.concurrent.AbstractFuture.getDoneValue(AbstractFuture.java:566) ~[nacos-client-2.0.4.jar:na]
	at com.alibaba.nacos.shaded.com.google.common.util.concurrent.AbstractFuture.get(AbstractFuture.java:445) ~[nacos-client-2.0.4.jar:na]
	at com.alibaba.nacos.common.remote.client.grpc.GrpcClient.serverCheck(GrpcClient.java:148) ~[nacos-client-2.0.4.jar:na]
	at com.alibaba.nacos.common.remote.client.grpc.GrpcClient.connectToServer(GrpcClient.java:264) ~[nacos-client-2.0.4.jar:na]
	at com.alibaba.nacos.common.remote.client.RpcClient.reconnect(RpcClient.java:522) ~[nacos-client-2.0.4.jar:na]
	at com.alibaba.nacos.common.remote.client.RpcClient.lambda$start$2(RpcClient.java:370) ~[nacos-client-2.0.4.jar:na]
	at java.base/java.util.concurrent.Executors$RunnableAdapter.call(Executors.java:515) ~[na:na]
	at java.base/java.util.concurrent.FutureTask.run(FutureTask.java:264) ~[na:na]
	at java.base/java.util.concurrent.ScheduledThreadPoolExecutor$ScheduledFutureTask.run(ScheduledThreadPoolExecutor.java:304) ~[na:na]
	at java.base/java.util.concurrent.ThreadPoolExecutor.runWorker(ThreadPoolExecutor.java:1128) ~[na:na]
	at java.base/java.util.concurrent.ThreadPoolExecutor$Worker.run(ThreadPoolExecutor.java:628) ~[na:na]
	at java.base/java.lang.Thread.run(Thread.java:834) ~[na:na]
Caused by: com.alibaba.nacos.shaded.io.grpc.StatusRuntimeException: UNAVAILABLE: io exception
	at com.alibaba.nacos.shaded.io.grpc.Status.asRuntimeException(Status.java:533) ~[nacos-client-2.0.4.jar:na]
	at com.alibaba.nacos.shaded.io.grpc.stub.ClientCalls$UnaryStreamToFuture.onClose(ClientCalls.java:490) ~[nacos-client-2.0.4.jar:na]
	at com.alibaba.nacos.shaded.io.grpc.PartialForwardingClientCallListener.onClose(PartialForwardingClientCallListener.java:39) ~[nacos-client-2.0.4.jar:na]
	at com.alibaba.nacos.shaded.io.grpc.ForwardingClientCallListener.onClose(ForwardingClientCallListener.java:23) ~[nacos-client-2.0.4.jar:na]
	at com.alibaba.nacos.shaded.io.grpc.ForwardingClientCallListener$SimpleForwardingClientCallListener.onClose(ForwardingClientCallListener.java:40) ~[nacos-client-2.0.4.jar:na]
	at com.alibaba.nacos.shaded.io.grpc.internal.CensusStatsModule$StatsClientInterceptor$1$1.onClose(CensusStatsModule.java:700) ~[nacos-client-2.0.4.jar:na]
	at com.alibaba.nacos.shaded.io.grpc.PartialForwardingClientCallListener.onClose(PartialForwardingClientCallListener.java:39) ~[nacos-client-2.0.4.jar:na]
	at com.alibaba.nacos.shaded.io.grpc.ForwardingClientCallListener.onClose(ForwardingClientCallListener.java:23) ~[nacos-client-2.0.4.jar:na]
	at com.alibaba.nacos.shaded.io.grpc.ForwardingClientCallListener$SimpleForwardingClientCallListener.onClose(ForwardingClientCallListener.java:40) ~[nacos-client-2.0.4.jar:na]
	at com.alibaba.nacos.shaded.io.grpc.internal.CensusTracingModule$TracingClientInterceptor$1$1.onClose(CensusTracingModule.java:399) ~[nacos-client-2.0.4.jar:na]
	at com.alibaba.nacos.shaded.io.grpc.internal.ClientCallImpl.closeObserver(ClientCallImpl.java:510) ~[nacos-client-2.0.4.jar:na]
	at com.alibaba.nacos.shaded.io.grpc.internal.ClientCallImpl.access$300(ClientCallImpl.java:66) ~[nacos-client-2.0.4.jar:na]
	at com.alibaba.nacos.shaded.io.grpc.internal.ClientCallImpl$ClientStreamListenerImpl.close(ClientCallImpl.java:630) ~[nacos-client-2.0.4.jar:na]
	at com.alibaba.nacos.shaded.io.grpc.internal.ClientCallImpl$ClientStreamListenerImpl.access$700(ClientCallImpl.java:518) ~[nacos-client-2.0.4.jar:na]
	at com.alibaba.nacos.shaded.io.grpc.internal.ClientCallImpl$ClientStreamListenerImpl$1StreamClosed.runInternal(ClientCallImpl.java:692) ~[nacos-client-2.0.4.jar:na]
	at com.alibaba.nacos.shaded.io.grpc.internal.ClientCallImpl$ClientStreamListenerImpl$1StreamClosed.runInContext(ClientCallImpl.java:681) ~[nacos-client-2.0.4.jar:na]
	at com.alibaba.nacos.shaded.io.grpc.internal.ContextRunnable.run(ContextRunnable.java:37) ~[nacos-client-2.0.4.jar:na]
	at com.alibaba.nacos.shaded.io.grpc.internal.SerializingExecutor.run(SerializingExecutor.java:123) ~[nacos-client-2.0.4.jar:na]
	... 3 common frames omitted
Caused by: com.alibaba.nacos.shaded.io.grpc.netty.shaded.io.netty.channel.AbstractChannel$AnnotatedSocketException: Network is unreachable: no further information: /192.168.150.101:9848
Caused by: java.net.SocketException: Network is unreachable: no further information
	at java.base/sun.nio.ch.SocketChannelImpl.checkConnect(Native Method) ~[na:na]
	at java.base/sun.nio.ch.SocketChannelImpl.finishConnect(SocketChannelImpl.java:779) ~[na:na]
	at com.alibaba.nacos.shaded.io.grpc.netty.shaded.io.netty.channel.socket.nio.NioSocketChannel.doFinishConnect(NioSocketChannel.java:327) ~[nacos-client-2.0.4.jar:na]
	at com.alibaba.nacos.shaded.io.grpc.netty.shaded.io.netty.channel.nio.AbstractNioChannel$AbstractNioUnsafe.finishConnect(AbstractNioChannel.java:336) ~[nacos-client-2.0.4.jar:na]
	at com.alibaba.nacos.shaded.io.grpc.netty.shaded.io.netty.channel.nio.NioEventLoop.processSelectedKey(NioEventLoop.java:685) ~[nacos-client-2.0.4.jar:na]
	at com.alibaba.nacos.shaded.io.grpc.netty.shaded.io.netty.channel.nio.NioEventLoop.processSelectedKeysOptimized(NioEventLoop.java:632) ~[nacos-client-2.0.4.jar:na]
	at com.alibaba.nacos.shaded.io.grpc.netty.shaded.io.netty.channel.nio.NioEventLoop.processSelectedKeys(NioEventLoop.java:549) ~[nacos-client-2.0.4.jar:na]
	at com.alibaba.nacos.shaded.io.grpc.netty.shaded.io.netty.channel.nio.NioEventLoop.run(NioEventLoop.java:511) ~[nacos-client-2.0.4.jar:na]
	at com.alibaba.nacos.shaded.io.grpc.netty.shaded.io.netty.util.concurrent.SingleThreadEventExecutor$5.run(SingleThreadEventExecutor.java:918) ~[nacos-client-2.0.4.jar:na]
	at com.alibaba.nacos.shaded.io.grpc.netty.shaded.io.netty.util.internal.ThreadExecutorMap$2.run(ThreadExecutorMap.java:74) ~[nacos-client-2.0.4.jar:na]
	at com.alibaba.nacos.shaded.io.grpc.netty.shaded.io.netty.util.concurrent.FastThreadLocalRunnable.run(FastThreadLocalRunnable.java:30) ~[nacos-client-2.0.4.jar:na]
	at java.base/java.lang.Thread.run(Thread.java:834) ~[na:na]

19:02:53:889  INFO 29476 --- [com.alibaba.nacos.client.remote.worker] com.alibaba.nacos.common.remote.client   : [a980ffb0-7022-4e04-88ee-d20b8f2919c8] Fail to connect server, after trying 8 times, last try server is {serverIp = '192.168.150.101', server main port = 8848}, error = unknown
19:02:53:921 ERROR 27656 --- [com.alibaba.nacos.client.remote.worker] c.a.n.c.remote.client.grpc.GrpcClient    : Server check fail, please check server 192.168.150.101 ,port 9848 is available , error ={}

java.util.concurrent.ExecutionException: com.alibaba.nacos.shaded.io.grpc.StatusRuntimeException: UNAVAILABLE: io exception
	at com.alibaba.nacos.shaded.com.google.common.util.concurrent.AbstractFuture.getDoneValue(AbstractFuture.java:566) ~[nacos-client-2.0.4.jar:na]
	at com.alibaba.nacos.shaded.com.google.common.util.concurrent.AbstractFuture.get(AbstractFuture.java:445) ~[nacos-client-2.0.4.jar:na]
	at com.alibaba.nacos.common.remote.client.grpc.GrpcClient.serverCheck(GrpcClient.java:148) ~[nacos-client-2.0.4.jar:na]
	at com.alibaba.nacos.common.remote.client.grpc.GrpcClient.connectToServer(GrpcClient.java:264) ~[nacos-client-2.0.4.jar:na]
	at com.alibaba.nacos.common.remote.client.RpcClient.reconnect(RpcClient.java:522) ~[nacos-client-2.0.4.jar:na]
	at com.alibaba.nacos.common.remote.client.RpcClient.lambda$start$2(RpcClient.java:370) ~[nacos-client-2.0.4.jar:na]
	at java.base/java.util.concurrent.Executors$RunnableAdapter.call(Executors.java:515) ~[na:na]
	at java.base/java.util.concurrent.FutureTask.run(FutureTask.java:264) ~[na:na]
	at java.base/java.util.concurrent.ScheduledThreadPoolExecutor$ScheduledFutureTask.run(ScheduledThreadPoolExecutor.java:304) ~[na:na]
	at java.base/java.util.concurrent.ThreadPoolExecutor.runWorker(ThreadPoolExecutor.java:1128) ~[na:na]
	at java.base/java.util.concurrent.ThreadPoolExecutor$Worker.run(ThreadPoolExecutor.java:628) ~[na:na]
	at java.base/java.lang.Thread.run(Thread.java:834) ~[na:na]
Caused by: com.alibaba.nacos.shaded.io.grpc.StatusRuntimeException: UNAVAILABLE: io exception
	at com.alibaba.nacos.shaded.io.grpc.Status.asRuntimeException(Status.java:533) ~[nacos-client-2.0.4.jar:na]
	at com.alibaba.nacos.shaded.io.grpc.stub.ClientCalls$UnaryStreamToFuture.onClose(ClientCalls.java:490) ~[nacos-client-2.0.4.jar:na]
	at com.alibaba.nacos.shaded.io.grpc.PartialForwardingClientCallListener.onClose(PartialForwardingClientCallListener.java:39) ~[nacos-client-2.0.4.jar:na]
	at com.alibaba.nacos.shaded.io.grpc.ForwardingClientCallListener.onClose(ForwardingClientCallListener.java:23) ~[nacos-client-2.0.4.jar:na]
	at com.alibaba.nacos.shaded.io.grpc.ForwardingClientCallListener$SimpleForwardingClientCallListener.onClose(ForwardingClientCallListener.java:40) ~[nacos-client-2.0.4.jar:na]
	at com.alibaba.nacos.shaded.io.grpc.internal.CensusStatsModule$StatsClientInterceptor$1$1.onClose(CensusStatsModule.java:700) ~[nacos-client-2.0.4.jar:na]
	at com.alibaba.nacos.shaded.io.grpc.PartialForwardingClientCallListener.onClose(PartialForwardingClientCallListener.java:39) ~[nacos-client-2.0.4.jar:na]
	at com.alibaba.nacos.shaded.io.grpc.ForwardingClientCallListener.onClose(ForwardingClientCallListener.java:23) ~[nacos-client-2.0.4.jar:na]
	at com.alibaba.nacos.shaded.io.grpc.ForwardingClientCallListener$SimpleForwardingClientCallListener.onClose(ForwardingClientCallListener.java:40) ~[nacos-client-2.0.4.jar:na]
	at com.alibaba.nacos.shaded.io.grpc.internal.CensusTracingModule$TracingClientInterceptor$1$1.onClose(CensusTracingModule.java:399) ~[nacos-client-2.0.4.jar:na]
	at com.alibaba.nacos.shaded.io.grpc.internal.ClientCallImpl.closeObserver(ClientCallImpl.java:510) ~[nacos-client-2.0.4.jar:na]
	at com.alibaba.nacos.shaded.io.grpc.internal.ClientCallImpl.access$300(ClientCallImpl.java:66) ~[nacos-client-2.0.4.jar:na]
	at com.alibaba.nacos.shaded.io.grpc.internal.ClientCallImpl$ClientStreamListenerImpl.close(ClientCallImpl.java:630) ~[nacos-client-2.0.4.jar:na]
	at com.alibaba.nacos.shaded.io.grpc.internal.ClientCallImpl$ClientStreamListenerImpl.access$700(ClientCallImpl.java:518) ~[nacos-client-2.0.4.jar:na]
	at com.alibaba.nacos.shaded.io.grpc.internal.ClientCallImpl$ClientStreamListenerImpl$1StreamClosed.runInternal(ClientCallImpl.java:692) ~[nacos-client-2.0.4.jar:na]
	at com.alibaba.nacos.shaded.io.grpc.internal.ClientCallImpl$ClientStreamListenerImpl$1StreamClosed.runInContext(ClientCallImpl.java:681) ~[nacos-client-2.0.4.jar:na]
	at com.alibaba.nacos.shaded.io.grpc.internal.ContextRunnable.run(ContextRunnable.java:37) ~[nacos-client-2.0.4.jar:na]
	at com.alibaba.nacos.shaded.io.grpc.internal.SerializingExecutor.run(SerializingExecutor.java:123) ~[nacos-client-2.0.4.jar:na]
	... 3 common frames omitted
Caused by: com.alibaba.nacos.shaded.io.grpc.netty.shaded.io.netty.channel.AbstractChannel$AnnotatedSocketException: Network is unreachable: no further information: /192.168.150.101:9848
Caused by: java.net.SocketException: Network is unreachable: no further information
	at java.base/sun.nio.ch.SocketChannelImpl.checkConnect(Native Method) ~[na:na]
	at java.base/sun.nio.ch.SocketChannelImpl.finishConnect(SocketChannelImpl.java:779) ~[na:na]
	at com.alibaba.nacos.shaded.io.grpc.netty.shaded.io.netty.channel.socket.nio.NioSocketChannel.doFinishConnect(NioSocketChannel.java:327) ~[nacos-client-2.0.4.jar:na]
	at com.alibaba.nacos.shaded.io.grpc.netty.shaded.io.netty.channel.nio.AbstractNioChannel$AbstractNioUnsafe.finishConnect(AbstractNioChannel.java:336) ~[nacos-client-2.0.4.jar:na]
	at com.alibaba.nacos.shaded.io.grpc.netty.shaded.io.netty.channel.nio.NioEventLoop.processSelectedKey(NioEventLoop.java:685) ~[nacos-client-2.0.4.jar:na]
	at com.alibaba.nacos.shaded.io.grpc.netty.shaded.io.netty.channel.nio.NioEventLoop.processSelectedKeysOptimized(NioEventLoop.java:632) ~[nacos-client-2.0.4.jar:na]
	at com.alibaba.nacos.shaded.io.grpc.netty.shaded.io.netty.channel.nio.NioEventLoop.processSelectedKeys(NioEventLoop.java:549) ~[nacos-client-2.0.4.jar:na]
	at com.alibaba.nacos.shaded.io.grpc.netty.shaded.io.netty.channel.nio.NioEventLoop.run(NioEventLoop.java:511) ~[nacos-client-2.0.4.jar:na]
	at com.alibaba.nacos.shaded.io.grpc.netty.shaded.io.netty.util.concurrent.SingleThreadEventExecutor$5.run(SingleThreadEventExecutor.java:918) ~[nacos-client-2.0.4.jar:na]
	at com.alibaba.nacos.shaded.io.grpc.netty.shaded.io.netty.util.internal.ThreadExecutorMap$2.run(ThreadExecutorMap.java:74) ~[nacos-client-2.0.4.jar:na]
	at com.alibaba.nacos.shaded.io.grpc.netty.shaded.io.netty.util.concurrent.FastThreadLocalRunnable.run(FastThreadLocalRunnable.java:30) ~[nacos-client-2.0.4.jar:na]
	at java.base/java.lang.Thread.run(Thread.java:834) ~[na:na]

19:02:53:921  INFO 27656 --- [com.alibaba.nacos.client.remote.worker] com.alibaba.nacos.common.remote.client   : [3011da57-6ed1-47df-b8fc-399c53803a06] Fail to connect server, after trying 8 times, last try server is {serverIp = '192.168.150.101', server main port = 8848}, error = unknown
20:31:15:921 ERROR 29476 --- [com.alibaba.nacos.client.remote.worker] c.a.n.c.remote.client.grpc.GrpcClient    : Server check fail, please check server 192.168.150.101 ,port 9848 is available , error ={}

java.util.concurrent.ExecutionException: com.alibaba.nacos.shaded.io.grpc.StatusRuntimeException: UNAVAILABLE: io exception
	at com.alibaba.nacos.shaded.com.google.common.util.concurrent.AbstractFuture.getDoneValue(AbstractFuture.java:566) ~[nacos-client-2.0.4.jar:na]
	at com.alibaba.nacos.shaded.com.google.common.util.concurrent.AbstractFuture.get(AbstractFuture.java:445) ~[nacos-client-2.0.4.jar:na]
	at com.alibaba.nacos.common.remote.client.grpc.GrpcClient.serverCheck(GrpcClient.java:148) ~[nacos-client-2.0.4.jar:na]
	at com.alibaba.nacos.common.remote.client.grpc.GrpcClient.connectToServer(GrpcClient.java:264) ~[nacos-client-2.0.4.jar:na]
	at com.alibaba.nacos.common.remote.client.RpcClient.reconnect(RpcClient.java:522) ~[nacos-client-2.0.4.jar:na]
	at com.alibaba.nacos.common.remote.client.RpcClient.lambda$start$2(RpcClient.java:370) ~[nacos-client-2.0.4.jar:na]
	at java.base/java.util.concurrent.Executors$RunnableAdapter.call(Executors.java:515) ~[na:na]
	at java.base/java.util.concurrent.FutureTask.run(FutureTask.java:264) ~[na:na]
	at java.base/java.util.concurrent.ScheduledThreadPoolExecutor$ScheduledFutureTask.run(ScheduledThreadPoolExecutor.java:304) ~[na:na]
	at java.base/java.util.concurrent.ThreadPoolExecutor.runWorker(ThreadPoolExecutor.java:1128) ~[na:na]
	at java.base/java.util.concurrent.ThreadPoolExecutor$Worker.run(ThreadPoolExecutor.java:628) ~[na:na]
	at java.base/java.lang.Thread.run(Thread.java:834) ~[na:na]
Caused by: com.alibaba.nacos.shaded.io.grpc.StatusRuntimeException: UNAVAILABLE: io exception
	at com.alibaba.nacos.shaded.io.grpc.Status.asRuntimeException(Status.java:533) ~[nacos-client-2.0.4.jar:na]
	at com.alibaba.nacos.shaded.io.grpc.stub.ClientCalls$UnaryStreamToFuture.onClose(ClientCalls.java:490) ~[nacos-client-2.0.4.jar:na]
	at com.alibaba.nacos.shaded.io.grpc.PartialForwardingClientCallListener.onClose(PartialForwardingClientCallListener.java:39) ~[nacos-client-2.0.4.jar:na]
	at com.alibaba.nacos.shaded.io.grpc.ForwardingClientCallListener.onClose(ForwardingClientCallListener.java:23) ~[nacos-client-2.0.4.jar:na]
	at com.alibaba.nacos.shaded.io.grpc.ForwardingClientCallListener$SimpleForwardingClientCallListener.onClose(ForwardingClientCallListener.java:40) ~[nacos-client-2.0.4.jar:na]
	at com.alibaba.nacos.shaded.io.grpc.internal.CensusStatsModule$StatsClientInterceptor$1$1.onClose(CensusStatsModule.java:700) ~[nacos-client-2.0.4.jar:na]
	at com.alibaba.nacos.shaded.io.grpc.PartialForwardingClientCallListener.onClose(PartialForwardingClientCallListener.java:39) ~[nacos-client-2.0.4.jar:na]
	at com.alibaba.nacos.shaded.io.grpc.ForwardingClientCallListener.onClose(ForwardingClientCallListener.java:23) ~[nacos-client-2.0.4.jar:na]
	at com.alibaba.nacos.shaded.io.grpc.ForwardingClientCallListener$SimpleForwardingClientCallListener.onClose(ForwardingClientCallListener.java:40) ~[nacos-client-2.0.4.jar:na]
	at com.alibaba.nacos.shaded.io.grpc.internal.CensusTracingModule$TracingClientInterceptor$1$1.onClose(CensusTracingModule.java:399) ~[nacos-client-2.0.4.jar:na]
	at com.alibaba.nacos.shaded.io.grpc.internal.ClientCallImpl.closeObserver(ClientCallImpl.java:510) ~[nacos-client-2.0.4.jar:na]
	at com.alibaba.nacos.shaded.io.grpc.internal.ClientCallImpl.access$300(ClientCallImpl.java:66) ~[nacos-client-2.0.4.jar:na]
	at com.alibaba.nacos.shaded.io.grpc.internal.ClientCallImpl$ClientStreamListenerImpl.close(ClientCallImpl.java:630) ~[nacos-client-2.0.4.jar:na]
	at com.alibaba.nacos.shaded.io.grpc.internal.ClientCallImpl$ClientStreamListenerImpl.access$700(ClientCallImpl.java:518) ~[nacos-client-2.0.4.jar:na]
	at com.alibaba.nacos.shaded.io.grpc.internal.ClientCallImpl$ClientStreamListenerImpl$1StreamClosed.runInternal(ClientCallImpl.java:692) ~[nacos-client-2.0.4.jar:na]
	at com.alibaba.nacos.shaded.io.grpc.internal.ClientCallImpl$ClientStreamListenerImpl$1StreamClosed.runInContext(ClientCallImpl.java:681) ~[nacos-client-2.0.4.jar:na]
	at com.alibaba.nacos.shaded.io.grpc.internal.ContextRunnable.run(ContextRunnable.java:37) ~[nacos-client-2.0.4.jar:na]
	at com.alibaba.nacos.shaded.io.grpc.internal.SerializingExecutor.run(SerializingExecutor.java:123) ~[nacos-client-2.0.4.jar:na]
	... 3 common frames omitted
Caused by: com.alibaba.nacos.shaded.io.grpc.netty.shaded.io.netty.channel.AbstractChannel$AnnotatedSocketException: Network is unreachable: no further information: /192.168.150.101:9848
Caused by: java.net.SocketException: Network is unreachable: no further information
	at java.base/sun.nio.ch.SocketChannelImpl.checkConnect(Native Method) ~[na:na]
	at java.base/sun.nio.ch.SocketChannelImpl.finishConnect(SocketChannelImpl.java:779) ~[na:na]
	at com.alibaba.nacos.shaded.io.grpc.netty.shaded.io.netty.channel.socket.nio.NioSocketChannel.doFinishConnect(NioSocketChannel.java:327) ~[nacos-client-2.0.4.jar:na]
	at com.alibaba.nacos.shaded.io.grpc.netty.shaded.io.netty.channel.nio.AbstractNioChannel$AbstractNioUnsafe.finishConnect(AbstractNioChannel.java:336) ~[nacos-client-2.0.4.jar:na]
	at com.alibaba.nacos.shaded.io.grpc.netty.shaded.io.netty.channel.nio.NioEventLoop.processSelectedKey(NioEventLoop.java:685) ~[nacos-client-2.0.4.jar:na]
	at com.alibaba.nacos.shaded.io.grpc.netty.shaded.io.netty.channel.nio.NioEventLoop.processSelectedKeysOptimized(NioEventLoop.java:632) ~[nacos-client-2.0.4.jar:na]
	at com.alibaba.nacos.shaded.io.grpc.netty.shaded.io.netty.channel.nio.NioEventLoop.processSelectedKeys(NioEventLoop.java:549) ~[nacos-client-2.0.4.jar:na]
	at com.alibaba.nacos.shaded.io.grpc.netty.shaded.io.netty.channel.nio.NioEventLoop.run(NioEventLoop.java:511) ~[nacos-client-2.0.4.jar:na]
	at com.alibaba.nacos.shaded.io.grpc.netty.shaded.io.netty.util.concurrent.SingleThreadEventExecutor$5.run(SingleThreadEventExecutor.java:918) ~[nacos-client-2.0.4.jar:na]
	at com.alibaba.nacos.shaded.io.grpc.netty.shaded.io.netty.util.internal.ThreadExecutorMap$2.run(ThreadExecutorMap.java:74) ~[nacos-client-2.0.4.jar:na]
	at com.alibaba.nacos.shaded.io.grpc.netty.shaded.io.netty.util.concurrent.FastThreadLocalRunnable.run(FastThreadLocalRunnable.java:30) ~[nacos-client-2.0.4.jar:na]
	at java.base/java.lang.Thread.run(Thread.java:834) ~[na:na]

20:31:15:922  INFO 29476 --- [com.alibaba.nacos.client.remote.worker] com.alibaba.nacos.common.remote.client   : [a980ffb0-7022-4e04-88ee-d20b8f2919c8] Fail to connect server, after trying 9 times, last try server is {serverIp = '192.168.150.101', server main port = 8848}, error = unknown
20:31:15:962 ERROR 27656 --- [com.alibaba.nacos.client.remote.worker] c.a.n.c.remote.client.grpc.GrpcClient    : Server check fail, please check server 192.168.150.101 ,port 9848 is available , error ={}

java.util.concurrent.ExecutionException: com.alibaba.nacos.shaded.io.grpc.StatusRuntimeException: UNAVAILABLE: io exception
	at com.alibaba.nacos.shaded.com.google.common.util.concurrent.AbstractFuture.getDoneValue(AbstractFuture.java:566) ~[nacos-client-2.0.4.jar:na]
	at com.alibaba.nacos.shaded.com.google.common.util.concurrent.AbstractFuture.get(AbstractFuture.java:445) ~[nacos-client-2.0.4.jar:na]
	at com.alibaba.nacos.common.remote.client.grpc.GrpcClient.serverCheck(GrpcClient.java:148) ~[nacos-client-2.0.4.jar:na]
	at com.alibaba.nacos.common.remote.client.grpc.GrpcClient.connectToServer(GrpcClient.java:264) ~[nacos-client-2.0.4.jar:na]
	at com.alibaba.nacos.common.remote.client.RpcClient.reconnect(RpcClient.java:522) ~[nacos-client-2.0.4.jar:na]
	at com.alibaba.nacos.common.remote.client.RpcClient.lambda$start$2(RpcClient.java:370) ~[nacos-client-2.0.4.jar:na]
	at java.base/java.util.concurrent.Executors$RunnableAdapter.call(Executors.java:515) ~[na:na]
	at java.base/java.util.concurrent.FutureTask.run(FutureTask.java:264) ~[na:na]
	at java.base/java.util.concurrent.ScheduledThreadPoolExecutor$ScheduledFutureTask.run(ScheduledThreadPoolExecutor.java:304) ~[na:na]
	at java.base/java.util.concurrent.ThreadPoolExecutor.runWorker(ThreadPoolExecutor.java:1128) ~[na:na]
	at java.base/java.util.concurrent.ThreadPoolExecutor$Worker.run(ThreadPoolExecutor.java:628) ~[na:na]
	at java.base/java.lang.Thread.run(Thread.java:834) ~[na:na]
Caused by: com.alibaba.nacos.shaded.io.grpc.StatusRuntimeException: UNAVAILABLE: io exception
	at com.alibaba.nacos.shaded.io.grpc.Status.asRuntimeException(Status.java:533) ~[nacos-client-2.0.4.jar:na]
	at com.alibaba.nacos.shaded.io.grpc.stub.ClientCalls$UnaryStreamToFuture.onClose(ClientCalls.java:490) ~[nacos-client-2.0.4.jar:na]
	at com.alibaba.nacos.shaded.io.grpc.PartialForwardingClientCallListener.onClose(PartialForwardingClientCallListener.java:39) ~[nacos-client-2.0.4.jar:na]
	at com.alibaba.nacos.shaded.io.grpc.ForwardingClientCallListener.onClose(ForwardingClientCallListener.java:23) ~[nacos-client-2.0.4.jar:na]
	at com.alibaba.nacos.shaded.io.grpc.ForwardingClientCallListener$SimpleForwardingClientCallListener.onClose(ForwardingClientCallListener.java:40) ~[nacos-client-2.0.4.jar:na]
	at com.alibaba.nacos.shaded.io.grpc.internal.CensusStatsModule$StatsClientInterceptor$1$1.onClose(CensusStatsModule.java:700) ~[nacos-client-2.0.4.jar:na]
	at com.alibaba.nacos.shaded.io.grpc.PartialForwardingClientCallListener.onClose(PartialForwardingClientCallListener.java:39) ~[nacos-client-2.0.4.jar:na]
	at com.alibaba.nacos.shaded.io.grpc.ForwardingClientCallListener.onClose(ForwardingClientCallListener.java:23) ~[nacos-client-2.0.4.jar:na]
	at com.alibaba.nacos.shaded.io.grpc.ForwardingClientCallListener$SimpleForwardingClientCallListener.onClose(ForwardingClientCallListener.java:40) ~[nacos-client-2.0.4.jar:na]
	at com.alibaba.nacos.shaded.io.grpc.internal.CensusTracingModule$TracingClientInterceptor$1$1.onClose(CensusTracingModule.java:399) ~[nacos-client-2.0.4.jar:na]
	at com.alibaba.nacos.shaded.io.grpc.internal.ClientCallImpl.closeObserver(ClientCallImpl.java:510) ~[nacos-client-2.0.4.jar:na]
	at com.alibaba.nacos.shaded.io.grpc.internal.ClientCallImpl.access$300(ClientCallImpl.java:66) ~[nacos-client-2.0.4.jar:na]
	at com.alibaba.nacos.shaded.io.grpc.internal.ClientCallImpl$ClientStreamListenerImpl.close(ClientCallImpl.java:630) ~[nacos-client-2.0.4.jar:na]
	at com.alibaba.nacos.shaded.io.grpc.internal.ClientCallImpl$ClientStreamListenerImpl.access$700(ClientCallImpl.java:518) ~[nacos-client-2.0.4.jar:na]
	at com.alibaba.nacos.shaded.io.grpc.internal.ClientCallImpl$ClientStreamListenerImpl$1StreamClosed.runInternal(ClientCallImpl.java:692) ~[nacos-client-2.0.4.jar:na]
	at com.alibaba.nacos.shaded.io.grpc.internal.ClientCallImpl$ClientStreamListenerImpl$1StreamClosed.runInContext(ClientCallImpl.java:681) ~[nacos-client-2.0.4.jar:na]
	at com.alibaba.nacos.shaded.io.grpc.internal.ContextRunnable.run(ContextRunnable.java:37) ~[nacos-client-2.0.4.jar:na]
	at com.alibaba.nacos.shaded.io.grpc.internal.SerializingExecutor.run(SerializingExecutor.java:123) ~[nacos-client-2.0.4.jar:na]
	... 3 common frames omitted
Caused by: com.alibaba.nacos.shaded.io.grpc.netty.shaded.io.netty.channel.AbstractChannel$AnnotatedSocketException: Network is unreachable: no further information: /192.168.150.101:9848
Caused by: java.net.SocketException: Network is unreachable: no further information
	at java.base/sun.nio.ch.SocketChannelImpl.checkConnect(Native Method) ~[na:na]
	at java.base/sun.nio.ch.SocketChannelImpl.finishConnect(SocketChannelImpl.java:779) ~[na:na]
	at com.alibaba.nacos.shaded.io.grpc.netty.shaded.io.netty.channel.socket.nio.NioSocketChannel.doFinishConnect(NioSocketChannel.java:327) ~[nacos-client-2.0.4.jar:na]
	at com.alibaba.nacos.shaded.io.grpc.netty.shaded.io.netty.channel.nio.AbstractNioChannel$AbstractNioUnsafe.finishConnect(AbstractNioChannel.java:336) ~[nacos-client-2.0.4.jar:na]
	at com.alibaba.nacos.shaded.io.grpc.netty.shaded.io.netty.channel.nio.NioEventLoop.processSelectedKey(NioEventLoop.java:685) ~[nacos-client-2.0.4.jar:na]
	at com.alibaba.nacos.shaded.io.grpc.netty.shaded.io.netty.channel.nio.NioEventLoop.processSelectedKeysOptimized(NioEventLoop.java:632) ~[nacos-client-2.0.4.jar:na]
	at com.alibaba.nacos.shaded.io.grpc.netty.shaded.io.netty.channel.nio.NioEventLoop.processSelectedKeys(NioEventLoop.java:549) ~[nacos-client-2.0.4.jar:na]
	at com.alibaba.nacos.shaded.io.grpc.netty.shaded.io.netty.channel.nio.NioEventLoop.run(NioEventLoop.java:511) ~[nacos-client-2.0.4.jar:na]
	at com.alibaba.nacos.shaded.io.grpc.netty.shaded.io.netty.util.concurrent.SingleThreadEventExecutor$5.run(SingleThreadEventExecutor.java:918) ~[nacos-client-2.0.4.jar:na]
	at com.alibaba.nacos.shaded.io.grpc.netty.shaded.io.netty.util.internal.ThreadExecutorMap$2.run(ThreadExecutorMap.java:74) ~[nacos-client-2.0.4.jar:na]
	at com.alibaba.nacos.shaded.io.grpc.netty.shaded.io.netty.util.concurrent.FastThreadLocalRunnable.run(FastThreadLocalRunnable.java:30) ~[nacos-client-2.0.4.jar:na]
	at java.base/java.lang.Thread.run(Thread.java:834) ~[na:na]

20:31:15:963  INFO 27656 --- [com.alibaba.nacos.client.remote.worker] com.alibaba.nacos.common.remote.client   : [3011da57-6ed1-47df-b8fc-399c53803a06] Fail to connect server, after trying 9 times, last try server is {serverIp = '192.168.150.101', server main port = 8848}, error = unknown
20:31:16:942 ERROR 29476 --- [com.alibaba.nacos.client.remote.worker] c.a.n.c.remote.client.grpc.GrpcClient    : Server check fail, please check server 192.168.150.101 ,port 9848 is available , error ={}

java.util.concurrent.ExecutionException: com.alibaba.nacos.shaded.io.grpc.StatusRuntimeException: UNAVAILABLE: io exception
	at com.alibaba.nacos.shaded.com.google.common.util.concurrent.AbstractFuture.getDoneValue(AbstractFuture.java:566) ~[nacos-client-2.0.4.jar:na]
	at com.alibaba.nacos.shaded.com.google.common.util.concurrent.AbstractFuture.get(AbstractFuture.java:445) ~[nacos-client-2.0.4.jar:na]
	at com.alibaba.nacos.common.remote.client.grpc.GrpcClient.serverCheck(GrpcClient.java:148) ~[nacos-client-2.0.4.jar:na]
	at com.alibaba.nacos.common.remote.client.grpc.GrpcClient.connectToServer(GrpcClient.java:264) ~[nacos-client-2.0.4.jar:na]
	at com.alibaba.nacos.common.remote.client.RpcClient.reconnect(RpcClient.java:522) ~[nacos-client-2.0.4.jar:na]
	at com.alibaba.nacos.common.remote.client.RpcClient.lambda$start$2(RpcClient.java:370) ~[nacos-client-2.0.4.jar:na]
	at java.base/java.util.concurrent.Executors$RunnableAdapter.call(Executors.java:515) ~[na:na]
	at java.base/java.util.concurrent.FutureTask.run(FutureTask.java:264) ~[na:na]
	at java.base/java.util.concurrent.ScheduledThreadPoolExecutor$ScheduledFutureTask.run(ScheduledThreadPoolExecutor.java:304) ~[na:na]
	at java.base/java.util.concurrent.ThreadPoolExecutor.runWorker(ThreadPoolExecutor.java:1128) ~[na:na]
	at java.base/java.util.concurrent.ThreadPoolExecutor$Worker.run(ThreadPoolExecutor.java:628) ~[na:na]
	at java.base/java.lang.Thread.run(Thread.java:834) ~[na:na]
Caused by: com.alibaba.nacos.shaded.io.grpc.StatusRuntimeException: UNAVAILABLE: io exception
	at com.alibaba.nacos.shaded.io.grpc.Status.asRuntimeException(Status.java:533) ~[nacos-client-2.0.4.jar:na]
	at com.alibaba.nacos.shaded.io.grpc.stub.ClientCalls$UnaryStreamToFuture.onClose(ClientCalls.java:490) ~[nacos-client-2.0.4.jar:na]
	at com.alibaba.nacos.shaded.io.grpc.PartialForwardingClientCallListener.onClose(PartialForwardingClientCallListener.java:39) ~[nacos-client-2.0.4.jar:na]
	at com.alibaba.nacos.shaded.io.grpc.ForwardingClientCallListener.onClose(ForwardingClientCallListener.java:23) ~[nacos-client-2.0.4.jar:na]
	at com.alibaba.nacos.shaded.io.grpc.ForwardingClientCallListener$SimpleForwardingClientCallListener.onClose(ForwardingClientCallListener.java:40) ~[nacos-client-2.0.4.jar:na]
	at com.alibaba.nacos.shaded.io.grpc.internal.CensusStatsModule$StatsClientInterceptor$1$1.onClose(CensusStatsModule.java:700) ~[nacos-client-2.0.4.jar:na]
	at com.alibaba.nacos.shaded.io.grpc.PartialForwardingClientCallListener.onClose(PartialForwardingClientCallListener.java:39) ~[nacos-client-2.0.4.jar:na]
	at com.alibaba.nacos.shaded.io.grpc.ForwardingClientCallListener.onClose(ForwardingClientCallListener.java:23) ~[nacos-client-2.0.4.jar:na]
	at com.alibaba.nacos.shaded.io.grpc.ForwardingClientCallListener$SimpleForwardingClientCallListener.onClose(ForwardingClientCallListener.java:40) ~[nacos-client-2.0.4.jar:na]
	at com.alibaba.nacos.shaded.io.grpc.internal.CensusTracingModule$TracingClientInterceptor$1$1.onClose(CensusTracingModule.java:399) ~[nacos-client-2.0.4.jar:na]
	at com.alibaba.nacos.shaded.io.grpc.internal.ClientCallImpl.closeObserver(ClientCallImpl.java:510) ~[nacos-client-2.0.4.jar:na]
	at com.alibaba.nacos.shaded.io.grpc.internal.ClientCallImpl.access$300(ClientCallImpl.java:66) ~[nacos-client-2.0.4.jar:na]
	at com.alibaba.nacos.shaded.io.grpc.internal.ClientCallImpl$ClientStreamListenerImpl.close(ClientCallImpl.java:630) ~[nacos-client-2.0.4.jar:na]
	at com.alibaba.nacos.shaded.io.grpc.internal.ClientCallImpl$ClientStreamListenerImpl.access$700(ClientCallImpl.java:518) ~[nacos-client-2.0.4.jar:na]
	at com.alibaba.nacos.shaded.io.grpc.internal.ClientCallImpl$ClientStreamListenerImpl$1StreamClosed.runInternal(ClientCallImpl.java:692) ~[nacos-client-2.0.4.jar:na]
	at com.alibaba.nacos.shaded.io.grpc.internal.ClientCallImpl$ClientStreamListenerImpl$1StreamClosed.runInContext(ClientCallImpl.java:681) ~[nacos-client-2.0.4.jar:na]
	at com.alibaba.nacos.shaded.io.grpc.internal.ContextRunnable.run(ContextRunnable.java:37) ~[nacos-client-2.0.4.jar:na]
	at com.alibaba.nacos.shaded.io.grpc.internal.SerializingExecutor.run(SerializingExecutor.java:123) ~[nacos-client-2.0.4.jar:na]
	... 3 common frames omitted
Caused by: com.alibaba.nacos.shaded.io.grpc.netty.shaded.io.netty.channel.AbstractChannel$AnnotatedSocketException: Network is unreachable: no further information: /192.168.150.101:9848
Caused by: java.net.SocketException: Network is unreachable: no further information
	at java.base/sun.nio.ch.SocketChannelImpl.checkConnect(Native Method) ~[na:na]
	at java.base/sun.nio.ch.SocketChannelImpl.finishConnect(SocketChannelImpl.java:779) ~[na:na]
	at com.alibaba.nacos.shaded.io.grpc.netty.shaded.io.netty.channel.socket.nio.NioSocketChannel.doFinishConnect(NioSocketChannel.java:327) ~[nacos-client-2.0.4.jar:na]
	at com.alibaba.nacos.shaded.io.grpc.netty.shaded.io.netty.channel.nio.AbstractNioChannel$AbstractNioUnsafe.finishConnect(AbstractNioChannel.java:336) ~[nacos-client-2.0.4.jar:na]
	at com.alibaba.nacos.shaded.io.grpc.netty.shaded.io.netty.channel.nio.NioEventLoop.processSelectedKey(NioEventLoop.java:685) ~[nacos-client-2.0.4.jar:na]
	at com.alibaba.nacos.shaded.io.grpc.netty.shaded.io.netty.channel.nio.NioEventLoop.processSelectedKeysOptimized(NioEventLoop.java:632) ~[nacos-client-2.0.4.jar:na]
	at com.alibaba.nacos.shaded.io.grpc.netty.shaded.io.netty.channel.nio.NioEventLoop.processSelectedKeys(NioEventLoop.java:549) ~[nacos-client-2.0.4.jar:na]
	at com.alibaba.nacos.shaded.io.grpc.netty.shaded.io.netty.channel.nio.NioEventLoop.run(NioEventLoop.java:511) ~[nacos-client-2.0.4.jar:na]
	at com.alibaba.nacos.shaded.io.grpc.netty.shaded.io.netty.util.concurrent.SingleThreadEventExecutor$5.run(SingleThreadEventExecutor.java:918) ~[nacos-client-2.0.4.jar:na]
	at com.alibaba.nacos.shaded.io.grpc.netty.shaded.io.netty.util.internal.ThreadExecutorMap$2.run(ThreadExecutorMap.java:74) ~[nacos-client-2.0.4.jar:na]
	at com.alibaba.nacos.shaded.io.grpc.netty.shaded.io.netty.util.concurrent.FastThreadLocalRunnable.run(FastThreadLocalRunnable.java:30) ~[nacos-client-2.0.4.jar:na]
	at java.base/java.lang.Thread.run(Thread.java:834) ~[na:na]

20:31:16:953  INFO 29476 --- [com.alibaba.nacos.client.remote.worker] com.alibaba.nacos.common.remote.client   : [a980ffb0-7022-4e04-88ee-d20b8f2919c8] Fail to connect server, after trying 10 times, last try server is {serverIp = '192.168.150.101', server main port = 8848}, error = unknown
20:31:16:987 ERROR 27656 --- [com.alibaba.nacos.client.remote.worker] c.a.n.c.remote.client.grpc.GrpcClient    : Server check fail, please check server 192.168.150.101 ,port 9848 is available , error ={}

java.util.concurrent.ExecutionException: com.alibaba.nacos.shaded.io.grpc.StatusRuntimeException: UNAVAILABLE: io exception
	at com.alibaba.nacos.shaded.com.google.common.util.concurrent.AbstractFuture.getDoneValue(AbstractFuture.java:566) ~[nacos-client-2.0.4.jar:na]
	at com.alibaba.nacos.shaded.com.google.common.util.concurrent.AbstractFuture.get(AbstractFuture.java:445) ~[nacos-client-2.0.4.jar:na]
	at com.alibaba.nacos.common.remote.client.grpc.GrpcClient.serverCheck(GrpcClient.java:148) ~[nacos-client-2.0.4.jar:na]
	at com.alibaba.nacos.common.remote.client.grpc.GrpcClient.connectToServer(GrpcClient.java:264) ~[nacos-client-2.0.4.jar:na]
	at com.alibaba.nacos.common.remote.client.RpcClient.reconnect(RpcClient.java:522) ~[nacos-client-2.0.4.jar:na]
	at com.alibaba.nacos.common.remote.client.RpcClient.lambda$start$2(RpcClient.java:370) ~[nacos-client-2.0.4.jar:na]
	at java.base/java.util.concurrent.Executors$RunnableAdapter.call(Executors.java:515) ~[na:na]
	at java.base/java.util.concurrent.FutureTask.run(FutureTask.java:264) ~[na:na]
	at java.base/java.util.concurrent.ScheduledThreadPoolExecutor$ScheduledFutureTask.run(ScheduledThreadPoolExecutor.java:304) ~[na:na]
	at java.base/java.util.concurrent.ThreadPoolExecutor.runWorker(ThreadPoolExecutor.java:1128) ~[na:na]
	at java.base/java.util.concurrent.ThreadPoolExecutor$Worker.run(ThreadPoolExecutor.java:628) ~[na:na]
	at java.base/java.lang.Thread.run(Thread.java:834) ~[na:na]
Caused by: com.alibaba.nacos.shaded.io.grpc.StatusRuntimeException: UNAVAILABLE: io exception
	at com.alibaba.nacos.shaded.io.grpc.Status.asRuntimeException(Status.java:533) ~[nacos-client-2.0.4.jar:na]
	at com.alibaba.nacos.shaded.io.grpc.stub.ClientCalls$UnaryStreamToFuture.onClose(ClientCalls.java:490) ~[nacos-client-2.0.4.jar:na]
	at com.alibaba.nacos.shaded.io.grpc.PartialForwardingClientCallListener.onClose(PartialForwardingClientCallListener.java:39) ~[nacos-client-2.0.4.jar:na]
	at com.alibaba.nacos.shaded.io.grpc.ForwardingClientCallListener.onClose(ForwardingClientCallListener.java:23) ~[nacos-client-2.0.4.jar:na]
	at com.alibaba.nacos.shaded.io.grpc.ForwardingClientCallListener$SimpleForwardingClientCallListener.onClose(ForwardingClientCallListener.java:40) ~[nacos-client-2.0.4.jar:na]
	at com.alibaba.nacos.shaded.io.grpc.internal.CensusStatsModule$StatsClientInterceptor$1$1.onClose(CensusStatsModule.java:700) ~[nacos-client-2.0.4.jar:na]
	at com.alibaba.nacos.shaded.io.grpc.PartialForwardingClientCallListener.onClose(PartialForwardingClientCallListener.java:39) ~[nacos-client-2.0.4.jar:na]
	at com.alibaba.nacos.shaded.io.grpc.ForwardingClientCallListener.onClose(ForwardingClientCallListener.java:23) ~[nacos-client-2.0.4.jar:na]
	at com.alibaba.nacos.shaded.io.grpc.ForwardingClientCallListener$SimpleForwardingClientCallListener.onClose(ForwardingClientCallListener.java:40) ~[nacos-client-2.0.4.jar:na]
	at com.alibaba.nacos.shaded.io.grpc.internal.CensusTracingModule$TracingClientInterceptor$1$1.onClose(CensusTracingModule.java:399) ~[nacos-client-2.0.4.jar:na]
	at com.alibaba.nacos.shaded.io.grpc.internal.ClientCallImpl.closeObserver(ClientCallImpl.java:510) ~[nacos-client-2.0.4.jar:na]
	at com.alibaba.nacos.shaded.io.grpc.internal.ClientCallImpl.access$300(ClientCallImpl.java:66) ~[nacos-client-2.0.4.jar:na]
	at com.alibaba.nacos.shaded.io.grpc.internal.ClientCallImpl$ClientStreamListenerImpl.close(ClientCallImpl.java:630) ~[nacos-client-2.0.4.jar:na]
	at com.alibaba.nacos.shaded.io.grpc.internal.ClientCallImpl$ClientStreamListenerImpl.access$700(ClientCallImpl.java:518) ~[nacos-client-2.0.4.jar:na]
	at com.alibaba.nacos.shaded.io.grpc.internal.ClientCallImpl$ClientStreamListenerImpl$1StreamClosed.runInternal(ClientCallImpl.java:692) ~[nacos-client-2.0.4.jar:na]
	at com.alibaba.nacos.shaded.io.grpc.internal.ClientCallImpl$ClientStreamListenerImpl$1StreamClosed.runInContext(ClientCallImpl.java:681) ~[nacos-client-2.0.4.jar:na]
	at com.alibaba.nacos.shaded.io.grpc.internal.ContextRunnable.run(ContextRunnable.java:37) ~[nacos-client-2.0.4.jar:na]
	at com.alibaba.nacos.shaded.io.grpc.internal.SerializingExecutor.run(SerializingExecutor.java:123) ~[nacos-client-2.0.4.jar:na]
	... 3 common frames omitted
Caused by: com.alibaba.nacos.shaded.io.grpc.netty.shaded.io.netty.channel.AbstractChannel$AnnotatedSocketException: Network is unreachable: no further information: /192.168.150.101:9848
Caused by: java.net.SocketException: Network is unreachable: no further information
	at java.base/sun.nio.ch.SocketChannelImpl.checkConnect(Native Method) ~[na:na]
	at java.base/sun.nio.ch.SocketChannelImpl.finishConnect(SocketChannelImpl.java:779) ~[na:na]
	at com.alibaba.nacos.shaded.io.grpc.netty.shaded.io.netty.channel.socket.nio.NioSocketChannel.doFinishConnect(NioSocketChannel.java:327) ~[nacos-client-2.0.4.jar:na]
	at com.alibaba.nacos.shaded.io.grpc.netty.shaded.io.netty.channel.nio.AbstractNioChannel$AbstractNioUnsafe.finishConnect(AbstractNioChannel.java:336) ~[nacos-client-2.0.4.jar:na]
	at com.alibaba.nacos.shaded.io.grpc.netty.shaded.io.netty.channel.nio.NioEventLoop.processSelectedKey(NioEventLoop.java:685) ~[nacos-client-2.0.4.jar:na]
	at com.alibaba.nacos.shaded.io.grpc.netty.shaded.io.netty.channel.nio.NioEventLoop.processSelectedKeysOptimized(NioEventLoop.java:632) ~[nacos-client-2.0.4.jar:na]
	at com.alibaba.nacos.shaded.io.grpc.netty.shaded.io.netty.channel.nio.NioEventLoop.processSelectedKeys(NioEventLoop.java:549) ~[nacos-client-2.0.4.jar:na]
	at com.alibaba.nacos.shaded.io.grpc.netty.shaded.io.netty.channel.nio.NioEventLoop.run(NioEventLoop.java:511) ~[nacos-client-2.0.4.jar:na]
	at com.alibaba.nacos.shaded.io.grpc.netty.shaded.io.netty.util.concurrent.SingleThreadEventExecutor$5.run(SingleThreadEventExecutor.java:918) ~[nacos-client-2.0.4.jar:na]
	at com.alibaba.nacos.shaded.io.grpc.netty.shaded.io.netty.util.internal.ThreadExecutorMap$2.run(ThreadExecutorMap.java:74) ~[nacos-client-2.0.4.jar:na]
	at com.alibaba.nacos.shaded.io.grpc.netty.shaded.io.netty.util.concurrent.FastThreadLocalRunnable.run(FastThreadLocalRunnable.java:30) ~[nacos-client-2.0.4.jar:na]
	at java.base/java.lang.Thread.run(Thread.java:834) ~[na:na]

20:31:17:001  INFO 27656 --- [com.alibaba.nacos.client.remote.worker] com.alibaba.nacos.common.remote.client   : [3011da57-6ed1-47df-b8fc-399c53803a06] Fail to connect server, after trying 10 times, last try server is {serverIp = '192.168.150.101', server main port = 8848}, error = unknown
20:31:18:065 ERROR 29476 --- [com.alibaba.nacos.client.remote.worker] c.a.n.c.remote.client.grpc.GrpcClient    : Server check fail, please check server 192.168.150.101 ,port 9848 is available , error ={}

java.util.concurrent.ExecutionException: com.alibaba.nacos.shaded.io.grpc.StatusRuntimeException: UNAVAILABLE: io exception
	at com.alibaba.nacos.shaded.com.google.common.util.concurrent.AbstractFuture.getDoneValue(AbstractFuture.java:566) ~[nacos-client-2.0.4.jar:na]
	at com.alibaba.nacos.shaded.com.google.common.util.concurrent.AbstractFuture.get(AbstractFuture.java:445) ~[nacos-client-2.0.4.jar:na]
	at com.alibaba.nacos.common.remote.client.grpc.GrpcClient.serverCheck(GrpcClient.java:148) ~[nacos-client-2.0.4.jar:na]
	at com.alibaba.nacos.common.remote.client.grpc.GrpcClient.connectToServer(GrpcClient.java:264) ~[nacos-client-2.0.4.jar:na]
	at com.alibaba.nacos.common.remote.client.RpcClient.reconnect(RpcClient.java:522) ~[nacos-client-2.0.4.jar:na]
	at com.alibaba.nacos.common.remote.client.RpcClient.lambda$start$2(RpcClient.java:370) ~[nacos-client-2.0.4.jar:na]
	at java.base/java.util.concurrent.Executors$RunnableAdapter.call(Executors.java:515) ~[na:na]
	at java.base/java.util.concurrent.FutureTask.run(FutureTask.java:264) ~[na:na]
	at java.base/java.util.concurrent.ScheduledThreadPoolExecutor$ScheduledFutureTask.run(ScheduledThreadPoolExecutor.java:304) ~[na:na]
	at java.base/java.util.concurrent.ThreadPoolExecutor.runWorker(ThreadPoolExecutor.java:1128) ~[na:na]
	at java.base/java.util.concurrent.ThreadPoolExecutor$Worker.run(ThreadPoolExecutor.java:628) ~[na:na]
	at java.base/java.lang.Thread.run(Thread.java:834) ~[na:na]
Caused by: com.alibaba.nacos.shaded.io.grpc.StatusRuntimeException: UNAVAILABLE: io exception
	at com.alibaba.nacos.shaded.io.grpc.Status.asRuntimeException(Status.java:533) ~[nacos-client-2.0.4.jar:na]
	at com.alibaba.nacos.shaded.io.grpc.stub.ClientCalls$UnaryStreamToFuture.onClose(ClientCalls.java:490) ~[nacos-client-2.0.4.jar:na]
	at com.alibaba.nacos.shaded.io.grpc.PartialForwardingClientCallListener.onClose(PartialForwardingClientCallListener.java:39) ~[nacos-client-2.0.4.jar:na]
	at com.alibaba.nacos.shaded.io.grpc.ForwardingClientCallListener.onClose(ForwardingClientCallListener.java:23) ~[nacos-client-2.0.4.jar:na]
	at com.alibaba.nacos.shaded.io.grpc.ForwardingClientCallListener$SimpleForwardingClientCallListener.onClose(ForwardingClientCallListener.java:40) ~[nacos-client-2.0.4.jar:na]
	at com.alibaba.nacos.shaded.io.grpc.internal.CensusStatsModule$StatsClientInterceptor$1$1.onClose(CensusStatsModule.java:700) ~[nacos-client-2.0.4.jar:na]
	at com.alibaba.nacos.shaded.io.grpc.PartialForwardingClientCallListener.onClose(PartialForwardingClientCallListener.java:39) ~[nacos-client-2.0.4.jar:na]
	at com.alibaba.nacos.shaded.io.grpc.ForwardingClientCallListener.onClose(ForwardingClientCallListener.java:23) ~[nacos-client-2.0.4.jar:na]
	at com.alibaba.nacos.shaded.io.grpc.ForwardingClientCallListener$SimpleForwardingClientCallListener.onClose(ForwardingClientCallListener.java:40) ~[nacos-client-2.0.4.jar:na]
	at com.alibaba.nacos.shaded.io.grpc.internal.CensusTracingModule$TracingClientInterceptor$1$1.onClose(CensusTracingModule.java:399) ~[nacos-client-2.0.4.jar:na]
	at com.alibaba.nacos.shaded.io.grpc.internal.ClientCallImpl.closeObserver(ClientCallImpl.java:510) ~[nacos-client-2.0.4.jar:na]
	at com.alibaba.nacos.shaded.io.grpc.internal.ClientCallImpl.access$300(ClientCallImpl.java:66) ~[nacos-client-2.0.4.jar:na]
	at com.alibaba.nacos.shaded.io.grpc.internal.ClientCallImpl$ClientStreamListenerImpl.close(ClientCallImpl.java:630) ~[nacos-client-2.0.4.jar:na]
	at com.alibaba.nacos.shaded.io.grpc.internal.ClientCallImpl$ClientStreamListenerImpl.access$700(ClientCallImpl.java:518) ~[nacos-client-2.0.4.jar:na]
	at com.alibaba.nacos.shaded.io.grpc.internal.ClientCallImpl$ClientStreamListenerImpl$1StreamClosed.runInternal(ClientCallImpl.java:692) ~[nacos-client-2.0.4.jar:na]
	at com.alibaba.nacos.shaded.io.grpc.internal.ClientCallImpl$ClientStreamListenerImpl$1StreamClosed.runInContext(ClientCallImpl.java:681) ~[nacos-client-2.0.4.jar:na]
	at com.alibaba.nacos.shaded.io.grpc.internal.ContextRunnable.run(ContextRunnable.java:37) ~[nacos-client-2.0.4.jar:na]
	at com.alibaba.nacos.shaded.io.grpc.internal.SerializingExecutor.run(SerializingExecutor.java:123) ~[nacos-client-2.0.4.jar:na]
	... 3 common frames omitted
Caused by: com.alibaba.nacos.shaded.io.grpc.netty.shaded.io.netty.channel.AbstractChannel$AnnotatedSocketException: Network is unreachable: no further information: /192.168.150.101:9848
Caused by: java.net.SocketException: Network is unreachable: no further information
	at java.base/sun.nio.ch.SocketChannelImpl.checkConnect(Native Method) ~[na:na]
	at java.base/sun.nio.ch.SocketChannelImpl.finishConnect(SocketChannelImpl.java:779) ~[na:na]
	at com.alibaba.nacos.shaded.io.grpc.netty.shaded.io.netty.channel.socket.nio.NioSocketChannel.doFinishConnect(NioSocketChannel.java:327) ~[nacos-client-2.0.4.jar:na]
	at com.alibaba.nacos.shaded.io.grpc.netty.shaded.io.netty.channel.nio.AbstractNioChannel$AbstractNioUnsafe.finishConnect(AbstractNioChannel.java:336) ~[nacos-client-2.0.4.jar:na]
	at com.alibaba.nacos.shaded.io.grpc.netty.shaded.io.netty.channel.nio.NioEventLoop.processSelectedKey(NioEventLoop.java:685) ~[nacos-client-2.0.4.jar:na]
	at com.alibaba.nacos.shaded.io.grpc.netty.shaded.io.netty.channel.nio.NioEventLoop.processSelectedKeysOptimized(NioEventLoop.java:632) ~[nacos-client-2.0.4.jar:na]
	at com.alibaba.nacos.shaded.io.grpc.netty.shaded.io.netty.channel.nio.NioEventLoop.processSelectedKeys(NioEventLoop.java:549) ~[nacos-client-2.0.4.jar:na]
	at com.alibaba.nacos.shaded.io.grpc.netty.shaded.io.netty.channel.nio.NioEventLoop.run(NioEventLoop.java:511) ~[nacos-client-2.0.4.jar:na]
	at com.alibaba.nacos.shaded.io.grpc.netty.shaded.io.netty.util.concurrent.SingleThreadEventExecutor$5.run(SingleThreadEventExecutor.java:918) ~[nacos-client-2.0.4.jar:na]
	at com.alibaba.nacos.shaded.io.grpc.netty.shaded.io.netty.util.internal.ThreadExecutorMap$2.run(ThreadExecutorMap.java:74) ~[nacos-client-2.0.4.jar:na]
	at com.alibaba.nacos.shaded.io.grpc.netty.shaded.io.netty.util.concurrent.FastThreadLocalRunnable.run(FastThreadLocalRunnable.java:30) ~[nacos-client-2.0.4.jar:na]
	at java.base/java.lang.Thread.run(Thread.java:834) ~[na:na]

20:31:18:065  INFO 29476 --- [com.alibaba.nacos.client.remote.worker] com.alibaba.nacos.common.remote.client   : [a980ffb0-7022-4e04-88ee-d20b8f2919c8] Fail to connect server, after trying 11 times, last try server is {serverIp = '192.168.150.101', server main port = 8848}, error = unknown
20:31:18:110 ERROR 27656 --- [com.alibaba.nacos.client.remote.worker] c.a.n.c.remote.client.grpc.GrpcClient    : Server check fail, please check server 192.168.150.101 ,port 9848 is available , error ={}

java.util.concurrent.ExecutionException: com.alibaba.nacos.shaded.io.grpc.StatusRuntimeException: UNAVAILABLE: io exception
	at com.alibaba.nacos.shaded.com.google.common.util.concurrent.AbstractFuture.getDoneValue(AbstractFuture.java:566) ~[nacos-client-2.0.4.jar:na]
	at com.alibaba.nacos.shaded.com.google.common.util.concurrent.AbstractFuture.get(AbstractFuture.java:445) ~[nacos-client-2.0.4.jar:na]
	at com.alibaba.nacos.common.remote.client.grpc.GrpcClient.serverCheck(GrpcClient.java:148) ~[nacos-client-2.0.4.jar:na]
	at com.alibaba.nacos.common.remote.client.grpc.GrpcClient.connectToServer(GrpcClient.java:264) ~[nacos-client-2.0.4.jar:na]
	at com.alibaba.nacos.common.remote.client.RpcClient.reconnect(RpcClient.java:522) ~[nacos-client-2.0.4.jar:na]
	at com.alibaba.nacos.common.remote.client.RpcClient.lambda$start$2(RpcClient.java:370) ~[nacos-client-2.0.4.jar:na]
	at java.base/java.util.concurrent.Executors$RunnableAdapter.call(Executors.java:515) ~[na:na]
	at java.base/java.util.concurrent.FutureTask.run(FutureTask.java:264) ~[na:na]
	at java.base/java.util.concurrent.ScheduledThreadPoolExecutor$ScheduledFutureTask.run(ScheduledThreadPoolExecutor.java:304) ~[na:na]
	at java.base/java.util.concurrent.ThreadPoolExecutor.runWorker(ThreadPoolExecutor.java:1128) ~[na:na]
	at java.base/java.util.concurrent.ThreadPoolExecutor$Worker.run(ThreadPoolExecutor.java:628) ~[na:na]
	at java.base/java.lang.Thread.run(Thread.java:834) ~[na:na]
Caused by: com.alibaba.nacos.shaded.io.grpc.StatusRuntimeException: UNAVAILABLE: io exception
	at com.alibaba.nacos.shaded.io.grpc.Status.asRuntimeException(Status.java:533) ~[nacos-client-2.0.4.jar:na]
	at com.alibaba.nacos.shaded.io.grpc.stub.ClientCalls$UnaryStreamToFuture.onClose(ClientCalls.java:490) ~[nacos-client-2.0.4.jar:na]
	at com.alibaba.nacos.shaded.io.grpc.PartialForwardingClientCallListener.onClose(PartialForwardingClientCallListener.java:39) ~[nacos-client-2.0.4.jar:na]
	at com.alibaba.nacos.shaded.io.grpc.ForwardingClientCallListener.onClose(ForwardingClientCallListener.java:23) ~[nacos-client-2.0.4.jar:na]
	at com.alibaba.nacos.shaded.io.grpc.ForwardingClientCallListener$SimpleForwardingClientCallListener.onClose(ForwardingClientCallListener.java:40) ~[nacos-client-2.0.4.jar:na]
	at com.alibaba.nacos.shaded.io.grpc.internal.CensusStatsModule$StatsClientInterceptor$1$1.onClose(CensusStatsModule.java:700) ~[nacos-client-2.0.4.jar:na]
	at com.alibaba.nacos.shaded.io.grpc.PartialForwardingClientCallListener.onClose(PartialForwardingClientCallListener.java:39) ~[nacos-client-2.0.4.jar:na]
	at com.alibaba.nacos.shaded.io.grpc.ForwardingClientCallListener.onClose(ForwardingClientCallListener.java:23) ~[nacos-client-2.0.4.jar:na]
	at com.alibaba.nacos.shaded.io.grpc.ForwardingClientCallListener$SimpleForwardingClientCallListener.onClose(ForwardingClientCallListener.java:40) ~[nacos-client-2.0.4.jar:na]
	at com.alibaba.nacos.shaded.io.grpc.internal.CensusTracingModule$TracingClientInterceptor$1$1.onClose(CensusTracingModule.java:399) ~[nacos-client-2.0.4.jar:na]
	at com.alibaba.nacos.shaded.io.grpc.internal.ClientCallImpl.closeObserver(ClientCallImpl.java:510) ~[nacos-client-2.0.4.jar:na]
	at com.alibaba.nacos.shaded.io.grpc.internal.ClientCallImpl.access$300(ClientCallImpl.java:66) ~[nacos-client-2.0.4.jar:na]
	at com.alibaba.nacos.shaded.io.grpc.internal.ClientCallImpl$ClientStreamListenerImpl.close(ClientCallImpl.java:630) ~[nacos-client-2.0.4.jar:na]
	at com.alibaba.nacos.shaded.io.grpc.internal.ClientCallImpl$ClientStreamListenerImpl.access$700(ClientCallImpl.java:518) ~[nacos-client-2.0.4.jar:na]
	at com.alibaba.nacos.shaded.io.grpc.internal.ClientCallImpl$ClientStreamListenerImpl$1StreamClosed.runInternal(ClientCallImpl.java:692) ~[nacos-client-2.0.4.jar:na]
	at com.alibaba.nacos.shaded.io.grpc.internal.ClientCallImpl$ClientStreamListenerImpl$1StreamClosed.runInContext(ClientCallImpl.java:681) ~[nacos-client-2.0.4.jar:na]
	at com.alibaba.nacos.shaded.io.grpc.internal.ContextRunnable.run(ContextRunnable.java:37) ~[nacos-client-2.0.4.jar:na]
	at com.alibaba.nacos.shaded.io.grpc.internal.SerializingExecutor.run(SerializingExecutor.java:123) ~[nacos-client-2.0.4.jar:na]
	... 3 common frames omitted
Caused by: com.alibaba.nacos.shaded.io.grpc.netty.shaded.io.netty.channel.AbstractChannel$AnnotatedSocketException: Network is unreachable: no further information: /192.168.150.101:9848
Caused by: java.net.SocketException: Network is unreachable: no further information
	at java.base/sun.nio.ch.SocketChannelImpl.checkConnect(Native Method) ~[na:na]
	at java.base/sun.nio.ch.SocketChannelImpl.finishConnect(SocketChannelImpl.java:779) ~[na:na]
	at com.alibaba.nacos.shaded.io.grpc.netty.shaded.io.netty.channel.socket.nio.NioSocketChannel.doFinishConnect(NioSocketChannel.java:327) ~[nacos-client-2.0.4.jar:na]
	at com.alibaba.nacos.shaded.io.grpc.netty.shaded.io.netty.channel.nio.AbstractNioChannel$AbstractNioUnsafe.finishConnect(AbstractNioChannel.java:336) ~[nacos-client-2.0.4.jar:na]
	at com.alibaba.nacos.shaded.io.grpc.netty.shaded.io.netty.channel.nio.NioEventLoop.processSelectedKey(NioEventLoop.java:685) ~[nacos-client-2.0.4.jar:na]
	at com.alibaba.nacos.shaded.io.grpc.netty.shaded.io.netty.channel.nio.NioEventLoop.processSelectedKeysOptimized(NioEventLoop.java:632) ~[nacos-client-2.0.4.jar:na]
	at com.alibaba.nacos.shaded.io.grpc.netty.shaded.io.netty.channel.nio.NioEventLoop.processSelectedKeys(NioEventLoop.java:549) ~[nacos-client-2.0.4.jar:na]
	at com.alibaba.nacos.shaded.io.grpc.netty.shaded.io.netty.channel.nio.NioEventLoop.run(NioEventLoop.java:511) ~[nacos-client-2.0.4.jar:na]
	at com.alibaba.nacos.shaded.io.grpc.netty.shaded.io.netty.util.concurrent.SingleThreadEventExecutor$5.run(SingleThreadEventExecutor.java:918) ~[nacos-client-2.0.4.jar:na]
	at com.alibaba.nacos.shaded.io.grpc.netty.shaded.io.netty.util.internal.ThreadExecutorMap$2.run(ThreadExecutorMap.java:74) ~[nacos-client-2.0.4.jar:na]
	at com.alibaba.nacos.shaded.io.grpc.netty.shaded.io.netty.util.concurrent.FastThreadLocalRunnable.run(FastThreadLocalRunnable.java:30) ~[nacos-client-2.0.4.jar:na]
	at java.base/java.lang.Thread.run(Thread.java:834) ~[na:na]

20:31:18:110  INFO 27656 --- [com.alibaba.nacos.client.remote.worker] com.alibaba.nacos.common.remote.client   : [3011da57-6ed1-47df-b8fc-399c53803a06] Fail to connect server, after trying 11 times, last try server is {serverIp = '192.168.150.101', server main port = 8848}, error = unknown
20:31:19:274 ERROR 29476 --- [com.alibaba.nacos.client.remote.worker] c.a.n.c.remote.client.grpc.GrpcClient    : Server check fail, please check server 192.168.150.101 ,port 9848 is available , error ={}

java.util.concurrent.ExecutionException: com.alibaba.nacos.shaded.io.grpc.StatusRuntimeException: UNAVAILABLE: io exception
	at com.alibaba.nacos.shaded.com.google.common.util.concurrent.AbstractFuture.getDoneValue(AbstractFuture.java:566) ~[nacos-client-2.0.4.jar:na]
	at com.alibaba.nacos.shaded.com.google.common.util.concurrent.AbstractFuture.get(AbstractFuture.java:445) ~[nacos-client-2.0.4.jar:na]
	at com.alibaba.nacos.common.remote.client.grpc.GrpcClient.serverCheck(GrpcClient.java:148) ~[nacos-client-2.0.4.jar:na]
	at com.alibaba.nacos.common.remote.client.grpc.GrpcClient.connectToServer(GrpcClient.java:264) ~[nacos-client-2.0.4.jar:na]
	at com.alibaba.nacos.common.remote.client.RpcClient.reconnect(RpcClient.java:522) ~[nacos-client-2.0.4.jar:na]
	at com.alibaba.nacos.common.remote.client.RpcClient.lambda$start$2(RpcClient.java:370) ~[nacos-client-2.0.4.jar:na]
	at java.base/java.util.concurrent.Executors$RunnableAdapter.call(Executors.java:515) ~[na:na]
	at java.base/java.util.concurrent.FutureTask.run(FutureTask.java:264) ~[na:na]
	at java.base/java.util.concurrent.ScheduledThreadPoolExecutor$ScheduledFutureTask.run(ScheduledThreadPoolExecutor.java:304) ~[na:na]
	at java.base/java.util.concurrent.ThreadPoolExecutor.runWorker(ThreadPoolExecutor.java:1128) ~[na:na]
	at java.base/java.util.concurrent.ThreadPoolExecutor$Worker.run(ThreadPoolExecutor.java:628) ~[na:na]
	at java.base/java.lang.Thread.run(Thread.java:834) ~[na:na]
Caused by: com.alibaba.nacos.shaded.io.grpc.StatusRuntimeException: UNAVAILABLE: io exception
	at com.alibaba.nacos.shaded.io.grpc.Status.asRuntimeException(Status.java:533) ~[nacos-client-2.0.4.jar:na]
	at com.alibaba.nacos.shaded.io.grpc.stub.ClientCalls$UnaryStreamToFuture.onClose(ClientCalls.java:490) ~[nacos-client-2.0.4.jar:na]
	at com.alibaba.nacos.shaded.io.grpc.PartialForwardingClientCallListener.onClose(PartialForwardingClientCallListener.java:39) ~[nacos-client-2.0.4.jar:na]
	at com.alibaba.nacos.shaded.io.grpc.ForwardingClientCallListener.onClose(ForwardingClientCallListener.java:23) ~[nacos-client-2.0.4.jar:na]
	at com.alibaba.nacos.shaded.io.grpc.ForwardingClientCallListener$SimpleForwardingClientCallListener.onClose(ForwardingClientCallListener.java:40) ~[nacos-client-2.0.4.jar:na]
	at com.alibaba.nacos.shaded.io.grpc.internal.CensusStatsModule$StatsClientInterceptor$1$1.onClose(CensusStatsModule.java:700) ~[nacos-client-2.0.4.jar:na]
	at com.alibaba.nacos.shaded.io.grpc.PartialForwardingClientCallListener.onClose(PartialForwardingClientCallListener.java:39) ~[nacos-client-2.0.4.jar:na]
	at com.alibaba.nacos.shaded.io.grpc.ForwardingClientCallListener.onClose(ForwardingClientCallListener.java:23) ~[nacos-client-2.0.4.jar:na]
	at com.alibaba.nacos.shaded.io.grpc.ForwardingClientCallListener$SimpleForwardingClientCallListener.onClose(ForwardingClientCallListener.java:40) ~[nacos-client-2.0.4.jar:na]
	at com.alibaba.nacos.shaded.io.grpc.internal.CensusTracingModule$TracingClientInterceptor$1$1.onClose(CensusTracingModule.java:399) ~[nacos-client-2.0.4.jar:na]
	at com.alibaba.nacos.shaded.io.grpc.internal.ClientCallImpl.closeObserver(ClientCallImpl.java:510) ~[nacos-client-2.0.4.jar:na]
	at com.alibaba.nacos.shaded.io.grpc.internal.ClientCallImpl.access$300(ClientCallImpl.java:66) ~[nacos-client-2.0.4.jar:na]
	at com.alibaba.nacos.shaded.io.grpc.internal.ClientCallImpl$ClientStreamListenerImpl.close(ClientCallImpl.java:630) ~[nacos-client-2.0.4.jar:na]
	at com.alibaba.nacos.shaded.io.grpc.internal.ClientCallImpl$ClientStreamListenerImpl.access$700(ClientCallImpl.java:518) ~[nacos-client-2.0.4.jar:na]
	at com.alibaba.nacos.shaded.io.grpc.internal.ClientCallImpl$ClientStreamListenerImpl$1StreamClosed.runInternal(ClientCallImpl.java:692) ~[nacos-client-2.0.4.jar:na]
	at com.alibaba.nacos.shaded.io.grpc.internal.ClientCallImpl$ClientStreamListenerImpl$1StreamClosed.runInContext(ClientCallImpl.java:681) ~[nacos-client-2.0.4.jar:na]
	at com.alibaba.nacos.shaded.io.grpc.internal.ContextRunnable.run(ContextRunnable.java:37) ~[nacos-client-2.0.4.jar:na]
	at com.alibaba.nacos.shaded.io.grpc.internal.SerializingExecutor.run(SerializingExecutor.java:123) ~[nacos-client-2.0.4.jar:na]
	... 3 common frames omitted
Caused by: com.alibaba.nacos.shaded.io.grpc.netty.shaded.io.netty.channel.AbstractChannel$AnnotatedSocketException: Network is unreachable: no further information: /192.168.150.101:9848
Caused by: java.net.SocketException: Network is unreachable: no further information
	at java.base/sun.nio.ch.SocketChannelImpl.checkConnect(Native Method) ~[na:na]
	at java.base/sun.nio.ch.SocketChannelImpl.finishConnect(SocketChannelImpl.java:779) ~[na:na]
	at com.alibaba.nacos.shaded.io.grpc.netty.shaded.io.netty.channel.socket.nio.NioSocketChannel.doFinishConnect(NioSocketChannel.java:327) ~[nacos-client-2.0.4.jar:na]
	at com.alibaba.nacos.shaded.io.grpc.netty.shaded.io.netty.channel.nio.AbstractNioChannel$AbstractNioUnsafe.finishConnect(AbstractNioChannel.java:336) ~[nacos-client-2.0.4.jar:na]
	at com.alibaba.nacos.shaded.io.grpc.netty.shaded.io.netty.channel.nio.NioEventLoop.processSelectedKey(NioEventLoop.java:685) ~[nacos-client-2.0.4.jar:na]
	at com.alibaba.nacos.shaded.io.grpc.netty.shaded.io.netty.channel.nio.NioEventLoop.processSelectedKeysOptimized(NioEventLoop.java:632) ~[nacos-client-2.0.4.jar:na]
	at com.alibaba.nacos.shaded.io.grpc.netty.shaded.io.netty.channel.nio.NioEventLoop.processSelectedKeys(NioEventLoop.java:549) ~[nacos-client-2.0.4.jar:na]
	at com.alibaba.nacos.shaded.io.grpc.netty.shaded.io.netty.channel.nio.NioEventLoop.run(NioEventLoop.java:511) ~[nacos-client-2.0.4.jar:na]
	at com.alibaba.nacos.shaded.io.grpc.netty.shaded.io.netty.util.concurrent.SingleThreadEventExecutor$5.run(SingleThreadEventExecutor.java:918) ~[nacos-client-2.0.4.jar:na]
	at com.alibaba.nacos.shaded.io.grpc.netty.shaded.io.netty.util.internal.ThreadExecutorMap$2.run(ThreadExecutorMap.java:74) ~[nacos-client-2.0.4.jar:na]
	at com.alibaba.nacos.shaded.io.grpc.netty.shaded.io.netty.util.concurrent.FastThreadLocalRunnable.run(FastThreadLocalRunnable.java:30) ~[nacos-client-2.0.4.jar:na]
	at java.base/java.lang.Thread.run(Thread.java:834) ~[na:na]

20:31:19:275  INFO 29476 --- [com.alibaba.nacos.client.remote.worker] com.alibaba.nacos.common.remote.client   : [a980ffb0-7022-4e04-88ee-d20b8f2919c8] Fail to connect server, after trying 12 times, last try server is {serverIp = '192.168.150.101', server main port = 8848}, error = unknown
20:31:19:317 ERROR 27656 --- [com.alibaba.nacos.client.remote.worker] c.a.n.c.remote.client.grpc.GrpcClient    : Server check fail, please check server 192.168.150.101 ,port 9848 is available , error ={}

java.util.concurrent.ExecutionException: com.alibaba.nacos.shaded.io.grpc.StatusRuntimeException: UNAVAILABLE: io exception
	at com.alibaba.nacos.shaded.com.google.common.util.concurrent.AbstractFuture.getDoneValue(AbstractFuture.java:566) ~[nacos-client-2.0.4.jar:na]
	at com.alibaba.nacos.shaded.com.google.common.util.concurrent.AbstractFuture.get(AbstractFuture.java:445) ~[nacos-client-2.0.4.jar:na]
	at com.alibaba.nacos.common.remote.client.grpc.GrpcClient.serverCheck(GrpcClient.java:148) ~[nacos-client-2.0.4.jar:na]
	at com.alibaba.nacos.common.remote.client.grpc.GrpcClient.connectToServer(GrpcClient.java:264) ~[nacos-client-2.0.4.jar:na]
	at com.alibaba.nacos.common.remote.client.RpcClient.reconnect(RpcClient.java:522) ~[nacos-client-2.0.4.jar:na]
	at com.alibaba.nacos.common.remote.client.RpcClient.lambda$start$2(RpcClient.java:370) ~[nacos-client-2.0.4.jar:na]
	at java.base/java.util.concurrent.Executors$RunnableAdapter.call(Executors.java:515) ~[na:na]
	at java.base/java.util.concurrent.FutureTask.run(FutureTask.java:264) ~[na:na]
	at java.base/java.util.concurrent.ScheduledThreadPoolExecutor$ScheduledFutureTask.run(ScheduledThreadPoolExecutor.java:304) ~[na:na]
	at java.base/java.util.concurrent.ThreadPoolExecutor.runWorker(ThreadPoolExecutor.java:1128) ~[na:na]
	at java.base/java.util.concurrent.ThreadPoolExecutor$Worker.run(ThreadPoolExecutor.java:628) ~[na:na]
	at java.base/java.lang.Thread.run(Thread.java:834) ~[na:na]
Caused by: com.alibaba.nacos.shaded.io.grpc.StatusRuntimeException: UNAVAILABLE: io exception
	at com.alibaba.nacos.shaded.io.grpc.Status.asRuntimeException(Status.java:533) ~[nacos-client-2.0.4.jar:na]
	at com.alibaba.nacos.shaded.io.grpc.stub.ClientCalls$UnaryStreamToFuture.onClose(ClientCalls.java:490) ~[nacos-client-2.0.4.jar:na]
	at com.alibaba.nacos.shaded.io.grpc.PartialForwardingClientCallListener.onClose(PartialForwardingClientCallListener.java:39) ~[nacos-client-2.0.4.jar:na]
	at com.alibaba.nacos.shaded.io.grpc.ForwardingClientCallListener.onClose(ForwardingClientCallListener.java:23) ~[nacos-client-2.0.4.jar:na]
	at com.alibaba.nacos.shaded.io.grpc.ForwardingClientCallListener$SimpleForwardingClientCallListener.onClose(ForwardingClientCallListener.java:40) ~[nacos-client-2.0.4.jar:na]
	at com.alibaba.nacos.shaded.io.grpc.internal.CensusStatsModule$StatsClientInterceptor$1$1.onClose(CensusStatsModule.java:700) ~[nacos-client-2.0.4.jar:na]
	at com.alibaba.nacos.shaded.io.grpc.PartialForwardingClientCallListener.onClose(PartialForwardingClientCallListener.java:39) ~[nacos-client-2.0.4.jar:na]
	at com.alibaba.nacos.shaded.io.grpc.ForwardingClientCallListener.onClose(ForwardingClientCallListener.java:23) ~[nacos-client-2.0.4.jar:na]
	at com.alibaba.nacos.shaded.io.grpc.ForwardingClientCallListener$SimpleForwardingClientCallListener.onClose(ForwardingClientCallListener.java:40) ~[nacos-client-2.0.4.jar:na]
	at com.alibaba.nacos.shaded.io.grpc.internal.CensusTracingModule$TracingClientInterceptor$1$1.onClose(CensusTracingModule.java:399) ~[nacos-client-2.0.4.jar:na]
	at com.alibaba.nacos.shaded.io.grpc.internal.ClientCallImpl.closeObserver(ClientCallImpl.java:510) ~[nacos-client-2.0.4.jar:na]
	at com.alibaba.nacos.shaded.io.grpc.internal.ClientCallImpl.access$300(ClientCallImpl.java:66) ~[nacos-client-2.0.4.jar:na]
	at com.alibaba.nacos.shaded.io.grpc.internal.ClientCallImpl$ClientStreamListenerImpl.close(ClientCallImpl.java:630) ~[nacos-client-2.0.4.jar:na]
	at com.alibaba.nacos.shaded.io.grpc.internal.ClientCallImpl$ClientStreamListenerImpl.access$700(ClientCallImpl.java:518) ~[nacos-client-2.0.4.jar:na]
	at com.alibaba.nacos.shaded.io.grpc.internal.ClientCallImpl$ClientStreamListenerImpl$1StreamClosed.runInternal(ClientCallImpl.java:692) ~[nacos-client-2.0.4.jar:na]
	at com.alibaba.nacos.shaded.io.grpc.internal.ClientCallImpl$ClientStreamListenerImpl$1StreamClosed.runInContext(ClientCallImpl.java:681) ~[nacos-client-2.0.4.jar:na]
	at com.alibaba.nacos.shaded.io.grpc.internal.ContextRunnable.run(ContextRunnable.java:37) ~[nacos-client-2.0.4.jar:na]
	at com.alibaba.nacos.shaded.io.grpc.internal.SerializingExecutor.run(SerializingExecutor.java:123) ~[nacos-client-2.0.4.jar:na]
	... 3 common frames omitted
Caused by: com.alibaba.nacos.shaded.io.grpc.netty.shaded.io.netty.channel.AbstractChannel$AnnotatedSocketException: Network is unreachable: no further information: /192.168.150.101:9848
Caused by: java.net.SocketException: Network is unreachable: no further information
	at java.base/sun.nio.ch.SocketChannelImpl.checkConnect(Native Method) ~[na:na]
	at java.base/sun.nio.ch.SocketChannelImpl.finishConnect(SocketChannelImpl.java:779) ~[na:na]
	at com.alibaba.nacos.shaded.io.grpc.netty.shaded.io.netty.channel.socket.nio.NioSocketChannel.doFinishConnect(NioSocketChannel.java:327) ~[nacos-client-2.0.4.jar:na]
	at com.alibaba.nacos.shaded.io.grpc.netty.shaded.io.netty.channel.nio.AbstractNioChannel$AbstractNioUnsafe.finishConnect(AbstractNioChannel.java:336) ~[nacos-client-2.0.4.jar:na]
	at com.alibaba.nacos.shaded.io.grpc.netty.shaded.io.netty.channel.nio.NioEventLoop.processSelectedKey(NioEventLoop.java:685) ~[nacos-client-2.0.4.jar:na]
	at com.alibaba.nacos.shaded.io.grpc.netty.shaded.io.netty.channel.nio.NioEventLoop.processSelectedKeysOptimized(NioEventLoop.java:632) ~[nacos-client-2.0.4.jar:na]
	at com.alibaba.nacos.shaded.io.grpc.netty.shaded.io.netty.channel.nio.NioEventLoop.processSelectedKeys(NioEventLoop.java:549) ~[nacos-client-2.0.4.jar:na]
	at com.alibaba.nacos.shaded.io.grpc.netty.shaded.io.netty.channel.nio.NioEventLoop.run(NioEventLoop.java:511) ~[nacos-client-2.0.4.jar:na]
	at com.alibaba.nacos.shaded.io.grpc.netty.shaded.io.netty.util.concurrent.SingleThreadEventExecutor$5.run(SingleThreadEventExecutor.java:918) ~[nacos-client-2.0.4.jar:na]
	at com.alibaba.nacos.shaded.io.grpc.netty.shaded.io.netty.util.internal.ThreadExecutorMap$2.run(ThreadExecutorMap.java:74) ~[nacos-client-2.0.4.jar:na]
	at com.alibaba.nacos.shaded.io.grpc.netty.shaded.io.netty.util.concurrent.FastThreadLocalRunnable.run(FastThreadLocalRunnable.java:30) ~[nacos-client-2.0.4.jar:na]
	at java.base/java.lang.Thread.run(Thread.java:834) ~[na:na]

20:31:19:317  INFO 27656 --- [com.alibaba.nacos.client.remote.worker] com.alibaba.nacos.common.remote.client   : [3011da57-6ed1-47df-b8fc-399c53803a06] Fail to connect server, after trying 12 times, last try server is {serverIp = '192.168.150.101', server main port = 8848}, error = unknown
20:31:20:582 ERROR 29476 --- [com.alibaba.nacos.client.remote.worker] c.a.n.c.remote.client.grpc.GrpcClient    : Server check fail, please check server 192.168.150.101 ,port 9848 is available , error ={}

java.util.concurrent.ExecutionException: com.alibaba.nacos.shaded.io.grpc.StatusRuntimeException: UNAVAILABLE: io exception
	at com.alibaba.nacos.shaded.com.google.common.util.concurrent.AbstractFuture.getDoneValue(AbstractFuture.java:566) ~[nacos-client-2.0.4.jar:na]
	at com.alibaba.nacos.shaded.com.google.common.util.concurrent.AbstractFuture.get(AbstractFuture.java:445) ~[nacos-client-2.0.4.jar:na]
	at com.alibaba.nacos.common.remote.client.grpc.GrpcClient.serverCheck(GrpcClient.java:148) ~[nacos-client-2.0.4.jar:na]
	at com.alibaba.nacos.common.remote.client.grpc.GrpcClient.connectToServer(GrpcClient.java:264) ~[nacos-client-2.0.4.jar:na]
	at com.alibaba.nacos.common.remote.client.RpcClient.reconnect(RpcClient.java:522) ~[nacos-client-2.0.4.jar:na]
	at com.alibaba.nacos.common.remote.client.RpcClient.lambda$start$2(RpcClient.java:370) ~[nacos-client-2.0.4.jar:na]
	at java.base/java.util.concurrent.Executors$RunnableAdapter.call(Executors.java:515) ~[na:na]
	at java.base/java.util.concurrent.FutureTask.run(FutureTask.java:264) ~[na:na]
	at java.base/java.util.concurrent.ScheduledThreadPoolExecutor$ScheduledFutureTask.run(ScheduledThreadPoolExecutor.java:304) ~[na:na]
	at java.base/java.util.concurrent.ThreadPoolExecutor.runWorker(ThreadPoolExecutor.java:1128) ~[na:na]
	at java.base/java.util.concurrent.ThreadPoolExecutor$Worker.run(ThreadPoolExecutor.java:628) ~[na:na]
	at java.base/java.lang.Thread.run(Thread.java:834) ~[na:na]
Caused by: com.alibaba.nacos.shaded.io.grpc.StatusRuntimeException: UNAVAILABLE: io exception
	at com.alibaba.nacos.shaded.io.grpc.Status.asRuntimeException(Status.java:533) ~[nacos-client-2.0.4.jar:na]
	at com.alibaba.nacos.shaded.io.grpc.stub.ClientCalls$UnaryStreamToFuture.onClose(ClientCalls.java:490) ~[nacos-client-2.0.4.jar:na]
	at com.alibaba.nacos.shaded.io.grpc.PartialForwardingClientCallListener.onClose(PartialForwardingClientCallListener.java:39) ~[nacos-client-2.0.4.jar:na]
	at com.alibaba.nacos.shaded.io.grpc.ForwardingClientCallListener.onClose(ForwardingClientCallListener.java:23) ~[nacos-client-2.0.4.jar:na]
	at com.alibaba.nacos.shaded.io.grpc.ForwardingClientCallListener$SimpleForwardingClientCallListener.onClose(ForwardingClientCallListener.java:40) ~[nacos-client-2.0.4.jar:na]
	at com.alibaba.nacos.shaded.io.grpc.internal.CensusStatsModule$StatsClientInterceptor$1$1.onClose(CensusStatsModule.java:700) ~[nacos-client-2.0.4.jar:na]
	at com.alibaba.nacos.shaded.io.grpc.PartialForwardingClientCallListener.onClose(PartialForwardingClientCallListener.java:39) ~[nacos-client-2.0.4.jar:na]
	at com.alibaba.nacos.shaded.io.grpc.ForwardingClientCallListener.onClose(ForwardingClientCallListener.java:23) ~[nacos-client-2.0.4.jar:na]
	at com.alibaba.nacos.shaded.io.grpc.ForwardingClientCallListener$SimpleForwardingClientCallListener.onClose(ForwardingClientCallListener.java:40) ~[nacos-client-2.0.4.jar:na]
	at com.alibaba.nacos.shaded.io.grpc.internal.CensusTracingModule$TracingClientInterceptor$1$1.onClose(CensusTracingModule.java:399) ~[nacos-client-2.0.4.jar:na]
	at com.alibaba.nacos.shaded.io.grpc.internal.ClientCallImpl.closeObserver(ClientCallImpl.java:510) ~[nacos-client-2.0.4.jar:na]
	at com.alibaba.nacos.shaded.io.grpc.internal.ClientCallImpl.access$300(ClientCallImpl.java:66) ~[nacos-client-2.0.4.jar:na]
	at com.alibaba.nacos.shaded.io.grpc.internal.ClientCallImpl$ClientStreamListenerImpl.close(ClientCallImpl.java:630) ~[nacos-client-2.0.4.jar:na]
	at com.alibaba.nacos.shaded.io.grpc.internal.ClientCallImpl$ClientStreamListenerImpl.access$700(ClientCallImpl.java:518) ~[nacos-client-2.0.4.jar:na]
	at com.alibaba.nacos.shaded.io.grpc.internal.ClientCallImpl$ClientStreamListenerImpl$1StreamClosed.runInternal(ClientCallImpl.java:692) ~[nacos-client-2.0.4.jar:na]
	at com.alibaba.nacos.shaded.io.grpc.internal.ClientCallImpl$ClientStreamListenerImpl$1StreamClosed.runInContext(ClientCallImpl.java:681) ~[nacos-client-2.0.4.jar:na]
	at com.alibaba.nacos.shaded.io.grpc.internal.ContextRunnable.run(ContextRunnable.java:37) ~[nacos-client-2.0.4.jar:na]
	at com.alibaba.nacos.shaded.io.grpc.internal.SerializingExecutor.run(SerializingExecutor.java:123) ~[nacos-client-2.0.4.jar:na]
	... 3 common frames omitted
Caused by: com.alibaba.nacos.shaded.io.grpc.netty.shaded.io.netty.channel.AbstractChannel$AnnotatedSocketException: Network is unreachable: no further information: /192.168.150.101:9848
Caused by: java.net.SocketException: Network is unreachable: no further information
	at java.base/sun.nio.ch.SocketChannelImpl.checkConnect(Native Method) ~[na:na]
	at java.base/sun.nio.ch.SocketChannelImpl.finishConnect(SocketChannelImpl.java:779) ~[na:na]
	at com.alibaba.nacos.shaded.io.grpc.netty.shaded.io.netty.channel.socket.nio.NioSocketChannel.doFinishConnect(NioSocketChannel.java:327) ~[nacos-client-2.0.4.jar:na]
	at com.alibaba.nacos.shaded.io.grpc.netty.shaded.io.netty.channel.nio.AbstractNioChannel$AbstractNioUnsafe.finishConnect(AbstractNioChannel.java:336) ~[nacos-client-2.0.4.jar:na]
	at com.alibaba.nacos.shaded.io.grpc.netty.shaded.io.netty.channel.nio.NioEventLoop.processSelectedKey(NioEventLoop.java:685) ~[nacos-client-2.0.4.jar:na]
	at com.alibaba.nacos.shaded.io.grpc.netty.shaded.io.netty.channel.nio.NioEventLoop.processSelectedKeysOptimized(NioEventLoop.java:632) ~[nacos-client-2.0.4.jar:na]
	at com.alibaba.nacos.shaded.io.grpc.netty.shaded.io.netty.channel.nio.NioEventLoop.processSelectedKeys(NioEventLoop.java:549) ~[nacos-client-2.0.4.jar:na]
	at com.alibaba.nacos.shaded.io.grpc.netty.shaded.io.netty.channel.nio.NioEventLoop.run(NioEventLoop.java:511) ~[nacos-client-2.0.4.jar:na]
	at com.alibaba.nacos.shaded.io.grpc.netty.shaded.io.netty.util.concurrent.SingleThreadEventExecutor$5.run(SingleThreadEventExecutor.java:918) ~[nacos-client-2.0.4.jar:na]
	at com.alibaba.nacos.shaded.io.grpc.netty.shaded.io.netty.util.internal.ThreadExecutorMap$2.run(ThreadExecutorMap.java:74) ~[nacos-client-2.0.4.jar:na]
	at com.alibaba.nacos.shaded.io.grpc.netty.shaded.io.netty.util.concurrent.FastThreadLocalRunnable.run(FastThreadLocalRunnable.java:30) ~[nacos-client-2.0.4.jar:na]
	at java.base/java.lang.Thread.run(Thread.java:834) ~[na:na]

20:31:20:584  INFO 29476 --- [com.alibaba.nacos.client.remote.worker] com.alibaba.nacos.common.remote.client   : [a980ffb0-7022-4e04-88ee-d20b8f2919c8] Fail to connect server, after trying 13 times, last try server is {serverIp = '192.168.150.101', server main port = 8848}, error = unknown
20:31:20:622 ERROR 27656 --- [com.alibaba.nacos.client.remote.worker] c.a.n.c.remote.client.grpc.GrpcClient    : Server check fail, please check server 192.168.150.101 ,port 9848 is available , error ={}

java.util.concurrent.ExecutionException: com.alibaba.nacos.shaded.io.grpc.StatusRuntimeException: UNAVAILABLE: io exception
	at com.alibaba.nacos.shaded.com.google.common.util.concurrent.AbstractFuture.getDoneValue(AbstractFuture.java:566) ~[nacos-client-2.0.4.jar:na]
	at com.alibaba.nacos.shaded.com.google.common.util.concurrent.AbstractFuture.get(AbstractFuture.java:445) ~[nacos-client-2.0.4.jar:na]
	at com.alibaba.nacos.common.remote.client.grpc.GrpcClient.serverCheck(GrpcClient.java:148) ~[nacos-client-2.0.4.jar:na]
	at com.alibaba.nacos.common.remote.client.grpc.GrpcClient.connectToServer(GrpcClient.java:264) ~[nacos-client-2.0.4.jar:na]
	at com.alibaba.nacos.common.remote.client.RpcClient.reconnect(RpcClient.java:522) ~[nacos-client-2.0.4.jar:na]
	at com.alibaba.nacos.common.remote.client.RpcClient.lambda$start$2(RpcClient.java:370) ~[nacos-client-2.0.4.jar:na]
	at java.base/java.util.concurrent.Executors$RunnableAdapter.call(Executors.java:515) ~[na:na]
	at java.base/java.util.concurrent.FutureTask.run(FutureTask.java:264) ~[na:na]
	at java.base/java.util.concurrent.ScheduledThreadPoolExecutor$ScheduledFutureTask.run(ScheduledThreadPoolExecutor.java:304) ~[na:na]
	at java.base/java.util.concurrent.ThreadPoolExecutor.runWorker(ThreadPoolExecutor.java:1128) ~[na:na]
	at java.base/java.util.concurrent.ThreadPoolExecutor$Worker.run(ThreadPoolExecutor.java:628) ~[na:na]
	at java.base/java.lang.Thread.run(Thread.java:834) ~[na:na]
Caused by: com.alibaba.nacos.shaded.io.grpc.StatusRuntimeException: UNAVAILABLE: io exception
	at com.alibaba.nacos.shaded.io.grpc.Status.asRuntimeException(Status.java:533) ~[nacos-client-2.0.4.jar:na]
	at com.alibaba.nacos.shaded.io.grpc.stub.ClientCalls$UnaryStreamToFuture.onClose(ClientCalls.java:490) ~[nacos-client-2.0.4.jar:na]
	at com.alibaba.nacos.shaded.io.grpc.PartialForwardingClientCallListener.onClose(PartialForwardingClientCallListener.java:39) ~[nacos-client-2.0.4.jar:na]
	at com.alibaba.nacos.shaded.io.grpc.ForwardingClientCallListener.onClose(ForwardingClientCallListener.java:23) ~[nacos-client-2.0.4.jar:na]
	at com.alibaba.nacos.shaded.io.grpc.ForwardingClientCallListener$SimpleForwardingClientCallListener.onClose(ForwardingClientCallListener.java:40) ~[nacos-client-2.0.4.jar:na]
	at com.alibaba.nacos.shaded.io.grpc.internal.CensusStatsModule$StatsClientInterceptor$1$1.onClose(CensusStatsModule.java:700) ~[nacos-client-2.0.4.jar:na]
	at com.alibaba.nacos.shaded.io.grpc.PartialForwardingClientCallListener.onClose(PartialForwardingClientCallListener.java:39) ~[nacos-client-2.0.4.jar:na]
	at com.alibaba.nacos.shaded.io.grpc.ForwardingClientCallListener.onClose(ForwardingClientCallListener.java:23) ~[nacos-client-2.0.4.jar:na]
	at com.alibaba.nacos.shaded.io.grpc.ForwardingClientCallListener$SimpleForwardingClientCallListener.onClose(ForwardingClientCallListener.java:40) ~[nacos-client-2.0.4.jar:na]
	at com.alibaba.nacos.shaded.io.grpc.internal.CensusTracingModule$TracingClientInterceptor$1$1.onClose(CensusTracingModule.java:399) ~[nacos-client-2.0.4.jar:na]
	at com.alibaba.nacos.shaded.io.grpc.internal.ClientCallImpl.closeObserver(ClientCallImpl.java:510) ~[nacos-client-2.0.4.jar:na]
	at com.alibaba.nacos.shaded.io.grpc.internal.ClientCallImpl.access$300(ClientCallImpl.java:66) ~[nacos-client-2.0.4.jar:na]
	at com.alibaba.nacos.shaded.io.grpc.internal.ClientCallImpl$ClientStreamListenerImpl.close(ClientCallImpl.java:630) ~[nacos-client-2.0.4.jar:na]
	at com.alibaba.nacos.shaded.io.grpc.internal.ClientCallImpl$ClientStreamListenerImpl.access$700(ClientCallImpl.java:518) ~[nacos-client-2.0.4.jar:na]
	at com.alibaba.nacos.shaded.io.grpc.internal.ClientCallImpl$ClientStreamListenerImpl$1StreamClosed.runInternal(ClientCallImpl.java:692) ~[nacos-client-2.0.4.jar:na]
	at com.alibaba.nacos.shaded.io.grpc.internal.ClientCallImpl$ClientStreamListenerImpl$1StreamClosed.runInContext(ClientCallImpl.java:681) ~[nacos-client-2.0.4.jar:na]
	at com.alibaba.nacos.shaded.io.grpc.internal.ContextRunnable.run(ContextRunnable.java:37) ~[nacos-client-2.0.4.jar:na]
	at com.alibaba.nacos.shaded.io.grpc.internal.SerializingExecutor.run(SerializingExecutor.java:123) ~[nacos-client-2.0.4.jar:na]
	... 3 common frames omitted
Caused by: com.alibaba.nacos.shaded.io.grpc.netty.shaded.io.netty.channel.AbstractChannel$AnnotatedSocketException: Network is unreachable: no further information: /192.168.150.101:9848
Caused by: java.net.SocketException: Network is unreachable: no further information
	at java.base/sun.nio.ch.SocketChannelImpl.checkConnect(Native Method) ~[na:na]
	at java.base/sun.nio.ch.SocketChannelImpl.finishConnect(SocketChannelImpl.java:779) ~[na:na]
	at com.alibaba.nacos.shaded.io.grpc.netty.shaded.io.netty.channel.socket.nio.NioSocketChannel.doFinishConnect(NioSocketChannel.java:327) ~[nacos-client-2.0.4.jar:na]
	at com.alibaba.nacos.shaded.io.grpc.netty.shaded.io.netty.channel.nio.AbstractNioChannel$AbstractNioUnsafe.finishConnect(AbstractNioChannel.java:336) ~[nacos-client-2.0.4.jar:na]
	at com.alibaba.nacos.shaded.io.grpc.netty.shaded.io.netty.channel.nio.NioEventLoop.processSelectedKey(NioEventLoop.java:685) ~[nacos-client-2.0.4.jar:na]
	at com.alibaba.nacos.shaded.io.grpc.netty.shaded.io.netty.channel.nio.NioEventLoop.processSelectedKeysOptimized(NioEventLoop.java:632) ~[nacos-client-2.0.4.jar:na]
	at com.alibaba.nacos.shaded.io.grpc.netty.shaded.io.netty.channel.nio.NioEventLoop.processSelectedKeys(NioEventLoop.java:549) ~[nacos-client-2.0.4.jar:na]
	at com.alibaba.nacos.shaded.io.grpc.netty.shaded.io.netty.channel.nio.NioEventLoop.run(NioEventLoop.java:511) ~[nacos-client-2.0.4.jar:na]
	at com.alibaba.nacos.shaded.io.grpc.netty.shaded.io.netty.util.concurrent.SingleThreadEventExecutor$5.run(SingleThreadEventExecutor.java:918) ~[nacos-client-2.0.4.jar:na]
	at com.alibaba.nacos.shaded.io.grpc.netty.shaded.io.netty.util.internal.ThreadExecutorMap$2.run(ThreadExecutorMap.java:74) ~[nacos-client-2.0.4.jar:na]
	at com.alibaba.nacos.shaded.io.grpc.netty.shaded.io.netty.util.concurrent.FastThreadLocalRunnable.run(FastThreadLocalRunnable.java:30) ~[nacos-client-2.0.4.jar:na]
	at java.base/java.lang.Thread.run(Thread.java:834) ~[na:na]

20:31:20:625  INFO 27656 --- [com.alibaba.nacos.client.remote.worker] com.alibaba.nacos.common.remote.client   : [3011da57-6ed1-47df-b8fc-399c53803a06] Fail to connect server, after trying 13 times, last try server is {serverIp = '192.168.150.101', server main port = 8848}, error = unknown
20:32:07:026  WARN 29476 --- [HikariPool-1 housekeeper] com.zaxxer.hikari.pool.HikariPool        : HikariPool-1 - Thread starvation or clock leap detected (housekeeper delta=1h29m55s153ms426µs599ns).
20:32:07:233  INFO 29476 --- [com.alibaba.nacos.client.remote.worker] com.alibaba.nacos.common.remote.client   : [a980ffb0-7022-4e04-88ee-d20b8f2919c8] Success to connect a server [192.168.150.101:8848], connectionId = 1777890404499_192.168.150.1_63268
20:32:07:233  INFO 29476 --- [com.alibaba.nacos.client.remote.worker] com.alibaba.nacos.common.remote.client   : [a980ffb0-7022-4e04-88ee-d20b8f2919c8] Abandon prev connection, server is 192.168.150.101:8848, connectionId is 1777864081401_192.168.150.1_53190
20:32:07:233  INFO 29476 --- [com.alibaba.nacos.client.remote.worker] com.alibaba.nacos.common.remote.client   : Close current connection 1777864081401_192.168.150.1_53190
20:32:07:233  INFO 29476 --- [com.alibaba.nacos.client.remote.worker] com.alibaba.nacos.common.remote.client   : [a980ffb0-7022-4e04-88ee-d20b8f2919c8] Notify disconnected event to listeners
20:32:07:237  INFO 29476 --- [com.alibaba.nacos.client.remote.worker] com.alibaba.nacos.common.remote.client   : [a980ffb0-7022-4e04-88ee-d20b8f2919c8] Notify connected event to listeners.
20:32:07:245  INFO 27656 --- [com.alibaba.nacos.client.remote.worker] com.alibaba.nacos.common.remote.client   : [3011da57-6ed1-47df-b8fc-399c53803a06] Success to connect a server [192.168.150.101:8848], connectionId = 1777890404516_192.168.150.1_63270
20:32:07:245  INFO 27656 --- [com.alibaba.nacos.client.remote.worker] com.alibaba.nacos.common.remote.client   : [3011da57-6ed1-47df-b8fc-399c53803a06] Abandon prev connection, server is 192.168.150.101:8848, connectionId is 1777864082731_192.168.150.1_64404
20:32:07:245  INFO 27656 --- [com.alibaba.nacos.client.remote.worker] com.alibaba.nacos.common.remote.client   : Close current connection 1777864082731_192.168.150.1_64404
20:32:07:246  INFO 27656 --- [com.alibaba.nacos.client.remote.worker] com.alibaba.nacos.common.remote.client   : [3011da57-6ed1-47df-b8fc-399c53803a06] Notify disconnected event to listeners
20:32:07:246  INFO 27656 --- [com.alibaba.nacos.client.remote.worker] com.alibaba.nacos.common.remote.client   : [3011da57-6ed1-47df-b8fc-399c53803a06] Notify connected event to listeners.
20:32:13:208 ERROR 29476 --- [com.alibaba.nacos.client.naming.grpc.redo.0] com.alibaba.nacos.common.remote.client   : Send request fail, request = InstanceRequest{headers={}, requestId='null'}, retryTimes = 0, errorMessage = java.util.concurrent.TimeoutException: Waited 3000 milliseconds (plus 423200 nanoseconds delay) for com.alibaba.nacos.shaded.io.grpc.stub.ClientCalls$GrpcFuture@64fdeedb[status=PENDING, info=[GrpcFuture{clientCall={delegate={delegate=ClientCallImpl{method=MethodDescriptor{fullMethodName=Request/request, type=UNARY, idempotent=false, safe=false, sampledToLocalTracing=true, requestMarshaller=com.alibaba.nacos.shaded.io.grpc.protobuf.lite.ProtoLiteUtils$MessageMarshaller@6d2bf093, responseMarshaller=com.alibaba.nacos.shaded.io.grpc.protobuf.lite.ProtoLiteUtils$MessageMarshaller@664e0abc, schemaDescriptor=com.alibaba.nacos.api.grpc.auto.RequestGrpc$RequestMethodDescriptorSupplier@637197cc}}}}}]]
20:32:13:244 ERROR 27656 --- [com.alibaba.nacos.client.naming.grpc.redo.0] com.alibaba.nacos.common.remote.client   : Send request fail, request = InstanceRequest{headers={}, requestId='null'}, retryTimes = 0, errorMessage = java.util.concurrent.TimeoutException: Waited 3000 milliseconds (plus 314199 nanoseconds delay) for com.alibaba.nacos.shaded.io.grpc.stub.ClientCalls$GrpcFuture@6844b9be[status=PENDING, info=[GrpcFuture{clientCall={delegate={delegate=ClientCallImpl{method=MethodDescriptor{fullMethodName=Request/request, type=UNARY, idempotent=false, safe=false, sampledToLocalTracing=true, requestMarshaller=com.alibaba.nacos.shaded.io.grpc.protobuf.lite.ProtoLiteUtils$MessageMarshaller@3a32922e, responseMarshaller=com.alibaba.nacos.shaded.io.grpc.protobuf.lite.ProtoLiteUtils$MessageMarshaller@4b7daaae, schemaDescriptor=com.alibaba.nacos.api.grpc.auto.RequestGrpc$RequestMethodDescriptorSupplier@516a3978}}}}}]]
20:32:14:051 ERROR 27656 --- [com.alibaba.nacos.client.naming.updater.5] com.alibaba.nacos.common.remote.client   : Send request fail, request = ServiceQueryRequest{headers={app=unknown}, requestId='null'}, retryTimes = 0, errorMessage = Client not connected, current status:UNHEALTHY
20:32:14:153 ERROR 27656 --- [com.alibaba.nacos.client.naming.updater.5] com.alibaba.nacos.common.remote.client   : Send request fail, request = ServiceQueryRequest{headers={app=unknown}, requestId='null'}, retryTimes = 1, errorMessage = Client not connected, current status:UNHEALTHY
20:32:14:255 ERROR 27656 --- [com.alibaba.nacos.client.naming.updater.5] com.alibaba.nacos.common.remote.client   : Send request fail, request = ServiceQueryRequest{headers={app=unknown}, requestId='null'}, retryTimes = 2, errorMessage = Client not connected, current status:UNHEALTHY
20:32:14:886 ERROR 29476 --- [com.alibaba.nacos.client.naming.updater.1] com.alibaba.nacos.common.remote.client   : Send request fail, request = ServiceQueryRequest{headers={}, requestId='null'}, retryTimes = 0, errorMessage = java.util.concurrent.TimeoutException: Waited 3000 milliseconds (plus 1 milliseconds, 10399 nanoseconds delay) for com.alibaba.nacos.shaded.io.grpc.stub.ClientCalls$GrpcFuture@5a7f33b3[status=PENDING, info=[GrpcFuture{clientCall={delegate={delegate=ClientCallImpl{method=MethodDescriptor{fullMethodName=Request/request, type=UNARY, idempotent=false, safe=false, sampledToLocalTracing=true, requestMarshaller=com.alibaba.nacos.shaded.io.grpc.protobuf.lite.ProtoLiteUtils$MessageMarshaller@6d2bf093, responseMarshaller=com.alibaba.nacos.shaded.io.grpc.protobuf.lite.ProtoLiteUtils$MessageMarshaller@664e0abc, schemaDescriptor=com.alibaba.nacos.api.grpc.auto.RequestGrpc$RequestMethodDescriptorSupplier@637197cc}}}}}]]
20:32:15:235  INFO 29476 --- [com.alibaba.nacos.client.remote.worker] com.alibaba.nacos.common.remote.client   : [a980ffb0-7022-4e04-88ee-d20b8f2919c8] Server healthy check fail, currentConnection = 1777890404499_192.168.150.1_63268
20:32:15:235  INFO 29476 --- [com.alibaba.nacos.client.remote.worker] com.alibaba.nacos.common.remote.client   : [a980ffb0-7022-4e04-88ee-d20b8f2919c8] Try to reconnect to a new server, server is  not appointed, will choose a random server.
20:32:15:248  INFO 27656 --- [com.alibaba.nacos.client.remote.worker] com.alibaba.nacos.common.remote.client   : [3011da57-6ed1-47df-b8fc-399c53803a06] Server healthy check fail, currentConnection = 1777890404516_192.168.150.1_63270
20:32:15:248  INFO 27656 --- [com.alibaba.nacos.client.remote.worker] com.alibaba.nacos.common.remote.client   : [3011da57-6ed1-47df-b8fc-399c53803a06] Try to reconnect to a new server, server is  not appointed, will choose a random server.
20:32:15:348  INFO 29476 --- [com.alibaba.nacos.client.remote.worker] com.alibaba.nacos.common.remote.client   : [a980ffb0-7022-4e04-88ee-d20b8f2919c8] Success to connect a server [192.168.150.101:8848], connectionId = 1777890412626_192.168.150.1_57481
20:32:15:348  INFO 29476 --- [com.alibaba.nacos.client.remote.worker] com.alibaba.nacos.common.remote.client   : [a980ffb0-7022-4e04-88ee-d20b8f2919c8] Abandon prev connection, server is 192.168.150.101:8848, connectionId is 1777890404499_192.168.150.1_63268
20:32:15:348  INFO 29476 --- [com.alibaba.nacos.client.remote.worker] com.alibaba.nacos.common.remote.client   : Close current connection 1777890404499_192.168.150.1_63268
20:32:15:350  INFO 29476 --- [nacos-grpc-client-executor-12742] c.a.n.c.remote.client.grpc.GrpcClient    : [1777890404499_192.168.150.1_63268]Ignore complete event,isRunning:false,isAbandon=true
20:32:15:353  INFO 29476 --- [com.alibaba.nacos.client.remote.worker] com.alibaba.nacos.common.remote.client   : [a980ffb0-7022-4e04-88ee-d20b8f2919c8] Notify disconnected event to listeners
20:32:15:353  INFO 29476 --- [com.alibaba.nacos.client.remote.worker] com.alibaba.nacos.common.remote.client   : [a980ffb0-7022-4e04-88ee-d20b8f2919c8] Notify connected event to listeners.
20:32:15:355  INFO 29476 --- [com.alibaba.nacos.client.remote.worker] com.alibaba.nacos.common.remote.client   : [a980ffb0-7022-4e04-88ee-d20b8f2919c8] Server check success, currentServer is 192.168.150.101:8848 
20:32:15:366  INFO 27656 --- [com.alibaba.nacos.client.remote.worker] com.alibaba.nacos.common.remote.client   : [3011da57-6ed1-47df-b8fc-399c53803a06] Success to connect a server [192.168.150.101:8848], connectionId = 1777890412638_192.168.150.1_57482
20:32:15:366  INFO 27656 --- [com.alibaba.nacos.client.remote.worker] com.alibaba.nacos.common.remote.client   : [3011da57-6ed1-47df-b8fc-399c53803a06] Abandon prev connection, server is 192.168.150.101:8848, connectionId is 1777890404516_192.168.150.1_63270
20:32:15:366  INFO 27656 --- [com.alibaba.nacos.client.remote.worker] com.alibaba.nacos.common.remote.client   : Close current connection 1777890404516_192.168.150.1_63270
20:32:15:366  INFO 27656 --- [com.alibaba.nacos.client.remote.worker] com.alibaba.nacos.common.remote.client   : [3011da57-6ed1-47df-b8fc-399c53803a06] Notify disconnected event to listeners
20:32:15:370  INFO 27656 --- [com.alibaba.nacos.client.remote.worker] com.alibaba.nacos.common.remote.client   : [3011da57-6ed1-47df-b8fc-399c53803a06] Notify connected event to listeners.
20:32:15:370  INFO 27656 --- [com.alibaba.nacos.client.remote.worker] com.alibaba.nacos.common.remote.client   : [3011da57-6ed1-47df-b8fc-399c53803a06] Server check success, currentServer is 192.168.150.101:8848 
20:32:15:372  WARN 27656 --- [nacos-grpc-client-executor-12761] c.a.n.c.remote.client.grpc.GrpcClient    : [1777890404516_192.168.150.1_63270]Ignore error event,isRunning:true,isAbandon=true
20:32:16:798  INFO 27656 --- [nacos-grpc-client-executor-12767] com.alibaba.nacos.common.remote.client   : [3011da57-6ed1-47df-b8fc-399c53803a06] Receive server push request, request = NotifySubscriberRequest, requestId = 215
20:32:16:798  INFO 27656 --- [nacos-grpc-client-executor-12767] com.alibaba.nacos.common.remote.client   : [3011da57-6ed1-47df-b8fc-399c53803a06] Ack server push request, request = NotifySubscriberRequest, requestId = 215
20:32:16:801  INFO 29476 --- [nacos-grpc-client-executor-12746] com.alibaba.nacos.common.remote.client   : [a980ffb0-7022-4e04-88ee-d20b8f2919c8] Receive server push request, request = NotifySubscriberRequest, requestId = 217
20:32:16:801  INFO 29476 --- [nacos-grpc-client-executor-12746] com.alibaba.nacos.common.remote.client   : [a980ffb0-7022-4e04-88ee-d20b8f2919c8] Ack server push request, request = NotifySubscriberRequest, requestId = 217
20:32:27:894  WARN 27656 --- [HikariPool-1 housekeeper] com.zaxxer.hikari.pool.HikariPool        : HikariPool-1 - Thread starvation or clock leap detected (housekeeper delta=1h29m35s194ms491µs900ns).
22:06:55:589 DEBUG 27656 --- [http-nio-8081-exec-10] c.h.i.mapper.ItemMapper.selectBatchIds   : ==>  Preparing: SELECT id,name,price,stock,image,category,brand,spec,sold,comment_count,isAD,status,create_time,update_time,creater,updater FROM item WHERE id IN ( ? )
22:06:55:601 DEBUG 27656 --- [http-nio-8081-exec-10] c.h.i.mapper.ItemMapper.selectBatchIds   : ==> Parameters: 100000006163(Long)
22:06:55:630 DEBUG 27656 --- [http-nio-8081-exec-10] c.h.i.mapper.ItemMapper.selectBatchIds   : <==      Total: 1
22:07:09:159 DEBUG 29476 --- [http-nio-8083-exec-1] c.h.i.mapper.ItemMapper.selectBatchIds   : ==>  Preparing: SELECT id,name,price,stock,image,category,brand,spec,sold,comment_count,isAD,status,create_time,update_time,creater,updater FROM item WHERE id IN ( ? )
22:07:09:173 DEBUG 29476 --- [http-nio-8083-exec-1] c.h.i.mapper.ItemMapper.selectBatchIds   : ==> Parameters: 100000006163(Long)
22:07:09:193 DEBUG 29476 --- [http-nio-8083-exec-1] c.h.i.mapper.ItemMapper.selectBatchIds   : <==      Total: 1
22:07:14:472 DEBUG 27656 --- [http-nio-8081-exec-1] c.h.i.mapper.ItemMapper.selectBatchIds   : ==>  Preparing: SELECT id,name,price,stock,image,category,brand,spec,sold,comment_count,isAD,status,create_time,update_time,creater,updater FROM item WHERE id IN ( ? )
22:07:14:472 DEBUG 27656 --- [http-nio-8081-exec-1] c.h.i.mapper.ItemMapper.selectBatchIds   : ==> Parameters: 100000006163(Long)
22:07:14:472 DEBUG 27656 --- [http-nio-8081-exec-1] c.h.i.mapper.ItemMapper.selectBatchIds   : <==      Total: 1
22:07:23:857 DEBUG 29476 --- [http-nio-8083-exec-2] c.h.i.mapper.ItemMapper.selectBatchIds   : ==>  Preparing: SELECT id,name,price,stock,image,category,brand,spec,sold,comment_count,isAD,status,create_time,update_time,creater,updater FROM item WHERE id IN ( ? )
22:07:23:858 DEBUG 29476 --- [http-nio-8083-exec-2] c.h.i.mapper.ItemMapper.selectBatchIds   : ==> Parameters: 100000006163(Long)
22:07:23:858 DEBUG 29476 --- [http-nio-8083-exec-2] c.h.i.mapper.ItemMapper.selectBatchIds   : <==      Total: 1
22:07:30:431 DEBUG 27656 --- [http-nio-8081-exec-2] c.h.i.m.ItemMapper.selectPage_mpCount    : ==>  Preparing: SELECT COUNT(*) FROM item WHERE (status = ?)
22:07:30:433 DEBUG 27656 --- [http-nio-8081-exec-2] c.h.i.m.ItemMapper.selectPage_mpCount    : ==> Parameters: 1(Integer)
22:07:30:484 DEBUG 27656 --- [http-nio-8081-exec-2] c.h.i.m.ItemMapper.selectPage_mpCount    : <==      Total: 1
22:07:30:487 DEBUG 27656 --- [http-nio-8081-exec-2] c.h.item.mapper.ItemMapper.selectPage    : ==>  Preparing: SELECT id, name, price, stock, image, category, brand, spec, sold, comment_count, isAD, status, create_time, update_time, creater, updater FROM item WHERE (status = ?) ORDER BY update_time DESC LIMIT ?
22:07:30:487 DEBUG 27656 --- [http-nio-8081-exec-2] c.h.item.mapper.ItemMapper.selectPage    : ==> Parameters: 1(Integer), 20(Long)
22:07:30:500 DEBUG 27656 --- [http-nio-8081-exec-2] c.h.item.mapper.ItemMapper.selectPage    : <==      Total: 20
22:07:34:866 DEBUG 27656 --- [http-nio-8081-exec-3] c.h.i.mapper.ItemMapper.selectBatchIds   : ==>  Preparing: SELECT id,name,price,stock,image,category,brand,spec,sold,comment_count,isAD,status,create_time,update_time,creater,updater FROM item WHERE id IN ( ? , ? )
22:07:34:867 DEBUG 27656 --- [http-nio-8081-exec-3] c.h.i.mapper.ItemMapper.selectBatchIds   : ==> Parameters: 100000006163(Long), 100001905417(Long)
22:07:34:877 DEBUG 27656 --- [http-nio-8081-exec-3] c.h.i.mapper.ItemMapper.selectBatchIds   : <==      Total: 2
22:08:01:314 DEBUG 29476 --- [http-nio-8083-exec-3] c.h.i.mapper.ItemMapper.selectBatchIds   : ==>  Preparing: SELECT id,name,price,stock,image,category,brand,spec,sold,comment_count,isAD,status,create_time,update_time,creater,updater FROM item WHERE id IN ( ? , ? )
22:08:01:314 DEBUG 29476 --- [http-nio-8083-exec-3] c.h.i.mapper.ItemMapper.selectBatchIds   : ==> Parameters: 100000006163(Long), 100001905417(Long)
22:08:01:317 DEBUG 29476 --- [http-nio-8083-exec-3] c.h.i.mapper.ItemMapper.selectBatchIds   : <==      Total: 2
22:08:01:765 DEBUG 27656 --- [http-nio-8081-exec-4] c.h.i.mapper.ItemMapper.selectBatchIds   : ==>  Preparing: SELECT id,name,price,stock,image,category,brand,spec,sold,comment_count,isAD,status,create_time,update_time,creater,updater FROM item WHERE id IN ( ? , ? )
22:08:01:766 DEBUG 27656 --- [http-nio-8081-exec-4] c.h.i.mapper.ItemMapper.selectBatchIds   : ==> Parameters: 100000006163(Long), 100001905417(Long)
22:08:01:768 DEBUG 27656 --- [http-nio-8081-exec-4] c.h.i.mapper.ItemMapper.selectBatchIds   : <==      Total: 2
22:08:05:117 DEBUG 29476 --- [http-nio-8083-exec-6] c.h.i.mapper.ItemMapper.selectBatchIds   : ==>  Preparing: SELECT id,name,price,stock,image,category,brand,spec,sold,comment_count,isAD,status,create_time,update_time,creater,updater FROM item WHERE id IN ( ? , ? )
22:08:05:117 DEBUG 29476 --- [http-nio-8083-exec-6] c.h.i.mapper.ItemMapper.selectBatchIds   : ==> Parameters: 100000006163(Long), 100001905417(Long)
22:08:05:119 DEBUG 29476 --- [http-nio-8083-exec-6] c.h.i.mapper.ItemMapper.selectBatchIds   : <==      Total: 2
22:08:05:571 DEBUG 27656 --- [http-nio-8081-exec-7] c.h.i.mapper.ItemMapper.selectBatchIds   : ==>  Preparing: SELECT id,name,price,stock,image,category,brand,spec,sold,comment_count,isAD,status,create_time,update_time,creater,updater FROM item WHERE id IN ( ? , ? )
22:08:05:571 DEBUG 27656 --- [http-nio-8081-exec-7] c.h.i.mapper.ItemMapper.selectBatchIds   : ==> Parameters: 100000006163(Long), 100001905417(Long)
22:08:05:573 DEBUG 27656 --- [http-nio-8081-exec-7] c.h.i.mapper.ItemMapper.selectBatchIds   : <==      Total: 2
22:08:06:690 DEBUG 29476 --- [http-nio-8083-exec-5] c.h.i.mapper.ItemMapper.selectBatchIds   : ==>  Preparing: SELECT id,name,price,stock,image,category,brand,spec,sold,comment_count,isAD,status,create_time,update_time,creater,updater FROM item WHERE id IN ( ? , ? )
22:08:06:691 DEBUG 29476 --- [http-nio-8083-exec-5] c.h.i.mapper.ItemMapper.selectBatchIds   : ==> Parameters: 100000006163(Long), 100001905417(Long)
22:08:06:693 DEBUG 29476 --- [http-nio-8083-exec-5] c.h.i.mapper.ItemMapper.selectBatchIds   : <==      Total: 2
22:31:18:346 DEBUG 29476 --- [http-nio-8083-exec-10] c.h.i.mapper.ItemMapper.selectBatchIds   : ==>  Preparing: SELECT id,name,price,stock,image,category,brand,spec,sold,comment_count,isAD,status,create_time,update_time,creater,updater FROM item WHERE id IN ( ? , ? )
22:31:18:346 DEBUG 29476 --- [http-nio-8083-exec-10] c.h.i.mapper.ItemMapper.selectBatchIds   : ==> Parameters: 100000006163(Long), 100001905417(Long)
22:31:18:353 DEBUG 29476 --- [http-nio-8083-exec-10] c.h.i.mapper.ItemMapper.selectBatchIds   : <==      Total: 2
22:31:35:789 DEBUG 27656 --- [http-nio-8081-exec-6] c.h.i.mapper.ItemMapper.selectBatchIds   : ==>  Preparing: SELECT id,name,price,stock,image,category,brand,spec,sold,comment_count,isAD,status,create_time,update_time,creater,updater FROM item WHERE id IN ( ? , ? )
22:31:35:789 DEBUG 27656 --- [http-nio-8081-exec-6] c.h.i.mapper.ItemMapper.selectBatchIds   : ==> Parameters: 100000006163(Long), 100001905417(Long)
22:31:35:794 DEBUG 27656 --- [http-nio-8081-exec-6] c.h.i.mapper.ItemMapper.selectBatchIds   : <==      Total: 2
22:31:57:176 DEBUG 29476 --- [http-nio-8083-exec-8] c.h.i.mapper.ItemMapper.selectBatchIds   : ==>  Preparing: SELECT id,name,price,stock,image,category,brand,spec,sold,comment_count,isAD,status,create_time,update_time,creater,updater FROM item WHERE id IN ( ? , ? )
22:31:57:193 DEBUG 29476 --- [http-nio-8083-exec-8] c.h.i.mapper.ItemMapper.selectBatchIds   : ==> Parameters: 100000006163(Long), 100001905417(Long)
22:31:57:197 DEBUG 29476 --- [http-nio-8083-exec-8] c.h.i.mapper.ItemMapper.selectBatchIds   : <==      Total: 2
22:31:58:256 DEBUG 29476 --- [http-nio-8083-exec-9] c.h.i.m.ItemMapper.selectPage_mpCount    : ==>  Preparing: SELECT COUNT(*) FROM item WHERE (status = ?)
22:31:58:256 DEBUG 29476 --- [http-nio-8083-exec-9] c.h.i.m.ItemMapper.selectPage_mpCount    : ==> Parameters: 1(Integer)
22:31:58:276 DEBUG 29476 --- [http-nio-8083-exec-9] c.h.i.m.ItemMapper.selectPage_mpCount    : <==      Total: 1
22:31:58:283 DEBUG 29476 --- [http-nio-8083-exec-9] c.h.item.mapper.ItemMapper.selectPage    : ==>  Preparing: SELECT id, name, price, stock, image, category, brand, spec, sold, comment_count, isAD, status, create_time, update_time, creater, updater FROM item WHERE (status = ?) ORDER BY update_time DESC LIMIT ?
22:31:58:286 DEBUG 29476 --- [http-nio-8083-exec-9] c.h.item.mapper.ItemMapper.selectPage    : ==> Parameters: 1(Integer), 20(Long)
22:31:58:296 DEBUG 29476 --- [http-nio-8083-exec-9] c.h.item.mapper.ItemMapper.selectPage    : <==      Total: 20
22:34:18:290 DEBUG 27656 --- [http-nio-8081-exec-10] c.h.i.m.ItemMapper.selectPage_mpCount    : ==>  Preparing: SELECT COUNT(*) FROM item WHERE (status = ?)
22:34:18:291 DEBUG 27656 --- [http-nio-8081-exec-10] c.h.i.m.ItemMapper.selectPage_mpCount    : ==> Parameters: 1(Integer)
22:34:18:309 DEBUG 27656 --- [http-nio-8081-exec-10] c.h.i.m.ItemMapper.selectPage_mpCount    : <==      Total: 1
22:34:18:315 DEBUG 27656 --- [http-nio-8081-exec-10] c.h.item.mapper.ItemMapper.selectPage    : ==>  Preparing: SELECT id, name, price, stock, image, category, brand, spec, sold, comment_count, isAD, status, create_time, update_time, creater, updater FROM item WHERE (status = ?) ORDER BY update_time DESC LIMIT ?
22:34:18:317 DEBUG 27656 --- [http-nio-8081-exec-10] c.h.item.mapper.ItemMapper.selectPage    : ==> Parameters: 1(Integer), 20(Long)
22:34:18:322 DEBUG 27656 --- [http-nio-8081-exec-10] c.h.item.mapper.ItemMapper.selectPage    : <==      Total: 20
22:37:43:268 DEBUG 27656 --- [http-nio-8081-exec-2] c.h.i.mapper.ItemMapper.selectBatchIds   : ==>  Preparing: SELECT id,name,price,stock,image,category,brand,spec,sold,comment_count,isAD,status,create_time,update_time,creater,updater FROM item WHERE id IN ( ? , ? , ? )
22:37:43:274 DEBUG 27656 --- [http-nio-8081-exec-2] c.h.i.mapper.ItemMapper.selectBatchIds   : ==> Parameters: 100000006163(Long), 100001511821(Long), 100001905417(Long)
22:37:43:278 DEBUG 27656 --- [http-nio-8081-exec-2] c.h.i.mapper.ItemMapper.selectBatchIds   : <==      Total: 3
23:46:51:579 DEBUG 29476 --- [http-nio-8083-exec-2] c.h.i.m.ItemMapper.selectPage_mpCount    : ==>  Preparing: SELECT COUNT(*) FROM item WHERE (status = ?)
23:46:51:586 DEBUG 29476 --- [http-nio-8083-exec-2] c.h.i.m.ItemMapper.selectPage_mpCount    : ==> Parameters: 1(Integer)
23:46:51:632 DEBUG 29476 --- [http-nio-8083-exec-2] c.h.i.m.ItemMapper.selectPage_mpCount    : <==      Total: 1
23:46:51:636 DEBUG 29476 --- [http-nio-8083-exec-2] c.h.item.mapper.ItemMapper.selectPage    : ==>  Preparing: SELECT id, name, price, stock, image, category, brand, spec, sold, comment_count, isAD, status, create_time, update_time, creater, updater FROM item WHERE (status = ?) ORDER BY update_time DESC LIMIT ?
23:46:51:636 DEBUG 29476 --- [http-nio-8083-exec-2] c.h.item.mapper.ItemMapper.selectPage    : ==> Parameters: 1(Integer), 1(Long)
23:46:51:642 DEBUG 29476 --- [http-nio-8083-exec-2] c.h.item.mapper.ItemMapper.selectPage    : <==      Total: 1
23:56:04:057  INFO 29476 --- [com.alibaba.nacos.client.remote.worker] com.alibaba.nacos.common.remote.client   : [a980ffb0-7022-4e04-88ee-d20b8f2919c8] Server healthy check fail, currentConnection = 1777890412626_192.168.150.1_57481
23:56:04:059  INFO 29476 --- [com.alibaba.nacos.client.remote.worker] com.alibaba.nacos.common.remote.client   : [a980ffb0-7022-4e04-88ee-d20b8f2919c8] Try to reconnect to a new server, server is  not appointed, will choose a random server.
23:56:04:297  INFO 27656 --- [com.alibaba.nacos.client.remote.worker] com.alibaba.nacos.common.remote.client   : [3011da57-6ed1-47df-b8fc-399c53803a06] Server healthy check fail, currentConnection = 1777890412638_192.168.150.1_57482
23:56:04:311  INFO 27656 --- [com.alibaba.nacos.client.remote.worker] com.alibaba.nacos.common.remote.client   : [3011da57-6ed1-47df-b8fc-399c53803a06] Try to reconnect to a new server, server is  not appointed, will choose a random server.
23:56:06:636  INFO 27656 --- [com.alibaba.nacos.client.remote.worker] com.alibaba.nacos.common.remote.client   : [3011da57-6ed1-47df-b8fc-399c53803a06] Success to connect a server [192.168.150.101:8848], connectionId = 1777903642601_192.168.150.1_55212
23:56:06:636  INFO 27656 --- [com.alibaba.nacos.client.remote.worker] com.alibaba.nacos.common.remote.client   : [3011da57-6ed1-47df-b8fc-399c53803a06] Abandon prev connection, server is 192.168.150.101:8848, connectionId is 1777890412638_192.168.150.1_57482
23:56:06:636  INFO 27656 --- [com.alibaba.nacos.client.remote.worker] com.alibaba.nacos.common.remote.client   : Close current connection 1777890412638_192.168.150.1_57482
23:56:06:640  INFO 27656 --- [com.alibaba.nacos.client.remote.worker] com.alibaba.nacos.common.remote.client   : [3011da57-6ed1-47df-b8fc-399c53803a06] Notify disconnected event to listeners
23:56:06:644  WARN 27656 --- [nacos-grpc-client-executor-15237] c.a.n.c.remote.client.grpc.GrpcClient    : [1777890412638_192.168.150.1_57482]Ignore error event,isRunning:true,isAbandon=true
23:56:06:647  INFO 27656 --- [com.alibaba.nacos.client.remote.worker] com.alibaba.nacos.common.remote.client   : [3011da57-6ed1-47df-b8fc-399c53803a06] Notify connected event to listeners.
23:56:07:118 ERROR 29476 --- [com.alibaba.nacos.client.remote.worker] c.a.n.c.remote.client.grpc.GrpcClient    : Server check fail, please check server 192.168.150.101 ,port 9848 is available , error ={}

java.util.concurrent.TimeoutException: Waited 3000 milliseconds (plus 764600 nanoseconds delay) for com.alibaba.nacos.shaded.io.grpc.stub.ClientCalls$GrpcFuture@65843e68[status=PENDING, info=[GrpcFuture{clientCall={delegate={delegate=ClientCallImpl{method=MethodDescriptor{fullMethodName=Request/request, type=UNARY, idempotent=false, safe=false, sampledToLocalTracing=true, requestMarshaller=com.alibaba.nacos.shaded.io.grpc.protobuf.lite.ProtoLiteUtils$MessageMarshaller@6d2bf093, responseMarshaller=com.alibaba.nacos.shaded.io.grpc.protobuf.lite.ProtoLiteUtils$MessageMarshaller@664e0abc, schemaDescriptor=com.alibaba.nacos.api.grpc.auto.RequestGrpc$RequestMethodDescriptorSupplier@637197cc}}}}}]]
	at com.alibaba.nacos.shaded.com.google.common.util.concurrent.AbstractFuture.get(AbstractFuture.java:508) ~[nacos-client-2.0.4.jar:na]
	at com.alibaba.nacos.common.remote.client.grpc.GrpcClient.serverCheck(GrpcClient.java:148) ~[nacos-client-2.0.4.jar:na]
	at com.alibaba.nacos.common.remote.client.grpc.GrpcClient.connectToServer(GrpcClient.java:264) ~[nacos-client-2.0.4.jar:na]
	at com.alibaba.nacos.common.remote.client.RpcClient.reconnect(RpcClient.java:522) ~[nacos-client-2.0.4.jar:na]
	at com.alibaba.nacos.common.remote.client.RpcClient.lambda$start$2(RpcClient.java:370) ~[nacos-client-2.0.4.jar:na]
	at java.base/java.util.concurrent.Executors$RunnableAdapter.call(Executors.java:515) ~[na:na]
	at java.base/java.util.concurrent.FutureTask.run(FutureTask.java:264) ~[na:na]
	at java.base/java.util.concurrent.ScheduledThreadPoolExecutor$ScheduledFutureTask.run(ScheduledThreadPoolExecutor.java:304) ~[na:na]
	at java.base/java.util.concurrent.ThreadPoolExecutor.runWorker(ThreadPoolExecutor.java:1128) ~[na:na]
	at java.base/java.util.concurrent.ThreadPoolExecutor$Worker.run(ThreadPoolExecutor.java:628) ~[na:na]
	at java.base/java.lang.Thread.run(Thread.java:834) ~[na:na]

23:56:07:182  INFO 29476 --- [nacos-grpc-client-executor-15211] com.alibaba.nacos.common.remote.client   : [a980ffb0-7022-4e04-88ee-d20b8f2919c8] Receive server push request, request = NotifySubscriberRequest, requestId = 252
23:56:07:215  INFO 29476 --- [nacos-grpc-client-executor-15211] com.alibaba.nacos.common.remote.client   : [a980ffb0-7022-4e04-88ee-d20b8f2919c8] Ack server push request, request = NotifySubscriberRequest, requestId = 252
23:56:07:361  INFO 29476 --- [com.alibaba.nacos.client.remote.worker] com.alibaba.nacos.common.remote.client   : [a980ffb0-7022-4e04-88ee-d20b8f2919c8] Success to connect a server [192.168.150.101:8848], connectionId = 1777903643405_192.168.150.1_55218
23:56:07:361  INFO 29476 --- [com.alibaba.nacos.client.remote.worker] com.alibaba.nacos.common.remote.client   : [a980ffb0-7022-4e04-88ee-d20b8f2919c8] Abandon prev connection, server is 192.168.150.101:8848, connectionId is 1777890412626_192.168.150.1_57481
23:56:07:361  INFO 29476 --- [com.alibaba.nacos.client.remote.worker] com.alibaba.nacos.common.remote.client   : Close current connection 1777890412626_192.168.150.1_57481
23:56:07:363  INFO 29476 --- [com.alibaba.nacos.client.remote.worker] com.alibaba.nacos.common.remote.client   : [a980ffb0-7022-4e04-88ee-d20b8f2919c8] Notify disconnected event to listeners
23:56:07:364  INFO 29476 --- [com.alibaba.nacos.client.remote.worker] com.alibaba.nacos.common.remote.client   : [a980ffb0-7022-4e04-88ee-d20b8f2919c8] Notify connected event to listeners.
23:56:07:404  WARN 29476 --- [nacos-grpc-client-executor-15215] c.a.n.c.remote.client.grpc.GrpcClient    : [1777890412626_192.168.150.1_57481]Ignore error event,isRunning:true,isAbandon=true
23:56:07:931  INFO 29476 --- [nacos-grpc-client-executor-15218] com.alibaba.nacos.common.remote.client   : [a980ffb0-7022-4e04-88ee-d20b8f2919c8] Receive server push request, request = NotifySubscriberRequest, requestId = 254
23:56:07:931  INFO 29476 --- [nacos-grpc-client-executor-15218] com.alibaba.nacos.common.remote.client   : [a980ffb0-7022-4e04-88ee-d20b8f2919c8] Ack server push request, request = NotifySubscriberRequest, requestId = 254
23:56:08:492  INFO 29476 --- [nacos-grpc-client-executor-15219] com.alibaba.nacos.common.remote.client   : [a980ffb0-7022-4e04-88ee-d20b8f2919c8] Receive server push request, request = NotifySubscriberRequest, requestId = 259
23:56:08:504  INFO 27656 --- [nacos-grpc-client-executor-15241] com.alibaba.nacos.common.remote.client   : [3011da57-6ed1-47df-b8fc-399c53803a06] Receive server push request, request = NotifySubscriberRequest, requestId = 257
23:56:08:504  INFO 29476 --- [nacos-grpc-client-executor-15219] com.alibaba.nacos.common.remote.client   : [a980ffb0-7022-4e04-88ee-d20b8f2919c8] Ack server push request, request = NotifySubscriberRequest, requestId = 259
23:56:08:506  INFO 27656 --- [nacos-grpc-client-executor-15241] com.alibaba.nacos.common.remote.client   : [3011da57-6ed1-47df-b8fc-399c53803a06] Ack server push request, request = NotifySubscriberRequest, requestId = 257
23:58:59:810  INFO 27656 --- [com.alibaba.nacos.client.remote.worker] com.alibaba.nacos.common.remote.client   : [3011da57-6ed1-47df-b8fc-399c53803a06] Server healthy check fail, currentConnection = 1777903642601_192.168.150.1_55212
23:58:59:810  INFO 27656 --- [com.alibaba.nacos.client.remote.worker] com.alibaba.nacos.common.remote.client   : [3011da57-6ed1-47df-b8fc-399c53803a06] Try to reconnect to a new server, server is  not appointed, will choose a random server.
23:59:00:519  INFO 29476 --- [com.alibaba.nacos.client.remote.worker] com.alibaba.nacos.common.remote.client   : [a980ffb0-7022-4e04-88ee-d20b8f2919c8] Server healthy check fail, currentConnection = 1777903643405_192.168.150.1_55218
23:59:00:519  INFO 29476 --- [com.alibaba.nacos.client.remote.worker] com.alibaba.nacos.common.remote.client   : [a980ffb0-7022-4e04-88ee-d20b8f2919c8] Try to reconnect to a new server, server is  not appointed, will choose a random server.
23:59:01:291  INFO 27656 --- [com.alibaba.nacos.client.remote.worker] com.alibaba.nacos.common.remote.client   : [3011da57-6ed1-47df-b8fc-399c53803a06] Success to connect a server [192.168.150.101:8848], connectionId = 1777903831830_192.168.150.1_50559
23:59:01:291  INFO 27656 --- [com.alibaba.nacos.client.remote.worker] com.alibaba.nacos.common.remote.client   : [3011da57-6ed1-47df-b8fc-399c53803a06] Abandon prev connection, server is 192.168.150.101:8848, connectionId is 1777903642601_192.168.150.1_55212
23:59:01:291  INFO 27656 --- [com.alibaba.nacos.client.remote.worker] com.alibaba.nacos.common.remote.client   : Close current connection 1777903642601_192.168.150.1_55212
23:59:01:292  INFO 27656 --- [com.alibaba.nacos.client.remote.worker] com.alibaba.nacos.common.remote.client   : [3011da57-6ed1-47df-b8fc-399c53803a06] Notify disconnected event to listeners
23:59:01:293  WARN 27656 --- [nacos-grpc-client-executor-15280] c.a.n.c.remote.client.grpc.GrpcClient    : [1777903642601_192.168.150.1_55212]Ignore error event,isRunning:true,isAbandon=true
23:59:01:293  INFO 27656 --- [com.alibaba.nacos.client.remote.worker] com.alibaba.nacos.common.remote.client   : [3011da57-6ed1-47df-b8fc-399c53803a06] Notify connected event to listeners.
23:59:01:642  INFO 29476 --- [com.alibaba.nacos.client.remote.worker] com.alibaba.nacos.common.remote.client   : [a980ffb0-7022-4e04-88ee-d20b8f2919c8] Success to connect a server [192.168.150.101:8848], connectionId = 1777903832210_192.168.150.1_50562
23:59:01:643  INFO 29476 --- [com.alibaba.nacos.client.remote.worker] com.alibaba.nacos.common.remote.client   : [a980ffb0-7022-4e04-88ee-d20b8f2919c8] Abandon prev connection, server is 192.168.150.101:8848, connectionId is 1777903643405_192.168.150.1_55218
23:59:01:643  INFO 29476 --- [com.alibaba.nacos.client.remote.worker] com.alibaba.nacos.common.remote.client   : Close current connection 1777903643405_192.168.150.1_55218
23:59:01:643  INFO 29476 --- [com.alibaba.nacos.client.remote.worker] com.alibaba.nacos.common.remote.client   : [a980ffb0-7022-4e04-88ee-d20b8f2919c8] Notify disconnected event to listeners
23:59:01:644  INFO 29476 --- [com.alibaba.nacos.client.remote.worker] com.alibaba.nacos.common.remote.client   : [a980ffb0-7022-4e04-88ee-d20b8f2919c8] Notify connected event to listeners.
23:59:01:644  WARN 29476 --- [nacos-grpc-client-executor-15257] c.a.n.c.remote.client.grpc.GrpcClient    : [1777903643405_192.168.150.1_55218]Ignore error event,isRunning:true,isAbandon=true
23:59:02:504  INFO 29476 --- [nacos-grpc-client-executor-15260] com.alibaba.nacos.common.remote.client   : [a980ffb0-7022-4e04-88ee-d20b8f2919c8] Receive server push request, request = NotifySubscriberRequest, requestId = 268
23:59:02:504  INFO 27656 --- [nacos-grpc-client-executor-15283] com.alibaba.nacos.common.remote.client   : [3011da57-6ed1-47df-b8fc-399c53803a06] Receive server push request, request = NotifySubscriberRequest, requestId = 267
23:59:02:504  INFO 29476 --- [nacos-grpc-client-executor-15260] com.alibaba.nacos.common.remote.client   : [a980ffb0-7022-4e04-88ee-d20b8f2919c8] Ack server push request, request = NotifySubscriberRequest, requestId = 268
23:59:02:505  INFO 27656 --- [nacos-grpc-client-executor-15283] com.alibaba.nacos.common.remote.client   : [3011da57-6ed1-47df-b8fc-399c53803a06] Ack server push request, request = NotifySubscriberRequest, requestId = 267
10:10:03:189 ERROR 29476 --- [nacos-grpc-client-executor-17805] c.a.n.c.remote.client.grpc.GrpcClient    : [1777903832210_192.168.150.1_50562]Request stream error, switch server,error={}

com.alibaba.nacos.shaded.io.grpc.StatusRuntimeException: UNAVAILABLE: io exception
	at com.alibaba.nacos.shaded.io.grpc.Status.asRuntimeException(Status.java:533) ~[nacos-client-2.0.4.jar:na]
	at com.alibaba.nacos.shaded.io.grpc.stub.ClientCalls$StreamObserverToCallListenerAdapter.onClose(ClientCalls.java:442) ~[nacos-client-2.0.4.jar:na]
	at com.alibaba.nacos.shaded.io.grpc.PartialForwardingClientCallListener.onClose(PartialForwardingClientCallListener.java:39) ~[nacos-client-2.0.4.jar:na]
	at com.alibaba.nacos.shaded.io.grpc.ForwardingClientCallListener.onClose(ForwardingClientCallListener.java:23) ~[nacos-client-2.0.4.jar:na]
	at com.alibaba.nacos.shaded.io.grpc.ForwardingClientCallListener$SimpleForwardingClientCallListener.onClose(ForwardingClientCallListener.java:40) ~[nacos-client-2.0.4.jar:na]
	at com.alibaba.nacos.shaded.io.grpc.internal.CensusStatsModule$StatsClientInterceptor$1$1.onClose(CensusStatsModule.java:700) ~[nacos-client-2.0.4.jar:na]
	at com.alibaba.nacos.shaded.io.grpc.PartialForwardingClientCallListener.onClose(PartialForwardingClientCallListener.java:39) ~[nacos-client-2.0.4.jar:na]
	at com.alibaba.nacos.shaded.io.grpc.ForwardingClientCallListener.onClose(ForwardingClientCallListener.java:23) ~[nacos-client-2.0.4.jar:na]
	at com.alibaba.nacos.shaded.io.grpc.ForwardingClientCallListener$SimpleForwardingClientCallListener.onClose(ForwardingClientCallListener.java:40) ~[nacos-client-2.0.4.jar:na]
	at com.alibaba.nacos.shaded.io.grpc.internal.CensusTracingModule$TracingClientInterceptor$1$1.onClose(CensusTracingModule.java:399) ~[nacos-client-2.0.4.jar:na]
	at com.alibaba.nacos.shaded.io.grpc.internal.ClientCallImpl.closeObserver(ClientCallImpl.java:510) ~[nacos-client-2.0.4.jar:na]
	at com.alibaba.nacos.shaded.io.grpc.internal.ClientCallImpl.access$300(ClientCallImpl.java:66) ~[nacos-client-2.0.4.jar:na]
	at com.alibaba.nacos.shaded.io.grpc.internal.ClientCallImpl$ClientStreamListenerImpl.close(ClientCallImpl.java:630) ~[nacos-client-2.0.4.jar:na]
	at com.alibaba.nacos.shaded.io.grpc.internal.ClientCallImpl$ClientStreamListenerImpl.access$700(ClientCallImpl.java:518) ~[nacos-client-2.0.4.jar:na]
	at com.alibaba.nacos.shaded.io.grpc.internal.ClientCallImpl$ClientStreamListenerImpl$1StreamClosed.runInternal(ClientCallImpl.java:692) ~[nacos-client-2.0.4.jar:na]
	at com.alibaba.nacos.shaded.io.grpc.internal.ClientCallImpl$ClientStreamListenerImpl$1StreamClosed.runInContext(ClientCallImpl.java:681) ~[nacos-client-2.0.4.jar:na]
	at com.alibaba.nacos.shaded.io.grpc.internal.ContextRunnable.run(ContextRunnable.java:37) ~[nacos-client-2.0.4.jar:na]
	at com.alibaba.nacos.shaded.io.grpc.internal.SerializingExecutor.run(SerializingExecutor.java:123) ~[nacos-client-2.0.4.jar:na]
	at java.base/java.util.concurrent.ThreadPoolExecutor.runWorker(ThreadPoolExecutor.java:1128) ~[na:na]
	at java.base/java.util.concurrent.ThreadPoolExecutor$Worker.run(ThreadPoolExecutor.java:628) ~[na:na]
	at java.base/java.lang.Thread.run(Thread.java:834) ~[na:na]
Caused by: java.io.IOException: 远程主机强迫关闭了一个现有的连接。
	at java.base/sun.nio.ch.SocketDispatcher.read0(Native Method) ~[na:na]
	at java.base/sun.nio.ch.SocketDispatcher.read(SocketDispatcher.java:43) ~[na:na]
	at java.base/sun.nio.ch.IOUtil.readIntoNativeBuffer(IOUtil.java:276) ~[na:na]
	at java.base/sun.nio.ch.IOUtil.read(IOUtil.java:233) ~[na:na]
	at java.base/sun.nio.ch.IOUtil.read(IOUtil.java:223) ~[na:na]
	at java.base/sun.nio.ch.SocketChannelImpl.read(SocketChannelImpl.java:358) ~[na:na]
	at com.alibaba.nacos.shaded.io.grpc.netty.shaded.io.netty.buffer.PooledByteBuf.setBytes(PooledByteBuf.java:247) ~[nacos-client-2.0.4.jar:na]
	at com.alibaba.nacos.shaded.io.grpc.netty.shaded.io.netty.buffer.AbstractByteBuf.writeBytes(AbstractByteBuf.java:1140) ~[nacos-client-2.0.4.jar:na]
	at com.alibaba.nacos.shaded.io.grpc.netty.shaded.io.netty.channel.socket.nio.NioSocketChannel.doReadBytes(NioSocketChannel.java:347) ~[nacos-client-2.0.4.jar:na]
	at com.alibaba.nacos.shaded.io.grpc.netty.shaded.io.netty.channel.nio.AbstractNioByteChannel$NioByteUnsafe.read(AbstractNioByteChannel.java:148) ~[nacos-client-2.0.4.jar:na]
	at com.alibaba.nacos.shaded.io.grpc.netty.shaded.io.netty.channel.nio.NioEventLoop.processSelectedKey(NioEventLoop.java:697) ~[nacos-client-2.0.4.jar:na]
	at com.alibaba.nacos.shaded.io.grpc.netty.shaded.io.netty.channel.nio.NioEventLoop.processSelectedKeysOptimized(NioEventLoop.java:632) ~[nacos-client-2.0.4.jar:na]
	at com.alibaba.nacos.shaded.io.grpc.netty.shaded.io.netty.channel.nio.NioEventLoop.processSelectedKeys(NioEventLoop.java:549) ~[nacos-client-2.0.4.jar:na]
	at com.alibaba.nacos.shaded.io.grpc.netty.shaded.io.netty.channel.nio.NioEventLoop.run(NioEventLoop.java:511) ~[nacos-client-2.0.4.jar:na]
	at com.alibaba.nacos.shaded.io.grpc.netty.shaded.io.netty.util.concurrent.SingleThreadEventExecutor$5.run(SingleThreadEventExecutor.java:918) ~[nacos-client-2.0.4.jar:na]
	at com.alibaba.nacos.shaded.io.grpc.netty.shaded.io.netty.util.internal.ThreadExecutorMap$2.run(ThreadExecutorMap.java:74) ~[nacos-client-2.0.4.jar:na]
	at com.alibaba.nacos.shaded.io.grpc.netty.shaded.io.netty.util.concurrent.FastThreadLocalRunnable.run(FastThreadLocalRunnable.java:30) ~[nacos-client-2.0.4.jar:na]
	... 1 common frames omitted

10:10:03:209  INFO 29476 --- [com.alibaba.nacos.client.remote.worker] com.alibaba.nacos.common.remote.client   : [a980ffb0-7022-4e04-88ee-d20b8f2919c8] Try to reconnect to a new server, server is  not appointed, will choose a random server.
10:10:03:276 ERROR 27656 --- [nacos-grpc-client-executor-17823] c.a.n.c.remote.client.grpc.GrpcClient    : [1777903831830_192.168.150.1_50559]Request stream error, switch server,error={}

com.alibaba.nacos.shaded.io.grpc.StatusRuntimeException: UNAVAILABLE: io exception
	at com.alibaba.nacos.shaded.io.grpc.Status.asRuntimeException(Status.java:533) ~[nacos-client-2.0.4.jar:na]
	at com.alibaba.nacos.shaded.io.grpc.stub.ClientCalls$StreamObserverToCallListenerAdapter.onClose(ClientCalls.java:442) ~[nacos-client-2.0.4.jar:na]
	at com.alibaba.nacos.shaded.io.grpc.PartialForwardingClientCallListener.onClose(PartialForwardingClientCallListener.java:39) ~[nacos-client-2.0.4.jar:na]
	at com.alibaba.nacos.shaded.io.grpc.ForwardingClientCallListener.onClose(ForwardingClientCallListener.java:23) ~[nacos-client-2.0.4.jar:na]
	at com.alibaba.nacos.shaded.io.grpc.ForwardingClientCallListener$SimpleForwardingClientCallListener.onClose(ForwardingClientCallListener.java:40) ~[nacos-client-2.0.4.jar:na]
	at com.alibaba.nacos.shaded.io.grpc.internal.CensusStatsModule$StatsClientInterceptor$1$1.onClose(CensusStatsModule.java:700) ~[nacos-client-2.0.4.jar:na]
	at com.alibaba.nacos.shaded.io.grpc.PartialForwardingClientCallListener.onClose(PartialForwardingClientCallListener.java:39) ~[nacos-client-2.0.4.jar:na]
	at com.alibaba.nacos.shaded.io.grpc.ForwardingClientCallListener.onClose(ForwardingClientCallListener.java:23) ~[nacos-client-2.0.4.jar:na]
	at com.alibaba.nacos.shaded.io.grpc.ForwardingClientCallListener$SimpleForwardingClientCallListener.onClose(ForwardingClientCallListener.java:40) ~[nacos-client-2.0.4.jar:na]
	at com.alibaba.nacos.shaded.io.grpc.internal.CensusTracingModule$TracingClientInterceptor$1$1.onClose(CensusTracingModule.java:399) ~[nacos-client-2.0.4.jar:na]
	at com.alibaba.nacos.shaded.io.grpc.internal.ClientCallImpl.closeObserver(ClientCallImpl.java:510) ~[nacos-client-2.0.4.jar:na]
	at com.alibaba.nacos.shaded.io.grpc.internal.ClientCallImpl.access$300(ClientCallImpl.java:66) ~[nacos-client-2.0.4.jar:na]
	at com.alibaba.nacos.shaded.io.grpc.internal.ClientCallImpl$ClientStreamListenerImpl.close(ClientCallImpl.java:630) ~[nacos-client-2.0.4.jar:na]
	at com.alibaba.nacos.shaded.io.grpc.internal.ClientCallImpl$ClientStreamListenerImpl.access$700(ClientCallImpl.java:518) ~[nacos-client-2.0.4.jar:na]
	at com.alibaba.nacos.shaded.io.grpc.internal.ClientCallImpl$ClientStreamListenerImpl$1StreamClosed.runInternal(ClientCallImpl.java:692) ~[nacos-client-2.0.4.jar:na]
	at com.alibaba.nacos.shaded.io.grpc.internal.ClientCallImpl$ClientStreamListenerImpl$1StreamClosed.runInContext(ClientCallImpl.java:681) ~[nacos-client-2.0.4.jar:na]
	at com.alibaba.nacos.shaded.io.grpc.internal.ContextRunnable.run(ContextRunnable.java:37) ~[nacos-client-2.0.4.jar:na]
	at com.alibaba.nacos.shaded.io.grpc.internal.SerializingExecutor.run(SerializingExecutor.java:123) ~[nacos-client-2.0.4.jar:na]
	at java.base/java.util.concurrent.ThreadPoolExecutor.runWorker(ThreadPoolExecutor.java:1128) ~[na:na]
	at java.base/java.util.concurrent.ThreadPoolExecutor$Worker.run(ThreadPoolExecutor.java:628) ~[na:na]
	at java.base/java.lang.Thread.run(Thread.java:834) ~[na:na]
Caused by: java.io.IOException: 远程主机强迫关闭了一个现有的连接。
	at java.base/sun.nio.ch.SocketDispatcher.read0(Native Method) ~[na:na]
	at java.base/sun.nio.ch.SocketDispatcher.read(SocketDispatcher.java:43) ~[na:na]
	at java.base/sun.nio.ch.IOUtil.readIntoNativeBuffer(IOUtil.java:276) ~[na:na]
	at java.base/sun.nio.ch.IOUtil.read(IOUtil.java:233) ~[na:na]
	at java.base/sun.nio.ch.IOUtil.read(IOUtil.java:223) ~[na:na]
	at java.base/sun.nio.ch.SocketChannelImpl.read(SocketChannelImpl.java:358) ~[na:na]
	at com.alibaba.nacos.shaded.io.grpc.netty.shaded.io.netty.buffer.PooledByteBuf.setBytes(PooledByteBuf.java:247) ~[nacos-client-2.0.4.jar:na]
	at com.alibaba.nacos.shaded.io.grpc.netty.shaded.io.netty.buffer.AbstractByteBuf.writeBytes(AbstractByteBuf.java:1140) ~[nacos-client-2.0.4.jar:na]
	at com.alibaba.nacos.shaded.io.grpc.netty.shaded.io.netty.channel.socket.nio.NioSocketChannel.doReadBytes(NioSocketChannel.java:347) ~[nacos-client-2.0.4.jar:na]
	at com.alibaba.nacos.shaded.io.grpc.netty.shaded.io.netty.channel.nio.AbstractNioByteChannel$NioByteUnsafe.read(AbstractNioByteChannel.java:148) ~[nacos-client-2.0.4.jar:na]
	at com.alibaba.nacos.shaded.io.grpc.netty.shaded.io.netty.channel.nio.NioEventLoop.processSelectedKey(NioEventLoop.java:697) ~[nacos-client-2.0.4.jar:na]
	at com.alibaba.nacos.shaded.io.grpc.netty.shaded.io.netty.channel.nio.NioEventLoop.processSelectedKeysOptimized(NioEventLoop.java:632) ~[nacos-client-2.0.4.jar:na]
	at com.alibaba.nacos.shaded.io.grpc.netty.shaded.io.netty.channel.nio.NioEventLoop.processSelectedKeys(NioEventLoop.java:549) ~[nacos-client-2.0.4.jar:na]
	at com.alibaba.nacos.shaded.io.grpc.netty.shaded.io.netty.channel.nio.NioEventLoop.run(NioEventLoop.java:511) ~[nacos-client-2.0.4.jar:na]
	at com.alibaba.nacos.shaded.io.grpc.netty.shaded.io.netty.util.concurrent.SingleThreadEventExecutor$5.run(SingleThreadEventExecutor.java:918) ~[nacos-client-2.0.4.jar:na]
	at com.alibaba.nacos.shaded.io.grpc.netty.shaded.io.netty.util.internal.ThreadExecutorMap$2.run(ThreadExecutorMap.java:74) ~[nacos-client-2.0.4.jar:na]
	at com.alibaba.nacos.shaded.io.grpc.netty.shaded.io.netty.util.concurrent.FastThreadLocalRunnable.run(FastThreadLocalRunnable.java:30) ~[nacos-client-2.0.4.jar:na]
	... 1 common frames omitted

10:10:03:312  INFO 27656 --- [com.alibaba.nacos.client.remote.worker] com.alibaba.nacos.common.remote.client   : [3011da57-6ed1-47df-b8fc-399c53803a06] Try to reconnect to a new server, server is  not appointed, will choose a random server.
10:10:03:853  INFO 27656 --- [com.alibaba.nacos.client.remote.worker] com.alibaba.nacos.common.remote.client   : [3011da57-6ed1-47df-b8fc-399c53803a06] Success to connect a server [192.168.150.101:8848], connectionId = 1777917507456_192.168.150.1_64701
10:10:03:853  INFO 27656 --- [com.alibaba.nacos.client.remote.worker] com.alibaba.nacos.common.remote.client   : [3011da57-6ed1-47df-b8fc-399c53803a06] Abandon prev connection, server is 192.168.150.101:8848, connectionId is 1777903831830_192.168.150.1_50559
10:10:03:853  INFO 27656 --- [com.alibaba.nacos.client.remote.worker] com.alibaba.nacos.common.remote.client   : Close current connection 1777903831830_192.168.150.1_50559
10:10:03:855  INFO 27656 --- [com.alibaba.nacos.client.remote.worker] com.alibaba.nacos.common.remote.client   : [3011da57-6ed1-47df-b8fc-399c53803a06] Notify disconnected event to listeners
10:10:03:859  INFO 27656 --- [com.alibaba.nacos.client.remote.worker] com.alibaba.nacos.common.remote.client   : [3011da57-6ed1-47df-b8fc-399c53803a06] Notify connected event to listeners.
10:10:03:969  INFO 29476 --- [com.alibaba.nacos.client.remote.worker] com.alibaba.nacos.common.remote.client   : [a980ffb0-7022-4e04-88ee-d20b8f2919c8] Success to connect a server [192.168.150.101:8848], connectionId = 1777917507458_192.168.150.1_54106
10:10:03:971  INFO 29476 --- [com.alibaba.nacos.client.remote.worker] com.alibaba.nacos.common.remote.client   : [a980ffb0-7022-4e04-88ee-d20b8f2919c8] Abandon prev connection, server is 192.168.150.101:8848, connectionId is 1777903832210_192.168.150.1_50562
10:10:03:971  INFO 29476 --- [com.alibaba.nacos.client.remote.worker] com.alibaba.nacos.common.remote.client   : Close current connection 1777903832210_192.168.150.1_50562
10:10:03:976  INFO 29476 --- [com.alibaba.nacos.client.remote.worker] com.alibaba.nacos.common.remote.client   : [a980ffb0-7022-4e04-88ee-d20b8f2919c8] Notify disconnected event to listeners
10:10:03:978  INFO 29476 --- [com.alibaba.nacos.client.remote.worker] com.alibaba.nacos.common.remote.client   : [a980ffb0-7022-4e04-88ee-d20b8f2919c8] Notify connected event to listeners.
10:10:04:830  INFO 29476 --- [nacos-grpc-client-executor-17811] com.alibaba.nacos.common.remote.client   : [a980ffb0-7022-4e04-88ee-d20b8f2919c8] Receive server push request, request = NotifySubscriberRequest, requestId = 280
10:10:04:840  INFO 29476 --- [nacos-grpc-client-executor-17811] com.alibaba.nacos.common.remote.client   : [a980ffb0-7022-4e04-88ee-d20b8f2919c8] Ack server push request, request = NotifySubscriberRequest, requestId = 280
10:10:04:956  INFO 27656 --- [nacos-grpc-client-executor-17829] com.alibaba.nacos.common.remote.client   : [3011da57-6ed1-47df-b8fc-399c53803a06] Receive server push request, request = NotifySubscriberRequest, requestId = 275
10:10:04:956  INFO 27656 --- [nacos-grpc-client-executor-17829] com.alibaba.nacos.common.remote.client   : [3011da57-6ed1-47df-b8fc-399c53803a06] Ack server push request, request = NotifySubscriberRequest, requestId = 275
10:10:07:484  WARN 27656 --- [HikariPool-1 housekeeper] com.zaxxer.hikari.pool.HikariPool        : HikariPool-1 - Thread starvation or clock leap detected (housekeeper delta=6h41m8s556ms415µs100ns).
10:10:16:577  WARN 29476 --- [HikariPool-1 housekeeper] com.zaxxer.hikari.pool.HikariPool        : HikariPool-1 - Thread starvation or clock leap detected (housekeeper delta=6h41m8s554ms873µs800ns).
10:10:24:411  INFO 27656 --- [nacos-grpc-client-executor-17833] com.alibaba.nacos.common.remote.client   : [3011da57-6ed1-47df-b8fc-399c53803a06] Receive server push request, request = NotifySubscriberRequest, requestId = 302
10:10:24:411  INFO 29476 --- [nacos-grpc-client-executor-17815] com.alibaba.nacos.common.remote.client   : [a980ffb0-7022-4e04-88ee-d20b8f2919c8] Receive server push request, request = NotifySubscriberRequest, requestId = 306
10:10:24:413  INFO 29476 --- [nacos-grpc-client-executor-17815] com.alibaba.nacos.common.remote.client   : [a980ffb0-7022-4e04-88ee-d20b8f2919c8] Ack server push request, request = NotifySubscriberRequest, requestId = 306
10:10:24:413  INFO 27656 --- [nacos-grpc-client-executor-17833] com.alibaba.nacos.common.remote.client   : [3011da57-6ed1-47df-b8fc-399c53803a06] Ack server push request, request = NotifySubscriberRequest, requestId = 302
15:09:49:950  WARN 29476 --- [HikariPool-1 housekeeper] com.zaxxer.hikari.pool.HikariPool        : HikariPool-1 - Thread starvation or clock leap detected (housekeeper delta=2h58m33s342ms494µs700ns).
15:10:10:875  WARN 27656 --- [HikariPool-1 housekeeper] com.zaxxer.hikari.pool.HikariPool        : HikariPool-1 - Thread starvation or clock leap detected (housekeeper delta=2h58m33s341ms943µs200ns).
15:36:42:824  WARN 27656 --- [HikariPool-1 housekeeper] com.zaxxer.hikari.pool.HikariPool        : HikariPool-1 - Thread starvation or clock leap detected (housekeeper delta=26m1s945ms171µs).
15:36:51:903  WARN 29476 --- [HikariPool-1 housekeeper] com.zaxxer.hikari.pool.HikariPool        : HikariPool-1 - Thread starvation or clock leap detected (housekeeper delta=26m1s946ms532µs500ns).
